utc,bench,tag,metric,unit,units,map,teams,vision,bvision,large,slice,cell,samples,mean,p50,p95,p99,max,cpu,gpu,debugBuild
2026-10-08T04:09:20.1684550Z,bandwidth,bw-plan-m512-t8-v8-r1,bw.snapshot.bytes,KB,80000,512,8,8,10,10,4,5,8,397.208,401.281,403.532,403.532,403.532,"AMD Ryzen 5 5600GT with Radeon Graphics","Null Device",False
2026-10-08T04:09:20.1768670Z,bandwidth,bw-plan-m512-t8-v8-r1,bw.snapshot.wire,KB,80000,512,8,8,10,10,4,5,8,414.873,419.137,421.464,421.464,421.464,"AMD Ryzen 5 5600GT with Radeon Graphics","Null Device",False
2026-10-08T04:09:20.1773330Z,bandwidth,bw-plan-m512-t8-v8-r1,bw.snapshot.units,units,80000,512,8,8,10,10,4,5,8,20000,20000,20000,20000,20000,"AMD Ryzen 5 5600GT with Radeon Graphics","Null Device",False
2026-10-08T04:09:20.1777730Z,bandwidth,bw-plan-m512-t8-v8-r1,bw.snapshot.seconds,s,80000,512,8,8,10,10,4,5,8,1.621,1.637,1.646,1.646,1.646,"AMD Ryzen 5 5600GT with Radeon Graphics","Null Device",False
2026-10-08T04:09:59.7393370Z,bandwidth,bw-plan-m512-t8-v8-r1,bw.avg,KB/s,80000,512,8,8,10,10,4,5,8,652.968,657.2,680.697,683.586,684.308,"AMD Ryzen 5 5600GT with Radeon Graphics","Null Device",False
2026-10-08T04:09:59.7398940Z,bandwidth,bw-plan-m512-t8-v8-r1,bw.peak1s,KB/s,80000,512,8,8,10,10,4,5,8,1048.905,1048.225,1070.169,1072.196,1072.703,"AMD Ryzen 5 5600GT with Radeon Graphics","Null Device",False
2026-10-08T04:09:59.7403920Z,bandwidth,bw-plan-m512-t8-v8-r1,bw.wire.avg,KB/s,80000,512,8,8,10,10,4,5,8,709.288,714.221,739.152,742.39,743.199,"AMD Ryzen 5 5600GT with Radeon Graphics","Null Device",False
2026-10-08T04:09:59.7408420Z,bandwidth,bw-plan-m512-t8-v8-r1,bw.wire.peak1s,KB/s,80000,512,8,8,10,10,4,5,8,1135.209,1134.624,1157.694,1159.791,1160.315,"AMD Ryzen 5 5600GT with Radeon Graphics","Null Device",False
2026-10-08T04:09:59.7413140Z,bandwidth,bw-plan-m512-t8-v8-r1,bw.encode.ms,ms,80000,512,8,8,10,10,4,5,1200,2.677,2.67,3.582,4.606,6.274,"AMD Ryzen 5 5600GT with Radeon Graphics","Null Device",False
2026-10-08T04:09:59.7422950Z,bandwidth,bw-plan-m512-t8-v8-r1,bw.interest.ms,ms,80000,512,8,8,10,10,4,5,1200,4.891,4.83,5.417,5.812,8.324,"AMD Ryzen 5 5600GT with Radeon Graphics","Null Device",False
2026-10-08T04:09:59.7432670Z,bandwidth,bw-plan-m512-t8-v8-r1,bw.routes.ms,ms,80000,512,8,8,10,10,4,5,1200,1.435,0.954,1.424,22.957,51.831,"AMD Ryzen 5 5600GT with Radeon Graphics","Null Device",False
2026-10-08T04:09:59.7441960Z,bandwidth,bw-plan-m512-t8-v8-r1,bw.routes.deferred,units,80000,512,8,8,10,10,4,5,1200,0,0,0,0,0,"AMD Ryzen 5 5600GT with Radeon Graphics","Null Device",False
2026-10-08T04:09:59.7464550Z,bandwidth,bw-plan-m512-t8-v8-r1,bw.bytype.moveorder,share,80000,512,8,8,10,10,4,5,8,0.028,0.028,0.033,0.034,0.034,"AMD Ryzen 5 5600GT with Radeon Graphics","Null Device",False
2026-10-08T04:09:59.7470280Z,bandwidth,bw-plan-m512-t8-v8-r1,bw.moveorder,count,80000,512,8,8,10,10,4,5,8,25839.75,25710.5,26645.85,26833.17,26880,"AMD Ryzen 5 5600GT with Radeon Graphics","Null Device",False
2026-10-08T04:09:59.7475660Z,bandwidth,bw-plan-m512-t8-v8-r1,bw.bytype.correction,share,80000,512,8,8,10,10,4,5,8,0.875,0.877,0.904,0.908,0.909,"AMD Ryzen 5 5600GT with Radeon Graphics","Null Device",False
2026-10-08T04:09:59.7480330Z,bandwidth,bw-plan-m512-t8-v8-r1,bw.correction,count,80000,512,8,8,10,10,4,5,8,5858313.375,5945304.5,6095890.55,6124217.31,6131299,"AMD Ryzen 5 5600GT with Radeon Graphics","Null Device",False
2026-10-08T04:09:59.7485310Z,bandwidth,bw-plan-m512-t8-v8-r1,bw.bytype.health,share,80000,512,8,8,10,10,4,5,8,0.008,0.008,0.009,0.009,0.009,"AMD Ryzen 5 5600GT with Radeon Graphics","Null Device",False
2026-10-08T04:09:59.7489660Z,bandwidth,bw-plan-m512-t8-v8-r1,bw.health,count,80000,512,8,8,10,10,4,5,8,154873.75,154123,165548.15,165584.83,165594,"AMD Ryzen 5 5600GT with Radeon Graphics","Null Device",False
2026-10-08T04:09:59.7494140Z,bandwidth,bw-plan-m512-t8-v8-r1,bw.bytype.enter,share,80000,512,8,8,10,10,4,5,8,0.08,0.076,0.118,0.128,0.13,"AMD Ryzen 5 5600GT with Radeon Graphics","Null Device",False
2026-10-08T04:09:59.7498550Z,bandwidth,bw-plan-m512-t8-v8-r1,bw.enter,count,80000,512,8,8,10,10,4,5,8,77559.875,73264,105148.25,113975.25,116182,"AMD Ryzen 5 5600GT with Radeon Graphics","Null Device",False
2026-10-08T04:09:59.7503200Z,bandwidth,bw-plan-m512-t8-v8-r1,bw.bytype.leave,share,80000,512,8,8,10,10,4,5,8,0.004,0.004,0.006,0.007,0.007,"AMD Ryzen 5 5600GT with Radeon Graphics","Null Device",False
2026-10-08T04:09:59.7507540Z,bandwidth,bw-plan-m512-t8-v8-r1,bw.leave,count,80000,512,8,8,10,10,4,5,8,65540.5,60896,93141.35,102241.07,104516,"AMD Ryzen 5 5600GT with Radeon Graphics","Null Device",False
2026-10-08T04:09:59.7511930Z,bandwidth,bw-plan-m512-t8-v8-r1,bw.bytype.explosion,share,80000,512,8,8,10,10,4,5,8,0.002,0.002,0.003,0.003,0.003,"AMD Ryzen 5 5600GT with Radeon Graphics","Null Device",False
2026-10-08T04:09:59.7516270Z,bandwidth,bw-plan-m512-t8-v8-r1,bw.explosion,count,80000,512,8,8,10,10,4,5,8,23823.5,23535.5,25396.25,25408.85,25412,"AMD Ryzen 5 5600GT with Radeon Graphics","Null Device",False
2026-10-08T04:09:59.7520580Z,bandwidth,bw-plan-m512-t8-v8-r1,bw.bytype.fogdelta,share,80000,512,8,8,10,10,4,5,8,0.001,0.001,0.002,0.002,0.002,"AMD Ryzen 5 5600GT with Radeon Graphics","Null Device",False
2026-10-08T04:09:59.7524960Z,bandwidth,bw-plan-m512-t8-v8-r1,bw.fogdelta,count,80000,512,8,8,10,10,4,5,8,36779.375,33971.5,58635.6,66661.52,68668,"AMD Ryzen 5 5600GT with Radeon Graphics","Null Device",False
2026-10-08T04:09:59.7529370Z,bandwidth,bw-plan-m512-t8-v8-r1,bw.waypoints,waypoints,80000,512,8,8,10,10,4,5,1,14.076,14.076,14.076,14.076,14.076,"AMD Ryzen 5 5600GT with Radeon Graphics","Null Device",False
2026-10-08T04:09:59.7533800Z,bandwidth,bw-plan-m512-t8-v8-r1,bw.waypoints.smoothed,waypoints,80000,512,8,8,10,10,4,5,1,2.5,2.5,2.5,2.5,2.5,"AMD Ryzen 5 5600GT with Radeon Graphics","Null Device",False
2026-10-08T04:09:59.7538410Z,bandwidth,bw-plan-m512-t8-v8-r1,bw.waypoints.saved,share,80000,512,8,8,10,10,4,5,1,0.822,0.822,0.822,0.822,0.822,"AMD Ryzen 5 5600GT with Radeon Graphics","Null Device",False
2026-10-08T04:09:59.7565380Z,bandwidth,bw-plan-m512-t8-v8-r1,bw.units,units,80000,512,8,8,10,10,4,5,1,79964,79964,79964,79964,79964,"AMD Ryzen 5 5600GT with Radeon Graphics","Null Device",False
2026-10-08T04:09:59.7610630Z,bandwidth,bw-plan-m512-t8-v8-r1,bw.units.engaged,share,80000,512,8,8,10,10,4,5,1,0.077,0.077,0.077,0.077,0.077,"AMD Ryzen 5 5600GT with Radeon Graphics","Null Device",False
2026-10-08T04:09:59.7616290Z,bandwidth,bw-plan-m512-t8-v8-r1,bw.units.ordered,share,80000,512,8,8,10,10,4,5,1,0.971,0.971,0.971,0.971,0.971,"AMD Ryzen 5 5600GT with Radeon Graphics","Null Device",False
2026-10-08T04:09:59.7622730Z,bandwidth,bw-plan-m512-t8-v8-r1,bw.allowed,units,80000,512,8,8,10,10,4,5,1,12736,12736,12736,12736,12736,"AMD Ryzen 5 5600GT with Radeon Graphics","Null Device",False
2026-10-08T04:09:59.7627350Z,bandwidth,bw-plan-m512-t8-v8-r1,bw.corrections.perunit,corrections,80000,512,8,8,10,10,4,5,1,0.387,0.387,0.387,0.387,0.387,"AMD Ryzen 5 5600GT with Radeon Graphics","Null Device",False
2026-10-08T04:09:59.7637790Z,bandwidth,bw-plan-m512-t8-v8-r1,bw.error.all.mean,tiles,80000,512,8,8,10,10,4,5,1,0.041,0.041,0.041,0.041,0.041,"AMD Ryzen 5 5600GT with Radeon Graphics","Null Device",False
2026-10-08T04:09:59.7643150Z,bandwidth,bw-plan-m512-t8-v8-r1,bw.error.all.p50,tiles,80000,512,8,8,10,10,4,5,1,0.031,0.031,0.031,0.031,0.031,"AMD Ryzen 5 5600GT with Radeon Graphics","Null Device",False
2026-10-08T04:09:59.7647630Z,bandwidth,bw-plan-m512-t8-v8-r1,bw.error.all.p95,tiles,80000,512,8,8,10,10,4,5,1,0.188,0.188,0.188,0.188,0.188,"AMD Ryzen 5 5600GT with Radeon Graphics","Null Device",False
2026-10-08T04:09:59.7652110Z,bandwidth,bw-plan-m512-t8-v8-r1,bw.error.all.p99,tiles,80000,512,8,8,10,10,4,5,1,0.25,0.25,0.25,0.25,0.25,"AMD Ryzen 5 5600GT with Radeon Graphics","Null Device",False
2026-10-08T04:09:59.7657020Z,bandwidth,bw-plan-m512-t8-v8-r1,bw.error.view.mean,tiles,80000,512,8,8,10,10,4,5,1,0.041,0.041,0.041,0.041,0.041,"AMD Ryzen 5 5600GT with Radeon Graphics","Null Device",False
2026-10-08T04:09:59.7661350Z,bandwidth,bw-plan-m512-t8-v8-r1,bw.error.view.p50,tiles,80000,512,8,8,10,10,4,5,1,0.031,0.031,0.031,0.031,0.031,"AMD Ryzen 5 5600GT with Radeon Graphics","Null Device",False
2026-10-08T04:09:59.7665720Z,bandwidth,bw-plan-m512-t8-v8-r1,bw.error.view.p95,tiles,80000,512,8,8,10,10,4,5,1,0.188,0.188,0.188,0.188,0.188,"AMD Ryzen 5 5600GT with Radeon Graphics","Null Device",False
2026-10-08T04:09:59.7670210Z,bandwidth,bw-plan-m512-t8-v8-r1,bw.error.view.p99,tiles,80000,512,8,8,10,10,4,5,1,0.25,0.25,0.25,0.25,0.25,"AMD Ryzen 5 5600GT with Radeon Graphics","Null Device",False
2026-10-08T04:09:59.7675150Z,bandwidth,bw-plan-m512-t8-v8-r1,bw.error.raw.mean,tiles,80000,512,8,8,10,10,4,5,1,0.719,0.719,0.719,0.719,0.719,"AMD Ryzen 5 5600GT with Radeon Graphics","Null Device",False
2026-10-08T04:09:59.7679410Z,bandwidth,bw-plan-m512-t8-v8-r1,bw.error.raw.p50,tiles,80000,512,8,8,10,10,4,5,1,0.563,0.563,0.563,0.563,0.563,"AMD Ryzen 5 5600GT with Radeon Graphics","Null Device",False
2026-10-08T04:09:59.7683880Z,bandwidth,bw-plan-m512-t8-v8-r1,bw.error.raw.p95,tiles,80000,512,8,8,10,10,4,5,1,1.266,1.266,1.266,1.266,1.266,"AMD Ryzen 5 5600GT with Radeon Graphics","Null Device",False
2026-10-08T04:09:59.7688220Z,bandwidth,bw-plan-m512-t8-v8-r1,bw.error.raw.p99,tiles,80000,512,8,8,10,10,4,5,1,1.469,1.469,1.469,1.469,1.469,"AMD Ryzen 5 5600GT with Radeon Graphics","Null Device",False
2026-10-08T04:09:59.7693240Z,bandwidth,bw-plan-m512-t8-v8-r1,bw.error.rawanchored.mean,tiles,80000,512,8,8,10,10,4,5,1,0.626,0.626,0.626,0.626,0.626,"AMD Ryzen 5 5600GT with Radeon Graphics","Null Device",False
2026-10-08T04:09:59.7697710Z,bandwidth,bw-plan-m512-t8-v8-r1,bw.error.rawanchored.p50,tiles,80000,512,8,8,10,10,4,5,1,0.563,0.563,0.563,0.563,0.563,"AMD Ryzen 5 5600GT with Radeon Graphics","Null Device",False
2026-10-08T04:09:59.7702120Z,bandwidth,bw-plan-m512-t8-v8-r1,bw.error.rawanchored.p95,tiles,80000,512,8,8,10,10,4,5,1,1.25,1.25,1.25,1.25,1.25,"AMD Ryzen 5 5600GT with Radeon Graphics","Null Device",False
2026-10-08T04:09:59.7706370Z,bandwidth,bw-plan-m512-t8-v8-r1,bw.error.rawanchored.p99,tiles,80000,512,8,8,10,10,4,5,1,1.438,1.438,1.438,1.438,1.438,"AMD Ryzen 5 5600GT with Radeon Graphics","Null Device",False
2026-10-08T04:09:59.7711330Z,bandwidth,bw-plan-m512-t8-v8-r1,bw.checks.anchored,share,80000,512,8,8,10,10,4,5,1,0.976,0.976,0.976,0.976,0.976,"AMD Ryzen 5 5600GT with Radeon Graphics","Null Device",False
2026-10-08T04:09:59.7715730Z,bandwidth,bw-plan-m512-t8-v8-r1,bw.route.live,waypoints,80000,512,8,8,10,10,4,5,1,3552134,3552134,3552134,3552134,3552134,"AMD Ryzen 5 5600GT with Radeon Graphics","Null Device",False
2026-10-08T04:09:59.7720110Z,bandwidth,bw-plan-m512-t8-v8-r1,bw.route.arena,MB,80000,512,8,8,10,10,4,5,1,32,32,32,32,32,"AMD Ryzen 5 5600GT with Radeon Graphics","Null Device",False
2026-10-08T04:10:03.3005150Z,bandwidth,bw-m512-t8-v8-r1,bw.snapshot.bytes,KB,80000,512,8,8,10,10,4,5,8,397.208,401.281,403.532,403.532,403.532,"AMD Ryzen 5 5600GT with Radeon Graphics","Null Device",False
2026-10-08T04:10:03.3101190Z,bandwidth,bw-m512-t8-v8-r1,bw.snapshot.wire,KB,80000,512,8,8,10,10,4,5,8,414.873,419.137,421.464,421.464,421.464,"AMD Ryzen 5 5600GT with Radeon Graphics","Null Device",False
2026-10-08T04:10:03.3105860Z,bandwidth,bw-m512-t8-v8-r1,bw.snapshot.units,units,80000,512,8,8,10,10,4,5,8,20000,20000,20000,20000,20000,"AMD Ryzen 5 5600GT with Radeon Graphics","Null Device",False
2026-10-08T04:10:03.3110220Z,bandwidth,bw-m512-t8-v8-r1,bw.snapshot.seconds,s,80000,512,8,8,10,10,4,5,8,1.621,1.637,1.646,1.646,1.646,"AMD Ryzen 5 5600GT with Radeon Graphics","Null Device",False
2026-10-08T04:10:42.6283230Z,bandwidth,bw-m512-t8-v8-r1,bw.avg,KB/s,80000,512,8,8,10,10,4,5,8,201.711,203.983,213.139,215.477,216.062,"AMD Ryzen 5 5600GT with Radeon Graphics","Null Device",False
2026-10-08T04:10:42.6288500Z,bandwidth,bw-m512-t8-v8-r1,bw.peak1s,KB/s,80000,512,8,8,10,10,4,5,8,305.124,299.185,349.197,360.296,363.071,"AMD Ryzen 5 5600GT with Radeon Graphics","Null Device",False
2026-10-08T04:10:42.6293110Z,bandwidth,bw-m512-t8-v8-r1,bw.wire.avg,KB/s,80000,512,8,8,10,10,4,5,8,217.656,219.938,230.565,233.27,233.946,"AMD Ryzen 5 5600GT with Radeon Graphics","Null Device",False
2026-10-08T04:10:42.6297460Z,bandwidth,bw-m512-t8-v8-r1,bw.wire.peak1s,KB/s,80000,512,8,8,10,10,4,5,8,326.76,317.464,373.929,385.496,388.388,"AMD Ryzen 5 5600GT with Radeon Graphics","Null Device",False
2026-10-08T04:10:42.6304280Z,bandwidth,bw-m512-t8-v8-r1,bw.encode.ms,ms,80000,512,8,8,10,10,4,5,1200,1.86,1.888,2.44,2.804,5.548,"AMD Ryzen 5 5600GT with Radeon Graphics","Null Device",False
2026-10-08T04:10:42.6314280Z,bandwidth,bw-m512-t8-v8-r1,bw.interest.ms,ms,80000,512,8,8,10,10,4,5,1200,4.894,4.845,5.386,5.652,6.438,"AMD Ryzen 5 5600GT with Radeon Graphics","Null Device",False
2026-10-08T04:10:42.6323670Z,bandwidth,bw-m512-t8-v8-r1,bw.routes.ms,ms,80000,512,8,8,10,10,4,5,1200,1.44,0.963,1.456,23.791,54.421,"AMD Ryzen 5 5600GT with Radeon Graphics","Null Device",False
2026-10-08T04:10:42.6332890Z,bandwidth,bw-m512-t8-v8-r1,bw.routes.deferred,units,80000,512,8,8,10,10,4,5,1200,0,0,0,0,0,"AMD Ryzen 5 5600GT with Radeon Graphics","Null Device",False
2026-10-08T04:10:42.6353600Z,bandwidth,bw-m512-t8-v8-r1,bw.bytype.moveorder,share,80000,512,8,8,10,10,4,5,8,0.089,0.089,0.11,0.116,0.118,"AMD Ryzen 5 5600GT with Radeon Graphics","Null Device",False
2026-10-08T04:10:42.6358210Z,bandwidth,bw-m512-t8-v8-r1,bw.moveorder,count,80000,512,8,8,10,10,4,5,8,25839.75,25710.5,26645.85,26833.17,26880,"AMD Ryzen 5 5600GT with Radeon Graphics","Null Device",False
2026-10-08T04:10:42.6362660Z,bandwidth,bw-m512-t8-v8-r1,bw.bytype.correction,share,80000,512,8,8,10,10,4,5,8,0.603,0.585,0.723,0.739,0.742,"AMD Ryzen 5 5600GT with Radeon Graphics","Null Device",False
2026-10-08T04:10:42.6366880Z,bandwidth,bw-m512-t8-v8-r1,bw.correction,count,80000,512,8,8,10,10,4,5,8,1492135.625,1427568.5,1866005.25,1881989.05,1885985,"AMD Ryzen 5 5600GT with Radeon Graphics","Null Device",False
2026-10-08T04:10:42.6371100Z,bandwidth,bw-m512-t8-v8-r1,bw.bytype.health,share,80000,512,8,8,10,10,4,5,8,0.027,0.026,0.031,0.032,0.032,"AMD Ryzen 5 5600GT with Radeon Graphics","Null Device",False
2026-10-08T04:10:42.6375380Z,bandwidth,bw-m512-t8-v8-r1,bw.health,count,80000,512,8,8,10,10,4,5,8,154873.75,154123,165548.15,165584.83,165594,"AMD Ryzen 5 5600GT with Radeon Graphics","Null Device",False
2026-10-08T04:10:42.6379580Z,bandwidth,bw-m512-t8-v8-r1,bw.bytype.enter,share,80000,512,8,8,10,10,4,5,8,0.255,0.257,0.369,0.396,0.403,"AMD Ryzen 5 5600GT with Radeon Graphics","Null Device",False
2026-10-08T04:10:42.6383780Z,bandwidth,bw-m512-t8-v8-r1,bw.enter,count,80000,512,8,8,10,10,4,5,8,77559.875,73264,105148.25,113975.25,116182,"AMD Ryzen 5 5600GT with Radeon Graphics","Null Device",False
2026-10-08T04:10:42.6387990Z,bandwidth,bw-m512-t8-v8-r1,bw.bytype.leave,share,80000,512,8,8,10,10,4,5,8,0.014,0.013,0.02,0.022,0.022,"AMD Ryzen 5 5600GT with Radeon Graphics","Null Device",False
2026-10-08T04:10:42.6392290Z,bandwidth,bw-m512-t8-v8-r1,bw.leave,count,80000,512,8,8,10,10,4,5,8,65540.5,60896,93141.35,102241.07,104516,"AMD Ryzen 5 5600GT with Radeon Graphics","Null Device",False
2026-10-08T04:10:42.6396490Z,bandwidth,bw-m512-t8-v8-r1,bw.bytype.explosion,share,80000,512,8,8,10,10,4,5,8,0.008,0.007,0.009,0.009,0.009,"AMD Ryzen 5 5600GT with Radeon Graphics","Null Device",False
2026-10-08T04:10:42.6400650Z,bandwidth,bw-m512-t8-v8-r1,bw.explosion,count,80000,512,8,8,10,10,4,5,8,23823.5,23535.5,25396.25,25408.85,25412,"AMD Ryzen 5 5600GT with Radeon Graphics","Null Device",False
2026-10-08T04:10:42.6404900Z,bandwidth,bw-m512-t8-v8-r1,bw.bytype.fogdelta,share,80000,512,8,8,10,10,4,5,8,0.004,0.004,0.007,0.007,0.007,"AMD Ryzen 5 5600GT with Radeon Graphics","Null Device",False
2026-10-08T04:10:42.6409030Z,bandwidth,bw-m512-t8-v8-r1,bw.fogdelta,count,80000,512,8,8,10,10,4,5,8,36779.375,33971.5,58635.6,66661.52,68668,"AMD Ryzen 5 5600GT with Radeon Graphics","Null Device",False
2026-10-08T04:10:42.6413310Z,bandwidth,bw-m512-t8-v8-r1,bw.waypoints,waypoints,80000,512,8,8,10,10,4,5,1,14.076,14.076,14.076,14.076,14.076,"AMD Ryzen 5 5600GT with Radeon Graphics","Null Device",False
2026-10-08T04:10:42.6417790Z,bandwidth,bw-m512-t8-v8-r1,bw.waypoints.smoothed,waypoints,80000,512,8,8,10,10,4,5,1,2.5,2.5,2.5,2.5,2.5,"AMD Ryzen 5 5600GT with Radeon Graphics","Null Device",False
2026-10-08T04:10:42.6422140Z,bandwidth,bw-m512-t8-v8-r1,bw.waypoints.saved,share,80000,512,8,8,10,10,4,5,1,0.822,0.822,0.822,0.822,0.822,"AMD Ryzen 5 5600GT with Radeon Graphics","Null Device",False
2026-10-08T04:10:42.6451270Z,bandwidth,bw-m512-t8-v8-r1,bw.units,units,80000,512,8,8,10,10,4,5,1,79964,79964,79964,79964,79964,"AMD Ryzen 5 5600GT with Radeon Graphics","Null Device",False
2026-10-08T04:10:42.6493110Z,bandwidth,bw-m512-t8-v8-r1,bw.units.engaged,share,80000,512,8,8,10,10,4,5,1,0.077,0.077,0.077,0.077,0.077,"AMD Ryzen 5 5600GT with Radeon Graphics","Null Device",False
2026-10-08T04:10:42.6497570Z,bandwidth,bw-m512-t8-v8-r1,bw.units.ordered,share,80000,512,8,8,10,10,4,5,1,0.971,0.971,0.971,0.971,0.971,"AMD Ryzen 5 5600GT with Radeon Graphics","Null Device",False
2026-10-08T04:10:42.6503280Z,bandwidth,bw-m512-t8-v8-r1,bw.allowed,units,80000,512,8,8,10,10,4,5,1,12736,12736,12736,12736,12736,"AMD Ryzen 5 5600GT with Radeon Graphics","Null Device",False
2026-10-08T04:10:42.6507810Z,bandwidth,bw-m512-t8-v8-r1,bw.corrections.perunit,corrections,80000,512,8,8,10,10,4,5,1,0.084,0.084,0.084,0.084,0.084,"AMD Ryzen 5 5600GT with Radeon Graphics","Null Device",False
2026-10-08T04:10:42.6517760Z,bandwidth,bw-m512-t8-v8-r1,bw.error.all.mean,tiles,80000,512,8,8,10,10,4,5,1,0.345,0.345,0.345,0.345,0.345,"AMD Ryzen 5 5600GT with Radeon Graphics","Null Device",False
2026-10-08T04:10:42.6523020Z,bandwidth,bw-m512-t8-v8-r1,bw.error.all.p50,tiles,80000,512,8,8,10,10,4,5,1,0.078,0.078,0.078,0.078,0.078,"AMD Ryzen 5 5600GT with Radeon Graphics","Null Device",False
2026-10-08T04:10:42.6527470Z,bandwidth,bw-m512-t8-v8-r1,bw.error.all.p95,tiles,80000,512,8,8,10,10,4,5,1,1.609,1.609,1.609,1.609,1.609,"AMD Ryzen 5 5600GT with Radeon Graphics","Null Device",False
2026-10-08T04:10:42.6531730Z,bandwidth,bw-m512-t8-v8-r1,bw.error.all.p99,tiles,80000,512,8,8,10,10,4,5,1,1.922,1.922,1.922,1.922,1.922,"AMD Ryzen 5 5600GT with Radeon Graphics","Null Device",False
2026-10-08T04:10:42.6536640Z,bandwidth,bw-m512-t8-v8-r1,bw.error.view.mean,tiles,80000,512,8,8,10,10,4,5,1,0.063,0.063,0.063,0.063,0.063,"AMD Ryzen 5 5600GT with Radeon Graphics","Null Device",False
2026-10-08T04:10:42.6540900Z,bandwidth,bw-m512-t8-v8-r1,bw.error.view.p50,tiles,80000,512,8,8,10,10,4,5,1,0.063,0.063,0.063,0.063,0.063,"AMD Ryzen 5 5600GT with Radeon Graphics","Null Device",False
2026-10-08T04:10:42.6545210Z,bandwidth,bw-m512-t8-v8-r1,bw.error.view.p95,tiles,80000,512,8,8,10,10,4,5,1,0.203,0.203,0.203,0.203,0.203,"AMD Ryzen 5 5600GT with Radeon Graphics","Null Device",False
2026-10-08T04:10:42.6549350Z,bandwidth,bw-m512-t8-v8-r1,bw.error.view.p99,tiles,80000,512,8,8,10,10,4,5,1,0.25,0.25,0.25,0.25,0.25,"AMD Ryzen 5 5600GT with Radeon Graphics","Null Device",False
2026-10-08T04:10:42.6554130Z,bandwidth,bw-m512-t8-v8-r1,bw.error.raw.mean,tiles,80000,512,8,8,10,10,4,5,1,0.847,0.847,0.847,0.847,0.847,"AMD Ryzen 5 5600GT with Radeon Graphics","Null Device",False
2026-10-08T04:10:42.6558410Z,bandwidth,bw-m512-t8-v8-r1,bw.error.raw.p50,tiles,80000,512,8,8,10,10,4,5,1,0.734,0.734,0.734,0.734,0.734,"AMD Ryzen 5 5600GT with Radeon Graphics","Null Device",False
2026-10-08T04:10:42.6562630Z,bandwidth,bw-m512-t8-v8-r1,bw.error.raw.p95,tiles,80000,512,8,8,10,10,4,5,1,1.891,1.891,1.891,1.891,1.891,"AMD Ryzen 5 5600GT with Radeon Graphics","Null Device",False
2026-10-08T04:10:42.6569130Z,bandwidth,bw-m512-t8-v8-r1,bw.error.raw.p99,tiles,80000,512,8,8,10,10,4,5,1,2.422,2.422,2.422,2.422,2.422,"AMD Ryzen 5 5600GT with Radeon Graphics","Null Device",False
2026-10-08T04:10:42.6574480Z,bandwidth,bw-m512-t8-v8-r1,bw.error.rawanchored.mean,tiles,80000,512,8,8,10,10,4,5,1,0.822,0.822,0.822,0.822,0.822,"AMD Ryzen 5 5600GT with Radeon Graphics","Null Device",False
2026-10-08T04:10:42.6579040Z,bandwidth,bw-m512-t8-v8-r1,bw.error.rawanchored.p50,tiles,80000,512,8,8,10,10,4,5,1,0.734,0.734,0.734,0.734,0.734,"AMD Ryzen 5 5600GT with Radeon Graphics","Null Device",False
2026-10-08T04:10:42.6583630Z,bandwidth,bw-m512-t8-v8-r1,bw.error.rawanchored.p95,tiles,80000,512,8,8,10,10,4,5,1,1.875,1.875,1.875,1.875,1.875,"AMD Ryzen 5 5600GT with Radeon Graphics","Null Device",False
2026-10-08T04:10:42.6588150Z,bandwidth,bw-m512-t8-v8-r1,bw.error.rawanchored.p99,tiles,80000,512,8,8,10,10,4,5,1,2.391,2.391,2.391,2.391,2.391,"AMD Ryzen 5 5600GT with Radeon Graphics","Null Device",False
2026-10-08T04:10:42.6593360Z,bandwidth,bw-m512-t8-v8-r1,bw.checks.anchored,share,80000,512,8,8,10,10,4,5,1,0.947,0.947,0.947,0.947,0.947,"AMD Ryzen 5 5600GT with Radeon Graphics","Null Device",False
2026-10-08T04:10:42.6597830Z,bandwidth,bw-m512-t8-v8-r1,bw.route.live,waypoints,80000,512,8,8,10,10,4,5,1,3552134,3552134,3552134,3552134,3552134,"AMD Ryzen 5 5600GT with Radeon Graphics","Null Device",False
2026-10-08T04:10:42.6602460Z,bandwidth,bw-m512-t8-v8-r1,bw.route.arena,MB,80000,512,8,8,10,10,4,5,1,32,32,32,32,32,"AMD Ryzen 5 5600GT with Radeon Graphics","Null Device",False
2026-10-08T04:10:46.2145310Z,bandwidth,bw-m512-t8-v16-r1,bw.snapshot.bytes,KB,80000,512,8,16,10,10,4,5,8,397.666,402.198,403.532,403.532,403.532,"AMD Ryzen 5 5600GT with Radeon Graphics","Null Device",False
2026-10-08T04:10:46.2252670Z,bandwidth,bw-m512-t8-v16-r1,bw.snapshot.wire,KB,80000,512,8,16,10,10,4,5,8,415.356,420.105,421.464,421.464,421.464,"AMD Ryzen 5 5600GT with Radeon Graphics","Null Device",False
2026-10-08T04:10:46.2257470Z,bandwidth,bw-m512-t8-v16-r1,bw.snapshot.units,units,80000,512,8,16,10,10,4,5,8,20000,20000,20000,20000,20000,"AMD Ryzen 5 5600GT with Radeon Graphics","Null Device",False
2026-10-08T04:10:46.2262020Z,bandwidth,bw-m512-t8-v16-r1,bw.snapshot.seconds,s,80000,512,8,16,10,10,4,5,8,1.622,1.641,1.646,1.646,1.646,"AMD Ryzen 5 5600GT with Radeon Graphics","Null Device",False
2026-10-08T04:11:27.3156740Z,bandwidth,bw-m512-t8-v16-r1,bw.avg,KB/s,80000,512,8,16,10,10,4,5,8,240.656,230.703,292.609,293.222,293.375,"AMD Ryzen 5 5600GT with Radeon Graphics","Null Device",False
2026-10-08T04:11:27.3162620Z,bandwidth,bw-m512-t8-v16-r1,bw.peak1s,KB/s,80000,512,8,16,10,10,4,5,8,365.352,352.044,438.839,439.279,439.389,"AMD Ryzen 5 5600GT with Radeon Graphics","Null Device",False
2026-10-08T04:11:27.3168110Z,bandwidth,bw-m512-t8-v16-r1,bw.wire.avg,KB/s,80000,512,8,16,10,10,4,5,8,258.465,248.45,312.986,313.973,314.22,"AMD Ryzen 5 5600GT with Radeon Graphics","Null Device",False
2026-10-08T04:11:27.3173100Z,bandwidth,bw-m512-t8-v16-r1,bw.wire.peak1s,KB/s,80000,512,8,16,10,10,4,5,8,390.386,376.756,468.098,468.789,468.962,"AMD Ryzen 5 5600GT with Radeon Graphics","Null Device",False
2026-10-08T04:11:27.3177880Z,bandwidth,bw-m512-t8-v16-r1,bw.encode.ms,ms,80000,512,8,16,10,10,4,5,1200,2.008,2.075,2.678,3.025,5.872,"AMD Ryzen 5 5600GT with Radeon Graphics","Null Device",False
2026-10-08T04:11:27.3187840Z,bandwidth,bw-m512-t8-v16-r1,bw.interest.ms,ms,80000,512,8,16,10,10,4,5,1200,5.035,4.987,5.585,5.998,6.694,"AMD Ryzen 5 5600GT with Radeon Graphics","Null Device",False
2026-10-08T04:11:27.3199950Z,bandwidth,bw-m512-t8-v16-r1,bw.routes.ms,ms,80000,512,8,16,10,10,4,5,1200,1.414,0.956,1.365,23.168,51.532,"AMD Ryzen 5 5600GT with Radeon Graphics","Null Device",False
2026-10-08T04:11:27.3210830Z,bandwidth,bw-m512-t8-v16-r1,bw.routes.deferred,units,80000,512,8,16,10,10,4,5,1200,0,0,0,0,0,"AMD Ryzen 5 5600GT with Radeon Graphics","Null Device",False
2026-10-08T04:11:27.3233050Z,bandwidth,bw-m512-t8-v16-r1,bw.bytype.moveorder,share,80000,512,8,16,10,10,4,5,8,0.081,0.083,0.104,0.111,0.112,"AMD Ryzen 5 5600GT with Radeon Graphics","Null Device",False
2026-10-08T04:11:27.3239460Z,bandwidth,bw-m512-t8-v16-r1,bw.moveorder,count,80000,512,8,16,10,10,4,5,8,27190.25,26809,29393.2,29933.04,30068,"AMD Ryzen 5 5600GT with Radeon Graphics","Null Device",False
2026-10-08T04:11:27.3244870Z,bandwidth,bw-m512-t8-v16-r1,bw.bytype.correction,share,80000,512,8,16,10,10,4,5,8,0.537,0.503,0.708,0.732,0.738,"AMD Ryzen 5 5600GT with Radeon Graphics","Null Device",False
2026-10-08T04:11:27.3249250Z,bandwidth,bw-m512-t8-v16-r1,bw.correction,count,80000,512,8,16,10,10,4,5,8,1549814.5,1476608.5,1908762.6,1924124.52,1927965,"AMD Ryzen 5 5600GT with Radeon Graphics","Null Device",False
2026-10-08T04:11:27.3253880Z,bandwidth,bw-m512-t8-v16-r1,bw.bytype.health,share,80000,512,8,16,10,10,4,5,8,0.023,0.024,0.026,0.026,0.026,"AMD Ryzen 5 5600GT with Radeon Graphics","Null Device",False
2026-10-08T04:11:27.3258250Z,bandwidth,bw-m512-t8-v16-r1,bw.health,count,80000,512,8,16,10,10,4,5,8,154937,154182.5,165648,165664.8,165669,"AMD Ryzen 5 5600GT with Radeon Graphics","Null Device",False
2026-10-08T04:11:27.3262680Z,bandwidth,bw-m512-t8-v16-r1,bw.bytype.enter,share,80000,512,8,16,10,10,4,5,8,0.331,0.341,0.46,0.481,0.486,"AMD Ryzen 5 5600GT with Radeon Graphics","Null Device",False
2026-10-08T04:11:27.3266970Z,bandwidth,bw-m512-t8-v16-r1,bw.enter,count,80000,512,8,16,10,10,4,5,8,112639.5,103830,163741.05,166965.81,167772,"AMD Ryzen 5 5600GT with Radeon Graphics","Null Device",False
2026-10-08T04:11:27.3271420Z,bandwidth,bw-m512-t8-v16-r1,bw.bytype.leave,share,80000,512,8,16,10,10,4,5,8,0.017,0.018,0.022,0.023,0.023,"AMD Ryzen 5 5600GT with Radeon Graphics","Null Device",False
2026-10-08T04:11:27.3275780Z,bandwidth,bw-m512-t8-v16-r1,bw.leave,count,80000,512,8,16,10,10,4,5,8,98486.25,89690.5,149065.1,152563.42,153438,"AMD Ryzen 5 5600GT with Radeon Graphics","Null Device",False
2026-10-08T04:11:27.3280090Z,bandwidth,bw-m512-t8-v16-r1,bw.bytype.explosion,share,80000,512,8,16,10,10,4,5,8,0.007,0.007,0.007,0.008,0.008,"AMD Ryzen 5 5600GT with Radeon Graphics","Null Device",False
2026-10-08T04:11:27.3284430Z,bandwidth,bw-m512-t8-v16-r1,bw.explosion,count,80000,512,8,16,10,10,4,5,8,23833.375,23538,25418.55,25420.51,25421,"AMD Ryzen 5 5600GT with Radeon Graphics","Null Device",False
2026-10-08T04:11:27.3288700Z,bandwidth,bw-m512-t8-v16-r1,bw.bytype.fogdelta,share,80000,512,8,16,10,10,4,5,8,0.004,0.003,0.007,0.009,0.009,"AMD Ryzen 5 5600GT with Radeon Graphics","Null Device",False
2026-10-08T04:11:27.3293120Z,bandwidth,bw-m512-t8-v16-r1,bw.fogdelta,count,80000,512,8,16,10,10,4,5,8,40601.875,36365.5,68371.4,77867.88,80242,"AMD Ryzen 5 5600GT with Radeon Graphics","Null Device",False
2026-10-08T04:11:27.3297350Z,bandwidth,bw-m512-t8-v16-r1,bw.waypoints,waypoints,80000,512,8,16,10,10,4,5,1,14.076,14.076,14.076,14.076,14.076,"AMD Ryzen 5 5600GT with Radeon Graphics","Null Device",False
2026-10-08T04:11:27.3302010Z,bandwidth,bw-m512-t8-v16-r1,bw.waypoints.smoothed,waypoints,80000,512,8,16,10,10,4,5,1,2.5,2.5,2.5,2.5,2.5,"AMD Ryzen 5 5600GT with Radeon Graphics","Null Device",False
2026-10-08T04:11:27.3306230Z,bandwidth,bw-m512-t8-v16-r1,bw.waypoints.saved,share,80000,512,8,16,10,10,4,5,1,0.822,0.822,0.822,0.822,0.822,"AMD Ryzen 5 5600GT with Radeon Graphics","Null Device",False
2026-10-08T04:11:27.3332480Z,bandwidth,bw-m512-t8-v16-r1,bw.units,units,80000,512,8,16,10,10,4,5,1,79964,79964,79964,79964,79964,"AMD Ryzen 5 5600GT with Radeon Graphics","Null Device",False
2026-10-08T04:11:27.3378220Z,bandwidth,bw-m512-t8-v16-r1,bw.units.engaged,share,80000,512,8,16,10,10,4,5,1,0.077,0.077,0.077,0.077,0.077,"AMD Ryzen 5 5600GT with Radeon Graphics","Null Device",False
2026-10-08T04:11:27.3382750Z,bandwidth,bw-m512-t8-v16-r1,bw.units.ordered,share,80000,512,8,16,10,10,4,5,1,0.971,0.971,0.971,0.971,0.971,"AMD Ryzen 5 5600GT with Radeon Graphics","Null Device",False
2026-10-08T04:11:27.3388460Z,bandwidth,bw-m512-t8-v16-r1,bw.allowed,units,80000,512,8,16,10,10,4,5,1,14997,14997,14997,14997,14997,"AMD Ryzen 5 5600GT with Radeon Graphics","Null Device",False
2026-10-08T04:11:27.3393120Z,bandwidth,bw-m512-t8-v16-r1,bw.corrections.perunit,corrections,80000,512,8,16,10,10,4,5,1,0.074,0.074,0.074,0.074,0.074,"AMD Ryzen 5 5600GT with Radeon Graphics","Null Device",False
2026-10-08T04:11:27.3403170Z,bandwidth,bw-m512-t8-v16-r1,bw.error.all.mean,tiles,80000,512,8,16,10,10,4,5,1,0.36,0.36,0.36,0.36,0.36,"AMD Ryzen 5 5600GT with Radeon Graphics","Null Device",False
2026-10-08T04:11:27.3408300Z,bandwidth,bw-m512-t8-v16-r1,bw.error.all.p50,tiles,80000,512,8,16,10,10,4,5,1,0.078,0.078,0.078,0.078,0.078,"AMD Ryzen 5 5600GT with Radeon Graphics","Null Device",False
2026-10-08T04:11:27.3412780Z,bandwidth,bw-m512-t8-v16-r1,bw.error.all.p95,tiles,80000,512,8,16,10,10,4,5,1,1.641,1.641,1.641,1.641,1.641,"AMD Ryzen 5 5600GT with Radeon Graphics","Null Device",False
2026-10-08T04:11:27.3417130Z,bandwidth,bw-m512-t8-v16-r1,bw.error.all.p99,tiles,80000,512,8,16,10,10,4,5,1,1.938,1.938,1.938,1.938,1.938,"AMD Ryzen 5 5600GT with Radeon Graphics","Null Device",False
2026-10-08T04:11:27.3422190Z,bandwidth,bw-m512-t8-v16-r1,bw.error.view.mean,tiles,80000,512,8,16,10,10,4,5,1,0.063,0.063,0.063,0.063,0.063,"AMD Ryzen 5 5600GT with Radeon Graphics","Null Device",False
2026-10-08T04:11:27.3426440Z,bandwidth,bw-m512-t8-v16-r1,bw.error.view.p50,tiles,80000,512,8,16,10,10,4,5,1,0.063,0.063,0.063,0.063,0.063,"AMD Ryzen 5 5600GT with Radeon Graphics","Null Device",False
2026-10-08T04:11:27.3430600Z,bandwidth,bw-m512-t8-v16-r1,bw.error.view.p95,tiles,80000,512,8,16,10,10,4,5,1,0.203,0.203,0.203,0.203,0.203,"AMD Ryzen 5 5600GT with Radeon Graphics","Null Device",False
2026-10-08T04:11:27.3435170Z,bandwidth,bw-m512-t8-v16-r1,bw.error.view.p99,tiles,80000,512,8,16,10,10,4,5,1,0.25,0.25,0.25,0.25,0.25,"AMD Ryzen 5 5600GT with Radeon Graphics","Null Device",False
2026-10-08T04:11:27.3439880Z,bandwidth,bw-m512-t8-v16-r1,bw.error.raw.mean,tiles,80000,512,8,16,10,10,4,5,1,0.849,0.849,0.849,0.849,0.849,"AMD Ryzen 5 5600GT with Radeon Graphics","Null Device",False
2026-10-08T04:11:27.3444210Z,bandwidth,bw-m512-t8-v16-r1,bw.error.raw.p50,tiles,80000,512,8,16,10,10,4,5,1,0.734,0.734,0.734,0.734,0.734,"AMD Ryzen 5 5600GT with Radeon Graphics","Null Device",False
2026-10-08T04:11:27.3448400Z,bandwidth,bw-m512-t8-v16-r1,bw.error.raw.p95,tiles,80000,512,8,16,10,10,4,5,1,1.891,1.891,1.891,1.891,1.891,"AMD Ryzen 5 5600GT with Radeon Graphics","Null Device",False
2026-10-08T04:11:27.3453110Z,bandwidth,bw-m512-t8-v16-r1,bw.error.raw.p99,tiles,80000,512,8,16,10,10,4,5,1,2.438,2.438,2.438,2.438,2.438,"AMD Ryzen 5 5600GT with Radeon Graphics","Null Device",False
2026-10-08T04:11:27.3457930Z,bandwidth,bw-m512-t8-v16-r1,bw.error.rawanchored.mean,tiles,80000,512,8,16,10,10,4,5,1,0.823,0.823,0.823,0.823,0.823,"AMD Ryzen 5 5600GT with Radeon Graphics","Null Device",False
2026-10-08T04:11:27.3462390Z,bandwidth,bw-m512-t8-v16-r1,bw.error.rawanchored.p50,tiles,80000,512,8,16,10,10,4,5,1,0.734,0.734,0.734,0.734,0.734,"AMD Ryzen 5 5600GT with Radeon Graphics","Null Device",False
2026-10-08T04:11:27.3466530Z,bandwidth,bw-m512-t8-v16-r1,bw.error.rawanchored.p95,tiles,80000,512,8,16,10,10,4,5,1,1.875,1.875,1.875,1.875,1.875,"AMD Ryzen 5 5600GT with Radeon Graphics","Null Device",False
2026-10-08T04:11:27.3470630Z,bandwidth,bw-m512-t8-v16-r1,bw.error.rawanchored.p99,tiles,80000,512,8,16,10,10,4,5,1,2.391,2.391,2.391,2.391,2.391,"AMD Ryzen 5 5600GT with Radeon Graphics","Null Device",False
2026-10-08T04:11:27.3475410Z,bandwidth,bw-m512-t8-v16-r1,bw.checks.anchored,share,80000,512,8,16,10,10,4,5,1,0.947,0.947,0.947,0.947,0.947,"AMD Ryzen 5 5600GT with Radeon Graphics","Null Device",False
2026-10-08T04:11:27.3479620Z,bandwidth,bw-m512-t8-v16-r1,bw.route.live,waypoints,80000,512,8,16,10,10,4,5,1,3552134,3552134,3552134,3552134,3552134,"AMD Ryzen 5 5600GT with Radeon Graphics","Null Device",False
2026-10-08T04:11:27.3483940Z,bandwidth,bw-m512-t8-v16-r1,bw.route.arena,MB,80000,512,8,16,10,10,4,5,1,32,32,32,32,32,"AMD Ryzen 5 5600GT with Radeon Graphics","Null Device",False
2026-10-08T04:11:30.8979040Z,bandwidth,bw-m512-t8-v32-r1,bw.snapshot.bytes,KB,80000,512,8,32,10,10,4,5,8,398.31,403.205,404.088,404.125,404.135,"AMD Ryzen 5 5600GT with Radeon Graphics","Null Device",False
2026-10-08T04:11:30.9076480Z,bandwidth,bw-m512-t8-v32-r1,bw.snapshot.wire,KB,80000,512,8,32,10,10,4,5,8,416.027,421.136,422.073,422.11,422.119,"AMD Ryzen 5 5600GT with Radeon Graphics","Null Device",False
2026-10-08T04:11:30.9081210Z,bandwidth,bw-m512-t8-v32-r1,bw.snapshot.units,units,80000,512,8,32,10,10,4,5,8,20000,20000,20000,20000,20000,"AMD Ryzen 5 5600GT with Radeon Graphics","Null Device",False
2026-10-08T04:11:30.9085730Z,bandwidth,bw-m512-t8-v32-r1,bw.snapshot.seconds,s,80000,512,8,32,10,10,4,5,8,1.625,1.645,1.649,1.649,1.649,"AMD Ryzen 5 5600GT with Radeon Graphics","Null Device",False
2026-10-08T04:12:14.3856550Z,bandwidth,bw-m512-t8-v32-r1,bw.avg,KB/s,80000,512,8,32,10,10,4,5,8,273.768,270.643,317.926,326.322,328.421,"AMD Ryzen 5 5600GT with Radeon Graphics","Null Device",False
2026-10-08T04:12:14.3862270Z,bandwidth,bw-m512-t8-v32-r1,bw.peak1s,KB/s,80000,512,8,32,10,10,4,5,8,445.681,436.383,565.105,580.312,584.114,"AMD Ryzen 5 5600GT with Radeon Graphics","Null Device",False
2026-10-08T04:12:14.3867180Z,bandwidth,bw-m512-t8-v32-r1,bw.wire.avg,KB/s,80000,512,8,32,10,10,4,5,8,293.259,289.293,338.912,347.617,349.793,"AMD Ryzen 5 5600GT with Radeon Graphics","Null Device",False
2026-10-08T04:12:14.3871990Z,bandwidth,bw-m512-t8-v32-r1,bw.wire.peak1s,KB/s,80000,512,8,32,10,10,4,5,8,475.098,464.669,599.962,616.776,620.979,"AMD Ryzen 5 5600GT with Radeon Graphics","Null Device",False
2026-10-08T04:12:14.3876640Z,bandwidth,bw-m512-t8-v32-r1,bw.encode.ms,ms,80000,512,8,32,10,10,4,5,1200,2.088,2.191,2.807,3.169,5.45,"AMD Ryzen 5 5600GT with Radeon Graphics","Null Device",False
2026-10-08T04:12:14.3886310Z,bandwidth,bw-m512-t8-v32-r1,bw.interest.ms,ms,80000,512,8,32,10,10,4,5,1200,5.109,5.06,5.655,6.034,6.469,"AMD Ryzen 5 5600GT with Radeon Graphics","Null Device",False
2026-10-08T04:12:14.3896900Z,bandwidth,bw-m512-t8-v32-r1,bw.routes.ms,ms,80000,512,8,32,10,10,4,5,1200,1.426,0.95,1.44,23.522,52.574,"AMD Ryzen 5 5600GT with Radeon Graphics","Null Device",False
2026-10-08T04:12:14.3906350Z,bandwidth,bw-m512-t8-v32-r1,bw.routes.deferred,units,80000,512,8,32,10,10,4,5,1200,0,0,0,0,0,"AMD Ryzen 5 5600GT with Radeon Graphics","Null Device",False
2026-10-08T04:12:14.3933570Z,bandwidth,bw-m512-t8-v32-r1,bw.bytype.moveorder,share,80000,512,8,32,10,10,4,5,8,0.082,0.078,0.097,0.098,0.099,"AMD Ryzen 5 5600GT with Radeon Graphics","Null Device",False
2026-10-08T04:12:14.3938600Z,bandwidth,bw-m512-t8-v32-r1,bw.moveorder,count,80000,512,8,32,10,10,4,5,8,31055.5,31110.5,34929.45,34933.09,34934,"AMD Ryzen 5 5600GT with Radeon Graphics","Null Device",False
2026-10-08T04:12:14.3943400Z,bandwidth,bw-m512-t8-v32-r1,bw.bytype.correction,share,80000,512,8,32,10,10,4,5,8,0.494,0.473,0.667,0.687,0.692,"AMD Ryzen 5 5600GT with Radeon Graphics","Null Device",False
2026-10-08T04:12:14.3947970Z,bandwidth,bw-m512-t8-v32-r1,bw.correction,count,80000,512,8,32,10,10,4,5,8,1614016,1534737.5,1932119.05,1945110.21,1948358,"AMD Ryzen 5 5600GT with Radeon Graphics","Null Device",False
2026-10-08T04:12:14.3952800Z,bandwidth,bw-m512-t8-v32-r1,bw.bytype.health,share,80000,512,8,32,10,10,4,5,8,0.02,0.02,0.023,0.023,0.023,"AMD Ryzen 5 5600GT with Radeon Graphics","Null Device",False
2026-10-08T04:12:14.3957790Z,bandwidth,bw-m512-t8-v32-r1,bw.health,count,80000,512,8,32,10,10,4,5,8,154950.75,154184.5,165680.25,165704.05,165710,"AMD Ryzen 5 5600GT with Radeon Graphics","Null Device",False
2026-10-08T04:12:14.3962400Z,bandwidth,bw-m512-t8-v32-r1,bw.bytype.enter,share,80000,512,8,32,10,10,4,5,8,0.375,0.388,0.487,0.496,0.498,"AMD Ryzen 5 5600GT with Radeon Graphics","Null Device",False
2026-10-08T04:12:14.3966900Z,bandwidth,bw-m512-t8-v32-r1,bw.enter,count,80000,512,8,32,10,10,4,5,8,140531.625,140879.5,192276.1,199168.02,200891,"AMD Ryzen 5 5600GT with Radeon Graphics","Null Device",False
2026-10-08T04:12:14.3971380Z,bandwidth,bw-m512-t8-v32-r1,bw.bytype.leave,share,80000,512,8,32,10,10,4,5,8,0.019,0.02,0.024,0.025,0.025,"AMD Ryzen 5 5600GT with Radeon Graphics","Null Device",False
2026-10-08T04:12:14.3976100Z,bandwidth,bw-m512-t8-v32-r1,bw.leave,count,80000,512,8,32,10,10,4,5,8,124339.625,122695,175526.15,182378.03,184091,"AMD Ryzen 5 5600GT with Radeon Graphics","Null Device",False
2026-10-08T04:12:14.3980550Z,bandwidth,bw-m512-t8-v32-r1,bw.bytype.explosion,share,80000,512,8,32,10,10,4,5,8,0.006,0.006,0.007,0.007,0.007,"AMD Ryzen 5 5600GT with Radeon Graphics","Null Device",False
2026-10-08T04:12:14.3985060Z,bandwidth,bw-m512-t8-v32-r1,bw.explosion,count,80000,512,8,32,10,10,4,5,8,23869.5,23678.5,25422.1,25426.02,25427,"AMD Ryzen 5 5600GT with Radeon Graphics","Null Device",False
2026-10-08T04:12:14.3989590Z,bandwidth,bw-m512-t8-v32-r1,bw.bytype.fogdelta,share,80000,512,8,32,10,10,4,5,8,0.004,0.004,0.007,0.008,0.008,"AMD Ryzen 5 5600GT with Radeon Graphics","Null Device",False
2026-10-08T04:12:14.3994120Z,bandwidth,bw-m512-t8-v32-r1,bw.fogdelta,count,80000,512,8,32,10,10,4,5,8,54836.75,42499.5,98657.45,109155.49,111780,"AMD Ryzen 5 5600GT with Radeon Graphics","Null Device",False
2026-10-08T04:12:14.3998570Z,bandwidth,bw-m512-t8-v32-r1,bw.waypoints,waypoints,80000,512,8,32,10,10,4,5,1,14.076,14.076,14.076,14.076,14.076,"AMD Ryzen 5 5600GT with Radeon Graphics","Null Device",False
2026-10-08T04:12:14.4003040Z,bandwidth,bw-m512-t8-v32-r1,bw.waypoints.smoothed,waypoints,80000,512,8,32,10,10,4,5,1,2.5,2.5,2.5,2.5,2.5,"AMD Ryzen 5 5600GT with Radeon Graphics","Null Device",False
2026-10-08T04:12:14.4007580Z,bandwidth,bw-m512-t8-v32-r1,bw.waypoints.saved,share,80000,512,8,32,10,10,4,5,1,0.822,0.822,0.822,0.822,0.822,"AMD Ryzen 5 5600GT with Radeon Graphics","Null Device",False
2026-10-08T04:12:14.4034830Z,bandwidth,bw-m512-t8-v32-r1,bw.units,units,80000,512,8,32,10,10,4,5,1,79964,79964,79964,79964,79964,"AMD Ryzen 5 5600GT with Radeon Graphics","Null Device",False
2026-10-08T04:12:14.4077570Z,bandwidth,bw-m512-t8-v32-r1,bw.units.engaged,share,80000,512,8,32,10,10,4,5,1,0.077,0.077,0.077,0.077,0.077,"AMD Ryzen 5 5600GT with Radeon Graphics","Null Device",False
2026-10-08T04:12:14.4082140Z,bandwidth,bw-m512-t8-v32-r1,bw.units.ordered,share,80000,512,8,32,10,10,4,5,1,0.971,0.971,0.971,0.971,0.971,"AMD Ryzen 5 5600GT with Radeon Graphics","Null Device",False
2026-10-08T04:12:14.4087710Z,bandwidth,bw-m512-t8-v32-r1,bw.allowed,units,80000,512,8,32,10,10,4,5,1,16847,16847,16847,16847,16847,"AMD Ryzen 5 5600GT with Radeon Graphics","Null Device",False
2026-10-08T04:12:14.4092220Z,bandwidth,bw-m512-t8-v32-r1,bw.corrections.perunit,corrections,80000,512,8,32,10,10,4,5,1,0.068,0.068,0.068,0.068,0.068,"AMD Ryzen 5 5600GT with Radeon Graphics","Null Device",False
2026-10-08T04:12:14.4102090Z,bandwidth,bw-m512-t8-v32-r1,bw.error.all.mean,tiles,80000,512,8,32,10,10,4,5,1,0.387,0.387,0.387,0.387,0.387,"AMD Ryzen 5 5600GT with Radeon Graphics","Null Device",False
2026-10-08T04:12:14.4107350Z,bandwidth,bw-m512-t8-v32-r1,bw.error.all.p50,tiles,80000,512,8,32,10,10,4,5,1,0.078,0.078,0.078,0.078,0.078,"AMD Ryzen 5 5600GT with Radeon Graphics","Null Device",False
2026-10-08T04:12:14.4111670Z,bandwidth,bw-m512-t8-v32-r1,bw.error.all.p95,tiles,80000,512,8,32,10,10,4,5,1,1.688,1.688,1.688,1.688,1.688,"AMD Ryzen 5 5600GT with Radeon Graphics","Null Device",False
2026-10-08T04:12:14.4116220Z,bandwidth,bw-m512-t8-v32-r1,bw.error.all.p99,tiles,80000,512,8,32,10,10,4,5,1,1.938,1.938,1.938,1.938,1.938,"AMD Ryzen 5 5600GT with Radeon Graphics","Null Device",False
2026-10-08T04:12:14.4121080Z,bandwidth,bw-m512-t8-v32-r1,bw.error.view.mean,tiles,80000,512,8,32,10,10,4,5,1,0.063,0.063,0.063,0.063,0.063,"AMD Ryzen 5 5600GT with Radeon Graphics","Null Device",False
2026-10-08T04:12:14.4125370Z,bandwidth,bw-m512-t8-v32-r1,bw.error.view.p50,tiles,80000,512,8,32,10,10,4,5,1,0.063,0.063,0.063,0.063,0.063,"AMD Ryzen 5 5600GT with Radeon Graphics","Null Device",False
2026-10-08T04:12:14.4129490Z,bandwidth,bw-m512-t8-v32-r1,bw.error.view.p95,tiles,80000,512,8,32,10,10,4,5,1,0.203,0.203,0.203,0.203,0.203,"AMD Ryzen 5 5600GT with Radeon Graphics","Null Device",False
2026-10-08T04:12:14.4133780Z,bandwidth,bw-m512-t8-v32-r1,bw.error.view.p99,tiles,80000,512,8,32,10,10,4,5,1,0.25,0.25,0.25,0.25,0.25,"AMD Ryzen 5 5600GT with Radeon Graphics","Null Device",False
2026-10-08T04:12:14.4138500Z,bandwidth,bw-m512-t8-v32-r1,bw.error.raw.mean,tiles,80000,512,8,32,10,10,4,5,1,0.849,0.849,0.849,0.849,0.849,"AMD Ryzen 5 5600GT with Radeon Graphics","Null Device",False
2026-10-08T04:12:14.4142740Z,bandwidth,bw-m512-t8-v32-r1,bw.error.raw.p50,tiles,80000,512,8,32,10,10,4,5,1,0.734,0.734,0.734,0.734,0.734,"AMD Ryzen 5 5600GT with Radeon Graphics","Null Device",False
2026-10-08T04:12:14.4146850Z,bandwidth,bw-m512-t8-v32-r1,bw.error.raw.p95,tiles,80000,512,8,32,10,10,4,5,1,1.891,1.891,1.891,1.891,1.891,"AMD Ryzen 5 5600GT with Radeon Graphics","Null Device",False
2026-10-08T04:12:14.4151000Z,bandwidth,bw-m512-t8-v32-r1,bw.error.raw.p99,tiles,80000,512,8,32,10,10,4,5,1,2.438,2.438,2.438,2.438,2.438,"AMD Ryzen 5 5600GT with Radeon Graphics","Null Device",False
2026-10-08T04:12:14.4155970Z,bandwidth,bw-m512-t8-v32-r1,bw.error.rawanchored.mean,tiles,80000,512,8,32,10,10,4,5,1,0.824,0.824,0.824,0.824,0.824,"AMD Ryzen 5 5600GT with Radeon Graphics","Null Device",False
2026-10-08T04:12:14.4160170Z,bandwidth,bw-m512-t8-v32-r1,bw.error.rawanchored.p50,tiles,80000,512,8,32,10,10,4,5,1,0.734,0.734,0.734,0.734,0.734,"AMD Ryzen 5 5600GT with Radeon Graphics","Null Device",False
2026-10-08T04:12:14.4164570Z,bandwidth,bw-m512-t8-v32-r1,bw.error.rawanchored.p95,tiles,80000,512,8,32,10,10,4,5,1,1.891,1.891,1.891,1.891,1.891,"AMD Ryzen 5 5600GT with Radeon Graphics","Null Device",False
2026-10-08T04:12:14.4169000Z,bandwidth,bw-m512-t8-v32-r1,bw.error.rawanchored.p99,tiles,80000,512,8,32,10,10,4,5,1,2.391,2.391,2.391,2.391,2.391,"AMD Ryzen 5 5600GT with Radeon Graphics","Null Device",False
2026-10-08T04:12:14.4173740Z,bandwidth,bw-m512-t8-v32-r1,bw.checks.anchored,share,80000,512,8,32,10,10,4,5,1,0.947,0.947,0.947,0.947,0.947,"AMD Ryzen 5 5600GT with Radeon Graphics","Null Device",False
2026-10-08T04:12:14.4177900Z,bandwidth,bw-m512-t8-v32-r1,bw.route.live,waypoints,80000,512,8,32,10,10,4,5,1,3552134,3552134,3552134,3552134,3552134,"AMD Ryzen 5 5600GT with Radeon Graphics","Null Device",False
2026-10-08T04:12:14.4182170Z,bandwidth,bw-m512-t8-v32-r1,bw.route.arena,MB,80000,512,8,32,10,10,4,5,1,32,32,32,32,32,"AMD Ryzen 5 5600GT with Radeon Graphics","Null Device",False
2026-10-08T04:12:17.9328780Z,bandwidth,bw-plan-m512-t2-v8-r1,bw.snapshot.bytes,KB,80000,512,2,8,10,10,4,5,8,799.978,799.978,813.665,813.665,813.665,"AMD Ryzen 5 5600GT with Radeon Graphics","Null Device",False
2026-10-08T04:12:17.9438490Z,bandwidth,bw-plan-m512-t2-v8-r1,bw.snapshot.wire,KB,80000,512,2,8,10,10,4,5,8,835.561,835.561,849.884,849.884,849.884,"AMD Ryzen 5 5600GT with Radeon Graphics","Null Device",False
2026-10-08T04:12:17.9443820Z,bandwidth,bw-plan-m512-t2-v8-r1,bw.snapshot.units,units,80000,512,2,8,10,10,4,5,8,40000,40000,40000,40000,40000,"AMD Ryzen 5 5600GT with Radeon Graphics","Null Device",False
2026-10-08T04:12:17.9448790Z,bandwidth,bw-plan-m512-t2-v8-r1,bw.snapshot.seconds,s,80000,512,2,8,10,10,4,5,8,3.264,3.264,3.32,3.32,3.32,"AMD Ryzen 5 5600GT with Radeon Graphics","Null Device",False
2026-10-08T04:13:00.0098780Z,bandwidth,bw-plan-m512-t2-v8-r1,bw.avg,KB/s,80000,512,2,8,10,10,4,5,8,1863.134,1863.134,1922.374,1922.374,1922.374,"AMD Ryzen 5 5600GT with Radeon Graphics","Null Device",False
2026-10-08T04:13:00.0105130Z,bandwidth,bw-plan-m512-t2-v8-r1,bw.peak1s,KB/s,80000,512,2,8,10,10,4,5,8,2232.383,2232.383,2241.262,2241.262,2241.262,"AMD Ryzen 5 5600GT with Radeon Graphics","Null Device",False
2026-10-08T04:13:00.0110410Z,bandwidth,bw-plan-m512-t2-v8-r1,bw.wire.avg,KB/s,80000,512,2,8,10,10,4,5,8,2026.848,2026.848,2091.453,2091.453,2091.453,"AMD Ryzen 5 5600GT with Radeon Graphics","Null Device",False
2026-10-08T04:13:00.0115990Z,bandwidth,bw-plan-m512-t2-v8-r1,bw.wire.peak1s,KB/s,80000,512,2,8,10,10,4,5,8,2430.049,2430.049,2438.828,2438.828,2438.828,"AMD Ryzen 5 5600GT with Radeon Graphics","Null Device",False
2026-10-08T04:13:00.0121200Z,bandwidth,bw-plan-m512-t2-v8-r1,bw.encode.ms,ms,80000,512,2,8,10,10,4,5,1200,7.666,8.254,9.851,10.568,14.278,"AMD Ryzen 5 5600GT with Radeon Graphics","Null Device",False
2026-10-08T04:13:00.0131840Z,bandwidth,bw-plan-m512-t2-v8-r1,bw.interest.ms,ms,80000,512,2,8,10,10,4,5,1200,2.238,2.147,2.846,3.355,3.941,"AMD Ryzen 5 5600GT with Radeon Graphics","Null Device",False
2026-10-08T04:13:00.0143250Z,bandwidth,bw-plan-m512-t2-v8-r1,bw.routes.ms,ms,80000,512,2,8,10,10,4,5,1200,1.452,0.983,1.423,24.843,54.209,"AMD Ryzen 5 5600GT with Radeon Graphics","Null Device",False
2026-10-08T04:13:00.0153980Z,bandwidth,bw-plan-m512-t2-v8-r1,bw.routes.deferred,units,80000,512,2,8,10,10,4,5,1200,0,0,0,0,0,"AMD Ryzen 5 5600GT with Radeon Graphics","Null Device",False
2026-10-08T04:13:00.0178680Z,bandwidth,bw-plan-m512-t2-v8-r1,bw.bytype.moveorder,share,80000,512,2,8,10,10,4,5,8,0.031,0.031,0.032,0.032,0.032,"AMD Ryzen 5 5600GT with Radeon Graphics","Null Device",False
2026-10-08T04:13:00.0184640Z,bandwidth,bw-plan-m512-t2-v8-r1,bw.moveorder,count,80000,512,2,8,10,10,4,5,8,74222.5,74222.5,74925,74925,74925,"AMD Ryzen 5 5600GT with Radeon Graphics","Null Device",False
2026-10-08T04:13:00.0189950Z,bandwidth,bw-plan-m512-t2-v8-r1,bw.bytype.correction,share,80000,512,2,8,10,10,4,5,8,0.947,0.947,0.949,0.949,0.949,"AMD Ryzen 5 5600GT with Radeon Graphics","Null Device",False
2026-10-08T04:13:00.0194920Z,bandwidth,bw-plan-m512-t2-v8-r1,bw.correction,count,80000,512,2,8,10,10,4,5,8,18068560.5,18068560.5,18671807,18671807,18671807,"AMD Ryzen 5 5600GT with Radeon Graphics","Null Device",False
2026-10-08T04:13:00.0200000Z,bandwidth,bw-plan-m512-t2-v8-r1,bw.bytype.health,share,80000,512,2,8,10,10,4,5,8,0.006,0.006,0.006,0.006,0.006,"AMD Ryzen 5 5600GT with Radeon Graphics","Null Device",False
2026-10-08T04:13:00.0205140Z,bandwidth,bw-plan-m512-t2-v8-r1,bw.health,count,80000,512,2,8,10,10,4,5,8,310000,310000,316727,316727,316727,"AMD Ryzen 5 5600GT with Radeon Graphics","Null Device",False
2026-10-08T04:13:00.0210300Z,bandwidth,bw-plan-m512-t2-v8-r1,bw.bytype.enter,share,80000,512,2,8,10,10,4,5,8,0.013,0.013,0.013,0.013,0.013,"AMD Ryzen 5 5600GT with Radeon Graphics","Null Device",False
2026-10-08T04:13:00.0215500Z,bandwidth,bw-plan-m512-t2-v8-r1,bw.enter,count,80000,512,2,8,10,10,4,5,8,87738,87738,88544,88544,88544,"AMD Ryzen 5 5600GT with Radeon Graphics","Null Device",False
2026-10-08T04:13:00.0220490Z,bandwidth,bw-plan-m512-t2-v8-r1,bw.bytype.leave,share,80000,512,2,8,10,10,4,5,8,0.001,0.001,0.001,0.001,0.001,"AMD Ryzen 5 5600GT with Radeon Graphics","Null Device",False
2026-10-08T04:13:00.0225920Z,bandwidth,bw-plan-m512-t2-v8-r1,bw.leave,count,80000,512,2,8,10,10,4,5,8,47756,47756,48571,48571,48571,"AMD Ryzen 5 5600GT with Radeon Graphics","Null Device",False
2026-10-08T04:13:00.0231000Z,bandwidth,bw-plan-m512-t2-v8-r1,bw.bytype.explosion,share,80000,512,2,8,10,10,4,5,8,0.002,0.002,0.002,0.002,0.002,"AMD Ryzen 5 5600GT with Radeon Graphics","Null Device",False
2026-10-08T04:13:00.0236080Z,bandwidth,bw-plan-m512-t2-v8-r1,bw.explosion,count,80000,512,2,8,10,10,4,5,8,47525,47525,48518,48518,48518,"AMD Ryzen 5 5600GT with Radeon Graphics","Null Device",False
2026-10-08T04:13:00.0240990Z,bandwidth,bw-plan-m512-t2-v8-r1,bw.bytype.fogdelta,share,80000,512,2,8,10,10,4,5,8,0.001,0.001,0.001,0.001,0.001,"AMD Ryzen 5 5600GT with Radeon Graphics","Null Device",False
2026-10-08T04:13:00.0245950Z,bandwidth,bw-plan-m512-t2-v8-r1,bw.fogdelta,count,80000,512,2,8,10,10,4,5,8,87328,87328,119743,119743,119743,"AMD Ryzen 5 5600GT with Radeon Graphics","Null Device",False
2026-10-08T04:13:00.0250890Z,bandwidth,bw-plan-m512-t2-v8-r1,bw.waypoints,waypoints,80000,512,2,8,10,10,4,5,1,14.076,14.076,14.076,14.076,14.076,"AMD Ryzen 5 5600GT with Radeon Graphics","Null Device",False
2026-10-08T04:13:00.0255780Z,bandwidth,bw-plan-m512-t2-v8-r1,bw.waypoints.smoothed,waypoints,80000,512,2,8,10,10,4,5,1,2.5,2.5,2.5,2.5,2.5,"AMD Ryzen 5 5600GT with Radeon Graphics","Null Device",False
2026-10-08T04:13:00.0260650Z,bandwidth,bw-plan-m512-t2-v8-r1,bw.waypoints.saved,share,80000,512,2,8,10,10,4,5,1,0.822,0.822,0.822,0.822,0.822,"AMD Ryzen 5 5600GT with Radeon Graphics","Null Device",False
2026-10-08T04:13:00.0289580Z,bandwidth,bw-plan-m512-t2-v8-r1,bw.units,units,80000,512,2,8,10,10,4,5,1,79964,79964,79964,79964,79964,"AMD Ryzen 5 5600GT with Radeon Graphics","Null Device",False
2026-10-08T04:13:00.0341460Z,bandwidth,bw-plan-m512-t2-v8-r1,bw.units.engaged,share,80000,512,2,8,10,10,4,5,1,0.077,0.077,0.077,0.077,0.077,"AMD Ryzen 5 5600GT with Radeon Graphics","Null Device",False
2026-10-08T04:13:00.0346060Z,bandwidth,bw-plan-m512-t2-v8-r1,bw.units.ordered,share,80000,512,2,8,10,10,4,5,1,0.971,0.971,0.971,0.971,0.971,"AMD Ryzen 5 5600GT with Radeon Graphics","Null Device",False
2026-10-08T04:13:00.0365450Z,bandwidth,bw-plan-m512-t2-v8-r1,bw.allowed,units,80000,512,2,8,10,10,4,5,1,39973,39973,39973,39973,39973,"AMD Ryzen 5 5600GT with Radeon Graphics","Null Device",False
2026-10-08T04:13:00.0370290Z,bandwidth,bw-plan-m512-t2-v8-r1,bw.corrections.perunit,corrections,80000,512,2,8,10,10,4,5,1,0.389,0.389,0.389,0.389,0.389,"AMD Ryzen 5 5600GT with Radeon Graphics","Null Device",False
2026-10-08T04:13:00.0380960Z,bandwidth,bw-plan-m512-t2-v8-r1,bw.error.all.mean,tiles,80000,512,2,8,10,10,4,5,1,0.04,0.04,0.04,0.04,0.04,"AMD Ryzen 5 5600GT with Radeon Graphics","Null Device",False
2026-10-08T04:13:00.0386860Z,bandwidth,bw-plan-m512-t2-v8-r1,bw.error.all.p50,tiles,80000,512,2,8,10,10,4,5,1,0.031,0.031,0.031,0.031,0.031,"AMD Ryzen 5 5600GT with Radeon Graphics","Null Device",False
2026-10-08T04:13:00.0391900Z,bandwidth,bw-plan-m512-t2-v8-r1,bw.error.all.p95,tiles,80000,512,2,8,10,10,4,5,1,0.188,0.188,0.188,0.188,0.188,"AMD Ryzen 5 5600GT with Radeon Graphics","Null Device",False
2026-10-08T04:13:00.0396790Z,bandwidth,bw-plan-m512-t2-v8-r1,bw.error.all.p99,tiles,80000,512,2,8,10,10,4,5,1,0.25,0.25,0.25,0.25,0.25,"AMD Ryzen 5 5600GT with Radeon Graphics","Null Device",False
2026-10-08T04:13:00.0402370Z,bandwidth,bw-plan-m512-t2-v8-r1,bw.error.view.mean,tiles,80000,512,2,8,10,10,4,5,1,0.04,0.04,0.04,0.04,0.04,"AMD Ryzen 5 5600GT with Radeon Graphics","Null Device",False
2026-10-08T04:13:00.0407220Z,bandwidth,bw-plan-m512-t2-v8-r1,bw.error.view.p50,tiles,80000,512,2,8,10,10,4,5,1,0.031,0.031,0.031,0.031,0.031,"AMD Ryzen 5 5600GT with Radeon Graphics","Null Device",False
2026-10-08T04:13:00.0412090Z,bandwidth,bw-plan-m512-t2-v8-r1,bw.error.view.p95,tiles,80000,512,2,8,10,10,4,5,1,0.188,0.188,0.188,0.188,0.188,"AMD Ryzen 5 5600GT with Radeon Graphics","Null Device",False
2026-10-08T04:13:00.0416880Z,bandwidth,bw-plan-m512-t2-v8-r1,bw.error.view.p99,tiles,80000,512,2,8,10,10,4,5,1,0.25,0.25,0.25,0.25,0.25,"AMD Ryzen 5 5600GT with Radeon Graphics","Null Device",False
2026-10-08T04:13:00.0422400Z,bandwidth,bw-plan-m512-t2-v8-r1,bw.error.raw.mean,tiles,80000,512,2,8,10,10,4,5,1,0.641,0.641,0.641,0.641,0.641,"AMD Ryzen 5 5600GT with Radeon Graphics","Null Device",False
2026-10-08T04:13:00.0427270Z,bandwidth,bw-plan-m512-t2-v8-r1,bw.error.raw.p50,tiles,80000,512,2,8,10,10,4,5,1,0.594,0.594,0.594,0.594,0.594,"AMD Ryzen 5 5600GT with Radeon Graphics","Null Device",False
2026-10-08T04:13:00.0432160Z,bandwidth,bw-plan-m512-t2-v8-r1,bw.error.raw.p95,tiles,80000,512,2,8,10,10,4,5,1,1.266,1.266,1.266,1.266,1.266,"AMD Ryzen 5 5600GT with Radeon Graphics","Null Device",False
2026-10-08T04:13:00.0436640Z,bandwidth,bw-plan-m512-t2-v8-r1,bw.error.raw.p99,tiles,80000,512,2,8,10,10,4,5,1,1.453,1.453,1.453,1.453,1.453,"AMD Ryzen 5 5600GT with Radeon Graphics","Null Device",False
2026-10-08T04:13:00.0441570Z,bandwidth,bw-plan-m512-t2-v8-r1,bw.error.rawanchored.mean,tiles,80000,512,2,8,10,10,4,5,1,0.647,0.647,0.647,0.647,0.647,"AMD Ryzen 5 5600GT with Radeon Graphics","Null Device",False
2026-10-08T04:13:00.0445980Z,bandwidth,bw-plan-m512-t2-v8-r1,bw.error.rawanchored.p50,tiles,80000,512,2,8,10,10,4,5,1,0.594,0.594,0.594,0.594,0.594,"AMD Ryzen 5 5600GT with Radeon Graphics","Null Device",False
2026-10-08T04:13:00.0450150Z,bandwidth,bw-plan-m512-t2-v8-r1,bw.error.rawanchored.p95,tiles,80000,512,2,8,10,10,4,5,1,1.266,1.266,1.266,1.266,1.266,"AMD Ryzen 5 5600GT with Radeon Graphics","Null Device",False
2026-10-08T04:13:00.0454460Z,bandwidth,bw-plan-m512-t2-v8-r1,bw.error.rawanchored.p99,tiles,80000,512,2,8,10,10,4,5,1,1.453,1.453,1.453,1.453,1.453,"AMD Ryzen 5 5600GT with Radeon Graphics","Null Device",False
2026-10-08T04:13:00.0459140Z,bandwidth,bw-plan-m512-t2-v8-r1,bw.checks.anchored,share,80000,512,2,8,10,10,4,5,1,0.981,0.981,0.981,0.981,0.981,"AMD Ryzen 5 5600GT with Radeon Graphics","Null Device",False
2026-10-08T04:13:00.0463510Z,bandwidth,bw-plan-m512-t2-v8-r1,bw.route.live,waypoints,80000,512,2,8,10,10,4,5,1,3552134,3552134,3552134,3552134,3552134,"AMD Ryzen 5 5600GT with Radeon Graphics","Null Device",False
2026-10-08T04:13:00.0467850Z,bandwidth,bw-plan-m512-t2-v8-r1,bw.route.arena,MB,80000,512,2,8,10,10,4,5,1,32,32,32,32,32,"AMD Ryzen 5 5600GT with Radeon Graphics","Null Device",False
2026-10-08T04:13:03.5814440Z,bandwidth,bw-m512-t2-v8-r1,bw.snapshot.bytes,KB,80000,512,2,8,10,10,4,5,8,799.978,799.978,813.665,813.665,813.665,"AMD Ryzen 5 5600GT with Radeon Graphics","Null Device",False
2026-10-08T04:13:03.5916560Z,bandwidth,bw-m512-t2-v8-r1,bw.snapshot.wire,KB,80000,512,2,8,10,10,4,5,8,835.561,835.561,849.884,849.884,849.884,"AMD Ryzen 5 5600GT with Radeon Graphics","Null Device",False
2026-10-08T04:13:03.5921660Z,bandwidth,bw-m512-t2-v8-r1,bw.snapshot.units,units,80000,512,2,8,10,10,4,5,8,40000,40000,40000,40000,40000,"AMD Ryzen 5 5600GT with Radeon Graphics","Null Device",False
2026-10-08T04:13:03.5926220Z,bandwidth,bw-m512-t2-v8-r1,bw.snapshot.seconds,s,80000,512,2,8,10,10,4,5,8,3.264,3.264,3.32,3.32,3.32,"AMD Ryzen 5 5600GT with Radeon Graphics","Null Device",False
2026-10-08T04:13:40.8996050Z,bandwidth,bw-m512-t2-v8-r1,bw.avg,KB/s,80000,512,2,8,10,10,4,5,8,263.184,256.451,292.881,294.069,294.366,"AMD Ryzen 5 5600GT with Radeon Graphics","Null Device",False
2026-10-08T04:13:40.9001280Z,bandwidth,bw-m512-t2-v8-r1,bw.peak1s,KB/s,80000,512,2,8,10,10,4,5,8,513.27,513.576,528.472,532.767,533.841,"AMD Ryzen 5 5600GT with Radeon Graphics","Null Device",False
2026-10-08T04:13:40.9005820Z,bandwidth,bw-m512-t2-v8-r1,bw.wire.avg,KB/s,80000,512,2,8,10,10,4,5,8,283.683,276.338,316.023,317.251,317.558,"AMD Ryzen 5 5600GT with Radeon Graphics","Null Device",False
2026-10-08T04:13:40.9010150Z,bandwidth,bw-m512-t2-v8-r1,bw.wire.peak1s,KB/s,80000,512,2,8,10,10,4,5,8,541.346,541.575,557.978,562.617,563.777,"AMD Ryzen 5 5600GT with Radeon Graphics","Null Device",False
2026-10-08T04:13:40.9014590Z,bandwidth,bw-m512-t2-v8-r1,bw.encode.ms,ms,80000,512,2,8,10,10,4,5,1200,3.613,3.909,4.82,5.244,10.531,"AMD Ryzen 5 5600GT with Radeon Graphics","Null Device",False
2026-10-08T04:13:40.9023430Z,bandwidth,bw-m512-t2-v8-r1,bw.interest.ms,ms,80000,512,2,8,10,10,4,5,1200,2.246,2.151,2.892,3.301,3.549,"AMD Ryzen 5 5600GT with Radeon Graphics","Null Device",False
2026-10-08T04:13:40.9032500Z,bandwidth,bw-m512-t2-v8-r1,bw.routes.ms,ms,80000,512,2,8,10,10,4,5,1200,1.451,0.975,1.44,23.797,54.993,"AMD Ryzen 5 5600GT with Radeon Graphics","Null Device",False
2026-10-08T04:13:40.9044160Z,bandwidth,bw-m512-t2-v8-r1,bw.routes.deferred,units,80000,512,2,8,10,10,4,5,1200,0,0,0,0,0,"AMD Ryzen 5 5600GT with Radeon Graphics","Null Device",False
2026-10-08T04:13:40.9068960Z,bandwidth,bw-m512-t2-v8-r1,bw.bytype.moveorder,share,80000,512,2,8,10,10,4,5,8,0.208,0.212,0.226,0.228,0.229,"AMD Ryzen 5 5600GT with Radeon Graphics","Null Device",False
2026-10-08T04:13:40.9076310Z,bandwidth,bw-m512-t2-v8-r1,bw.moveorder,count,80000,512,2,8,10,10,4,5,8,74222.5,74222.5,74925,74925,74925,"AMD Ryzen 5 5600GT with Radeon Graphics","Null Device",False
2026-10-08T04:13:40.9083350Z,bandwidth,bw-m512-t2-v8-r1,bw.bytype.correction,share,80000,512,2,8,10,10,4,5,8,0.64,0.633,0.676,0.677,0.677,"AMD Ryzen 5 5600GT with Radeon Graphics","Null Device",False
2026-10-08T04:13:40.9090460Z,bandwidth,bw-m512-t2-v8-r1,bw.correction,count,80000,512,2,8,10,10,4,5,8,2140052.5,2058282.5,2504958.9,2517056.58,2520081,"AMD Ryzen 5 5600GT with Radeon Graphics","Null Device",False
2026-10-08T04:13:40.9096280Z,bandwidth,bw-m512-t2-v8-r1,bw.bytype.health,share,80000,512,2,8,10,10,4,5,8,0.04,0.041,0.043,0.043,0.043,"AMD Ryzen 5 5600GT with Radeon Graphics","Null Device",False
2026-10-08T04:13:40.9100880Z,bandwidth,bw-m512-t2-v8-r1,bw.health,count,80000,512,2,8,10,10,4,5,8,310000,310000,316727,316727,316727,"AMD Ryzen 5 5600GT with Radeon Graphics","Null Device",False
2026-10-08T04:13:40.9105200Z,bandwidth,bw-m512-t2-v8-r1,bw.bytype.enter,share,80000,512,2,8,10,10,4,5,8,0.086,0.087,0.093,0.093,0.093,"AMD Ryzen 5 5600GT with Radeon Graphics","Null Device",False
2026-10-08T04:13:40.9109420Z,bandwidth,bw-m512-t2-v8-r1,bw.enter,count,80000,512,2,8,10,10,4,5,8,87738,87738,88544,88544,88544,"AMD Ryzen 5 5600GT with Radeon Graphics","Null Device",False
2026-10-08T04:13:40.9113800Z,bandwidth,bw-m512-t2-v8-r1,bw.bytype.leave,share,80000,512,2,8,10,10,4,5,8,0.007,0.007,0.008,0.008,0.008,"AMD Ryzen 5 5600GT with Radeon Graphics","Null Device",False
2026-10-08T04:13:40.9118000Z,bandwidth,bw-m512-t2-v8-r1,bw.leave,count,80000,512,2,8,10,10,4,5,8,47756,47756,48571,48571,48571,"AMD Ryzen 5 5600GT with Radeon Graphics","Null Device",False
2026-10-08T04:13:40.9122300Z,bandwidth,bw-m512-t2-v8-r1,bw.bytype.explosion,share,80000,512,2,8,10,10,4,5,8,0.011,0.012,0.012,0.012,0.012,"AMD Ryzen 5 5600GT with Radeon Graphics","Null Device",False
2026-10-08T04:13:40.9126500Z,bandwidth,bw-m512-t2-v8-r1,bw.explosion,count,80000,512,2,8,10,10,4,5,8,47525,47525,48518,48518,48518,"AMD Ryzen 5 5600GT with Radeon Graphics","Null Device",False
2026-10-08T04:13:40.9130740Z,bandwidth,bw-m512-t2-v8-r1,bw.bytype.fogdelta,share,80000,512,2,8,10,10,4,5,8,0.008,0.007,0.011,0.011,0.011,"AMD Ryzen 5 5600GT with Radeon Graphics","Null Device",False
2026-10-08T04:13:40.9135070Z,bandwidth,bw-m512-t2-v8-r1,bw.fogdelta,count,80000,512,2,8,10,10,4,5,8,87328,87328,119743,119743,119743,"AMD Ryzen 5 5600GT with Radeon Graphics","Null Device",False
2026-10-08T04:13:40.9139320Z,bandwidth,bw-m512-t2-v8-r1,bw.waypoints,waypoints,80000,512,2,8,10,10,4,5,1,14.076,14.076,14.076,14.076,14.076,"AMD Ryzen 5 5600GT with Radeon Graphics","Null Device",False
2026-10-08T04:13:40.9143630Z,bandwidth,bw-m512-t2-v8-r1,bw.waypoints.smoothed,waypoints,80000,512,2,8,10,10,4,5,1,2.5,2.5,2.5,2.5,2.5,"AMD Ryzen 5 5600GT with Radeon Graphics","Null Device",False
2026-10-08T04:13:40.9147820Z,bandwidth,bw-m512-t2-v8-r1,bw.waypoints.saved,share,80000,512,2,8,10,10,4,5,1,0.822,0.822,0.822,0.822,0.822,"AMD Ryzen 5 5600GT with Radeon Graphics","Null Device",False
2026-10-08T04:13:40.9174400Z,bandwidth,bw-m512-t2-v8-r1,bw.units,units,80000,512,2,8,10,10,4,5,1,79964,79964,79964,79964,79964,"AMD Ryzen 5 5600GT with Radeon Graphics","Null Device",False
2026-10-08T04:13:40.9216100Z,bandwidth,bw-m512-t2-v8-r1,bw.units.engaged,share,80000,512,2,8,10,10,4,5,1,0.077,0.077,0.077,0.077,0.077,"AMD Ryzen 5 5600GT with Radeon Graphics","Null Device",False
2026-10-08T04:13:40.9220470Z,bandwidth,bw-m512-t2-v8-r1,bw.units.ordered,share,80000,512,2,8,10,10,4,5,1,0.971,0.971,0.971,0.971,0.971,"AMD Ryzen 5 5600GT with Radeon Graphics","Null Device",False
2026-10-08T04:13:40.9226120Z,bandwidth,bw-m512-t2-v8-r1,bw.allowed,units,80000,512,2,8,10,10,4,5,1,39973,39973,39973,39973,39973,"AMD Ryzen 5 5600GT with Radeon Graphics","Null Device",False
2026-10-08T04:13:40.9230570Z,bandwidth,bw-m512-t2-v8-r1,bw.corrections.perunit,corrections,80000,512,2,8,10,10,4,5,1,0.04,0.04,0.04,0.04,0.04,"AMD Ryzen 5 5600GT with Radeon Graphics","Null Device",False
2026-10-08T04:13:40.9240600Z,bandwidth,bw-m512-t2-v8-r1,bw.error.all.mean,tiles,80000,512,2,8,10,10,4,5,1,0.526,0.526,0.526,0.526,0.526,"AMD Ryzen 5 5600GT with Radeon Graphics","Null Device",False
2026-10-08T04:13:40.9245850Z,bandwidth,bw-m512-t2-v8-r1,bw.error.all.p50,tiles,80000,512,2,8,10,10,4,5,1,0.078,0.078,0.078,0.078,0.078,"AMD Ryzen 5 5600GT with Radeon Graphics","Null Device",False
2026-10-08T04:13:40.9250270Z,bandwidth,bw-m512-t2-v8-r1,bw.error.all.p95,tiles,80000,512,2,8,10,10,4,5,1,1.797,1.797,1.797,1.797,1.797,"AMD Ryzen 5 5600GT with Radeon Graphics","Null Device",False
2026-10-08T04:13:40.9254630Z,bandwidth,bw-m512-t2-v8-r1,bw.error.all.p99,tiles,80000,512,2,8,10,10,4,5,1,1.969,1.969,1.969,1.969,1.969,"AMD Ryzen 5 5600GT with Radeon Graphics","Null Device",False
2026-10-08T04:13:40.9259430Z,bandwidth,bw-m512-t2-v8-r1,bw.error.view.mean,tiles,80000,512,2,8,10,10,4,5,1,0.063,0.063,0.063,0.063,0.063,"AMD Ryzen 5 5600GT with Radeon Graphics","Null Device",False
2026-10-08T04:13:40.9263770Z,bandwidth,bw-m512-t2-v8-r1,bw.error.view.p50,tiles,80000,512,2,8,10,10,4,5,1,0.063,0.063,0.063,0.063,0.063,"AMD Ryzen 5 5600GT with Radeon Graphics","Null Device",False
2026-10-08T04:13:40.9267930Z,bandwidth,bw-m512-t2-v8-r1,bw.error.view.p95,tiles,80000,512,2,8,10,10,4,5,1,0.203,0.203,0.203,0.203,0.203,"AMD Ryzen 5 5600GT with Radeon Graphics","Null Device",False
2026-10-08T04:13:40.9272220Z,bandwidth,bw-m512-t2-v8-r1,bw.error.view.p99,tiles,80000,512,2,8,10,10,4,5,1,0.25,0.25,0.25,0.25,0.25,"AMD Ryzen 5 5600GT with Radeon Graphics","Null Device",False
2026-10-08T04:13:40.9277000Z,bandwidth,bw-m512-t2-v8-r1,bw.error.raw.mean,tiles,80000,512,2,8,10,10,4,5,1,0.821,0.821,0.821,0.821,0.821,"AMD Ryzen 5 5600GT with Radeon Graphics","Null Device",False
2026-10-08T04:13:40.9281280Z,bandwidth,bw-m512-t2-v8-r1,bw.error.raw.p50,tiles,80000,512,2,8,10,10,4,5,1,0.734,0.734,0.734,0.734,0.734,"AMD Ryzen 5 5600GT with Radeon Graphics","Null Device",False
2026-10-08T04:13:40.9286440Z,bandwidth,bw-m512-t2-v8-r1,bw.error.raw.p95,tiles,80000,512,2,8,10,10,4,5,1,1.891,1.891,1.891,1.891,1.891,"AMD Ryzen 5 5600GT with Radeon Graphics","Null Device",False
2026-10-08T04:13:40.9292190Z,bandwidth,bw-m512-t2-v8-r1,bw.error.raw.p99,tiles,80000,512,2,8,10,10,4,5,1,2.406,2.406,2.406,2.406,2.406,"AMD Ryzen 5 5600GT with Radeon Graphics","Null Device",False
2026-10-08T04:13:40.9298510Z,bandwidth,bw-m512-t2-v8-r1,bw.error.rawanchored.mean,tiles,80000,512,2,8,10,10,4,5,1,0.824,0.824,0.824,0.824,0.824,"AMD Ryzen 5 5600GT with Radeon Graphics","Null Device",False
2026-10-08T04:13:40.9304220Z,bandwidth,bw-m512-t2-v8-r1,bw.error.rawanchored.p50,tiles,80000,512,2,8,10,10,4,5,1,0.734,0.734,0.734,0.734,0.734,"AMD Ryzen 5 5600GT with Radeon Graphics","Null Device",False
2026-10-08T04:13:40.9308990Z,bandwidth,bw-m512-t2-v8-r1,bw.error.rawanchored.p95,tiles,80000,512,2,8,10,10,4,5,1,1.875,1.875,1.875,1.875,1.875,"AMD Ryzen 5 5600GT with Radeon Graphics","Null Device",False
2026-10-08T04:13:40.9314780Z,bandwidth,bw-m512-t2-v8-r1,bw.error.rawanchored.p99,tiles,80000,512,2,8,10,10,4,5,1,2.391,2.391,2.391,2.391,2.391,"AMD Ryzen 5 5600GT with Radeon Graphics","Null Device",False
2026-10-08T04:13:40.9319600Z,bandwidth,bw-m512-t2-v8-r1,bw.checks.anchored,share,80000,512,2,8,10,10,4,5,1,0.948,0.948,0.948,0.948,0.948,"AMD Ryzen 5 5600GT with Radeon Graphics","Null Device",False
2026-10-08T04:13:40.9324070Z,bandwidth,bw-m512-t2-v8-r1,bw.route.live,waypoints,80000,512,2,8,10,10,4,5,1,3552134,3552134,3552134,3552134,3552134,"AMD Ryzen 5 5600GT with Radeon Graphics","Null Device",False
2026-10-08T04:13:40.9328400Z,bandwidth,bw-m512-t2-v8-r1,bw.route.arena,MB,80000,512,2,8,10,10,4,5,1,32,32,32,32,32,"AMD Ryzen 5 5600GT with Radeon Graphics","Null Device",False
2026-10-08T04:13:44.4557330Z,bandwidth,bw-m512-t2-v16-r1,bw.snapshot.bytes,KB,80000,512,2,16,10,10,4,5,8,801.849,801.849,817.407,817.407,817.407,"AMD Ryzen 5 5600GT with Radeon Graphics","Null Device",False
2026-10-08T04:13:44.4653040Z,bandwidth,bw-m512-t2-v16-r1,bw.snapshot.wire,KB,80000,512,2,16,10,10,4,5,8,837.508,837.508,853.778,853.778,853.778,"AMD Ryzen 5 5600GT with Radeon Graphics","Null Device",False
2026-10-08T04:13:44.4658320Z,bandwidth,bw-m512-t2-v16-r1,bw.snapshot.units,units,80000,512,2,16,10,10,4,5,8,40000,40000,40000,40000,40000,"AMD Ryzen 5 5600GT with Radeon Graphics","Null Device",False
2026-10-08T04:13:44.4663120Z,bandwidth,bw-m512-t2-v16-r1,bw.snapshot.seconds,s,80000,512,2,16,10,10,4,5,8,3.272,3.272,3.335,3.335,3.335,"AMD Ryzen 5 5600GT with Radeon Graphics","Null Device",False
2026-10-08T04:14:23.1237810Z,bandwidth,bw-m512-t2-v16-r1,bw.avg,KB/s,80000,512,2,16,10,10,4,5,8,263.323,256.589,293.069,294.349,294.669,"AMD Ryzen 5 5600GT with Radeon Graphics","Null Device",False
2026-10-08T04:14:23.1243900Z,bandwidth,bw-m512-t2-v16-r1,bw.peak1s,KB/s,80000,512,2,16,10,10,4,5,8,513.608,513.617,528.68,532.841,533.882,"AMD Ryzen 5 5600GT with Radeon Graphics","Null Device",False
2026-10-08T04:14:23.1250330Z,bandwidth,bw-m512-t2-v16-r1,bw.wire.avg,KB/s,80000,512,2,16,10,10,4,5,8,283.829,276.483,316.219,317.541,317.872,"AMD Ryzen 5 5600GT with Radeon Graphics","Null Device",False
2026-10-08T04:14:23.1254930Z,bandwidth,bw-m512-t2-v16-r1,bw.wire.peak1s,KB/s,80000,512,2,16,10,10,4,5,8,541.69,541.616,558.186,562.692,563.818,"AMD Ryzen 5 5600GT with Radeon Graphics","Null Device",False
2026-10-08T04:14:23.1259490Z,bandwidth,bw-m512-t2-v16-r1,bw.encode.ms,ms,80000,512,2,16,10,10,4,5,1200,3.631,3.846,4.799,5.255,10.032,"AMD Ryzen 5 5600GT with Radeon Graphics","Null Device",False
2026-10-08T04:14:23.1269140Z,bandwidth,bw-m512-t2-v16-r1,bw.interest.ms,ms,80000,512,2,16,10,10,4,5,1200,2.255,2.158,2.936,3.409,3.824,"AMD Ryzen 5 5600GT with Radeon Graphics","Null Device",False
2026-10-08T04:14:23.1278600Z,bandwidth,bw-m512-t2-v16-r1,bw.routes.ms,ms,80000,512,2,16,10,10,4,5,1200,1.445,0.985,1.441,24.411,53.531,"AMD Ryzen 5 5600GT with Radeon Graphics","Null Device",False
2026-10-08T04:14:23.1290750Z,bandwidth,bw-m512-t2-v16-r1,bw.routes.deferred,units,80000,512,2,16,10,10,4,5,1200,0,0,0,0,0,"AMD Ryzen 5 5600GT with Radeon Graphics","Null Device",False
2026-10-08T04:14:23.1312670Z,bandwidth,bw-m512-t2-v16-r1,bw.bytype.moveorder,share,80000,512,2,16,10,10,4,5,8,0.208,0.212,0.226,0.228,0.228,"AMD Ryzen 5 5600GT with Radeon Graphics","Null Device",False
2026-10-08T04:14:23.1317620Z,bandwidth,bw-m512-t2-v16-r1,bw.moveorder,count,80000,512,2,16,10,10,4,5,8,74222.5,74222.5,74925,74925,74925,"AMD Ryzen 5 5600GT with Radeon Graphics","Null Device",False
2026-10-08T04:14:23.1322250Z,bandwidth,bw-m512-t2-v16-r1,bw.bytype.correction,share,80000,512,2,16,10,10,4,5,8,0.64,0.632,0.676,0.676,0.676,"AMD Ryzen 5 5600GT with Radeon Graphics","Null Device",False
2026-10-08T04:14:23.1326790Z,bandwidth,bw-m512-t2-v16-r1,bw.correction,count,80000,512,2,16,10,10,4,5,8,2140052.5,2058282.5,2504958.9,2517056.58,2520081,"AMD Ryzen 5 5600GT with Radeon Graphics","Null Device",False
2026-10-08T04:14:23.1331830Z,bandwidth,bw-m512-t2-v16-r1,bw.bytype.health,share,80000,512,2,16,10,10,4,5,8,0.04,0.041,0.043,0.043,0.043,"AMD Ryzen 5 5600GT with Radeon Graphics","Null Device",False
2026-10-08T04:14:23.1336600Z,bandwidth,bw-m512-t2-v16-r1,bw.health,count,80000,512,2,16,10,10,4,5,8,310000,310000,316727,316727,316727,"AMD Ryzen 5 5600GT with Radeon Graphics","Null Device",False
2026-10-08T04:14:23.1341520Z,bandwidth,bw-m512-t2-v16-r1,bw.bytype.enter,share,80000,512,2,16,10,10,4,5,8,0.086,0.087,0.093,0.093,0.093,"AMD Ryzen 5 5600GT with Radeon Graphics","Null Device",False
2026-10-08T04:14:23.1346440Z,bandwidth,bw-m512-t2-v16-r1,bw.enter,count,80000,512,2,16,10,10,4,5,8,87738,87738,88544,88544,88544,"AMD Ryzen 5 5600GT with Radeon Graphics","Null Device",False
2026-10-08T04:14:23.1351260Z,bandwidth,bw-m512-t2-v16-r1,bw.bytype.leave,share,80000,512,2,16,10,10,4,5,8,0.007,0.007,0.008,0.008,0.008,"AMD Ryzen 5 5600GT with Radeon Graphics","Null Device",False
2026-10-08T04:14:23.1356140Z,bandwidth,bw-m512-t2-v16-r1,bw.leave,count,80000,512,2,16,10,10,4,5,8,47756,47756,48571,48571,48571,"AMD Ryzen 5 5600GT with Radeon Graphics","Null Device",False
2026-10-08T04:14:23.1360890Z,bandwidth,bw-m512-t2-v16-r1,bw.bytype.explosion,share,80000,512,2,16,10,10,4,5,8,0.011,0.012,0.012,0.012,0.012,"AMD Ryzen 5 5600GT with Radeon Graphics","Null Device",False
2026-10-08T04:14:23.1366390Z,bandwidth,bw-m512-t2-v16-r1,bw.explosion,count,80000,512,2,16,10,10,4,5,8,47525,47525,48518,48518,48518,"AMD Ryzen 5 5600GT with Radeon Graphics","Null Device",False
2026-10-08T04:14:23.1371200Z,bandwidth,bw-m512-t2-v16-r1,bw.bytype.fogdelta,share,80000,512,2,16,10,10,4,5,8,0.008,0.008,0.012,0.012,0.012,"AMD Ryzen 5 5600GT with Radeon Graphics","Null Device",False
2026-10-08T04:14:23.1376100Z,bandwidth,bw-m512-t2-v16-r1,bw.fogdelta,count,80000,512,2,16,10,10,4,5,8,96900.5,96900.5,139111,139111,139111,"AMD Ryzen 5 5600GT with Radeon Graphics","Null Device",False
2026-10-08T04:14:23.1381030Z,bandwidth,bw-m512-t2-v16-r1,bw.waypoints,waypoints,80000,512,2,16,10,10,4,5,1,14.076,14.076,14.076,14.076,14.076,"AMD Ryzen 5 5600GT with Radeon Graphics","Null Device",False
2026-10-08T04:14:23.1386160Z,bandwidth,bw-m512-t2-v16-r1,bw.waypoints.smoothed,waypoints,80000,512,2,16,10,10,4,5,1,2.5,2.5,2.5,2.5,2.5,"AMD Ryzen 5 5600GT with Radeon Graphics","Null Device",False
2026-10-08T04:14:23.1391500Z,bandwidth,bw-m512-t2-v16-r1,bw.waypoints.saved,share,80000,512,2,16,10,10,4,5,1,0.822,0.822,0.822,0.822,0.822,"AMD Ryzen 5 5600GT with Radeon Graphics","Null Device",False
2026-10-08T04:14:23.1418580Z,bandwidth,bw-m512-t2-v16-r1,bw.units,units,80000,512,2,16,10,10,4,5,1,79964,79964,79964,79964,79964,"AMD Ryzen 5 5600GT with Radeon Graphics","Null Device",False
2026-10-08T04:14:23.1463530Z,bandwidth,bw-m512-t2-v16-r1,bw.units.engaged,share,80000,512,2,16,10,10,4,5,1,0.077,0.077,0.077,0.077,0.077,"AMD Ryzen 5 5600GT with Radeon Graphics","Null Device",False
2026-10-08T04:14:23.1468650Z,bandwidth,bw-m512-t2-v16-r1,bw.units.ordered,share,80000,512,2,16,10,10,4,5,1,0.971,0.971,0.971,0.971,0.971,"AMD Ryzen 5 5600GT with Radeon Graphics","Null Device",False
2026-10-08T04:14:23.1475020Z,bandwidth,bw-m512-t2-v16-r1,bw.allowed,units,80000,512,2,16,10,10,4,5,1,39973,39973,39973,39973,39973,"AMD Ryzen 5 5600GT with Radeon Graphics","Null Device",False
2026-10-08T04:14:23.1480210Z,bandwidth,bw-m512-t2-v16-r1,bw.corrections.perunit,corrections,80000,512,2,16,10,10,4,5,1,0.04,0.04,0.04,0.04,0.04,"AMD Ryzen 5 5600GT with Radeon Graphics","Null Device",False
2026-10-08T04:14:23.1491840Z,bandwidth,bw-m512-t2-v16-r1,bw.error.all.mean,tiles,80000,512,2,16,10,10,4,5,1,0.526,0.526,0.526,0.526,0.526,"AMD Ryzen 5 5600GT with Radeon Graphics","Null Device",False
2026-10-08T04:14:23.1498260Z,bandwidth,bw-m512-t2-v16-r1,bw.error.all.p50,tiles,80000,512,2,16,10,10,4,5,1,0.078,0.078,0.078,0.078,0.078,"AMD Ryzen 5 5600GT with Radeon Graphics","Null Device",False
2026-10-08T04:14:23.1503290Z,bandwidth,bw-m512-t2-v16-r1,bw.error.all.p95,tiles,80000,512,2,16,10,10,4,5,1,1.797,1.797,1.797,1.797,1.797,"AMD Ryzen 5 5600GT with Radeon Graphics","Null Device",False
2026-10-08T04:14:23.1508210Z,bandwidth,bw-m512-t2-v16-r1,bw.error.all.p99,tiles,80000,512,2,16,10,10,4,5,1,1.969,1.969,1.969,1.969,1.969,"AMD Ryzen 5 5600GT with Radeon Graphics","Null Device",False
2026-10-08T04:14:23.1513860Z,bandwidth,bw-m512-t2-v16-r1,bw.error.view.mean,tiles,80000,512,2,16,10,10,4,5,1,0.063,0.063,0.063,0.063,0.063,"AMD Ryzen 5 5600GT with Radeon Graphics","Null Device",False
2026-10-08T04:14:23.1518760Z,bandwidth,bw-m512-t2-v16-r1,bw.error.view.p50,tiles,80000,512,2,16,10,10,4,5,1,0.063,0.063,0.063,0.063,0.063,"AMD Ryzen 5 5600GT with Radeon Graphics","Null Device",False
2026-10-08T04:14:23.1523610Z,bandwidth,bw-m512-t2-v16-r1,bw.error.view.p95,tiles,80000,512,2,16,10,10,4,5,1,0.203,0.203,0.203,0.203,0.203,"AMD Ryzen 5 5600GT with Radeon Graphics","Null Device",False
2026-10-08T04:14:23.1528400Z,bandwidth,bw-m512-t2-v16-r1,bw.error.view.p99,tiles,80000,512,2,16,10,10,4,5,1,0.25,0.25,0.25,0.25,0.25,"AMD Ryzen 5 5600GT with Radeon Graphics","Null Device",False
2026-10-08T04:14:23.1534100Z,bandwidth,bw-m512-t2-v16-r1,bw.error.raw.mean,tiles,80000,512,2,16,10,10,4,5,1,0.821,0.821,0.821,0.821,0.821,"AMD Ryzen 5 5600GT with Radeon Graphics","Null Device",False
2026-10-08T04:14:23.1538930Z,bandwidth,bw-m512-t2-v16-r1,bw.error.raw.p50,tiles,80000,512,2,16,10,10,4,5,1,0.734,0.734,0.734,0.734,0.734,"AMD Ryzen 5 5600GT with Radeon Graphics","Null Device",False
2026-10-08T04:14:23.1543760Z,bandwidth,bw-m512-t2-v16-r1,bw.error.raw.p95,tiles,80000,512,2,16,10,10,4,5,1,1.891,1.891,1.891,1.891,1.891,"AMD Ryzen 5 5600GT with Radeon Graphics","Null Device",False
2026-10-08T04:14:23.1548540Z,bandwidth,bw-m512-t2-v16-r1,bw.error.raw.p99,tiles,80000,512,2,16,10,10,4,5,1,2.406,2.406,2.406,2.406,2.406,"AMD Ryzen 5 5600GT with Radeon Graphics","Null Device",False
2026-10-08T04:14:23.1554000Z,bandwidth,bw-m512-t2-v16-r1,bw.error.rawanchored.mean,tiles,80000,512,2,16,10,10,4,5,1,0.824,0.824,0.824,0.824,0.824,"AMD Ryzen 5 5600GT with Radeon Graphics","Null Device",False
2026-10-08T04:14:23.1558890Z,bandwidth,bw-m512-t2-v16-r1,bw.error.rawanchored.p50,tiles,80000,512,2,16,10,10,4,5,1,0.734,0.734,0.734,0.734,0.734,"AMD Ryzen 5 5600GT with Radeon Graphics","Null Device",False
2026-10-08T04:14:23.1563620Z,bandwidth,bw-m512-t2-v16-r1,bw.error.rawanchored.p95,tiles,80000,512,2,16,10,10,4,5,1,1.875,1.875,1.875,1.875,1.875,"AMD Ryzen 5 5600GT with Radeon Graphics","Null Device",False
2026-10-08T04:14:23.1568400Z,bandwidth,bw-m512-t2-v16-r1,bw.error.rawanchored.p99,tiles,80000,512,2,16,10,10,4,5,1,2.391,2.391,2.391,2.391,2.391,"AMD Ryzen 5 5600GT with Radeon Graphics","Null Device",False
2026-10-08T04:14:23.1573990Z,bandwidth,bw-m512-t2-v16-r1,bw.checks.anchored,share,80000,512,2,16,10,10,4,5,1,0.948,0.948,0.948,0.948,0.948,"AMD Ryzen 5 5600GT with Radeon Graphics","Null Device",False
2026-10-08T04:14:23.1578970Z,bandwidth,bw-m512-t2-v16-r1,bw.route.live,waypoints,80000,512,2,16,10,10,4,5,1,3552134,3552134,3552134,3552134,3552134,"AMD Ryzen 5 5600GT with Radeon Graphics","Null Device",False
2026-10-08T04:14:23.1583900Z,bandwidth,bw-m512-t2-v16-r1,bw.route.arena,MB,80000,512,2,16,10,10,4,5,1,32,32,32,32,32,"AMD Ryzen 5 5600GT with Radeon Graphics","Null Device",False
2026-10-08T04:14:26.6876230Z,bandwidth,bw-m512-t2-v32-r1,bw.snapshot.bytes,KB,80000,512,2,32,10,10,4,5,8,804.452,804.452,822.613,822.613,822.613,"AMD Ryzen 5 5600GT with Radeon Graphics","Null Device",False
2026-10-08T04:14:26.6969810Z,bandwidth,bw-m512-t2-v32-r1,bw.snapshot.wire,KB,80000,512,2,32,10,10,4,5,8,840.238,840.238,859.238,859.238,859.238,"AMD Ryzen 5 5600GT with Radeon Graphics","Null Device",False
2026-10-08T04:14:26.6974690Z,bandwidth,bw-m512-t2-v32-r1,bw.snapshot.units,units,80000,512,2,32,10,10,4,5,8,40000,40000,40000,40000,40000,"AMD Ryzen 5 5600GT with Radeon Graphics","Null Device",False
2026-10-08T04:14:26.6979300Z,bandwidth,bw-m512-t2-v32-r1,bw.snapshot.seconds,s,80000,512,2,32,10,10,4,5,8,3.282,3.282,3.356,3.356,3.356,"AMD Ryzen 5 5600GT with Radeon Graphics","Null Device",False
2026-10-08T04:15:07.1665570Z,bandwidth,bw-m512-t2-v32-r1,bw.avg,KB/s,80000,512,2,32,10,10,4,5,8,264.111,257.377,293.982,295.495,295.874,"AMD Ryzen 5 5600GT with Radeon Graphics","Null Device",False
2026-10-08T04:15:07.1671090Z,bandwidth,bw-m512-t2-v32-r1,bw.peak1s,KB/s,80000,512,2,32,10,10,4,5,8,513.975,513.721,528.92,532.973,533.986,"AMD Ryzen 5 5600GT with Radeon Graphics","Null Device",False
2026-10-08T04:15:07.1675910Z,bandwidth,bw-m512-t2-v32-r1,bw.wire.avg,KB/s,80000,512,2,32,10,10,4,5,8,284.648,277.302,317.17,318.738,319.131,"AMD Ryzen 5 5600GT with Radeon Graphics","Null Device",False
2026-10-08T04:15:07.1680270Z,bandwidth,bw-m512-t2-v32-r1,bw.wire.peak1s,KB/s,80000,512,2,32,10,10,4,5,8,542.083,541.721,558.444,562.827,563.923,"AMD Ryzen 5 5600GT with Radeon Graphics","Null Device",False
2026-10-08T04:15:07.1684730Z,bandwidth,bw-m512-t2-v32-r1,bw.encode.ms,ms,80000,512,2,32,10,10,4,5,1200,3.591,3.882,4.801,5.341,10.802,"AMD Ryzen 5 5600GT with Radeon Graphics","Null Device",False
2026-10-08T04:15:07.1693570Z,bandwidth,bw-m512-t2-v32-r1,bw.interest.ms,ms,80000,512,2,32,10,10,4,5,1200,2.232,2.156,2.705,3.278,3.491,"AMD Ryzen 5 5600GT with Radeon Graphics","Null Device",False
2026-10-08T04:15:07.1702980Z,bandwidth,bw-m512-t2-v32-r1,bw.routes.ms,ms,80000,512,2,32,10,10,4,5,1200,1.436,0.966,1.39,23.68,53.149,"AMD Ryzen 5 5600GT with Radeon Graphics","Null Device",False
2026-10-08T04:15:07.1711880Z,bandwidth,bw-m512-t2-v32-r1,bw.routes.deferred,units,80000,512,2,32,10,10,4,5,1200,0,0,0,0,0,"AMD Ryzen 5 5600GT with Radeon Graphics","Null Device",False
2026-10-08T04:15:07.1732820Z,bandwidth,bw-m512-t2-v32-r1,bw.bytype.moveorder,share,80000,512,2,32,10,10,4,5,8,0.207,0.212,0.225,0.227,0.227,"AMD Ryzen 5 5600GT with Radeon Graphics","Null Device",False
2026-10-08T04:15:07.1737430Z,bandwidth,bw-m512-t2-v32-r1,bw.moveorder,count,80000,512,2,32,10,10,4,5,8,74222.5,74222.5,74925,74925,74925,"AMD Ryzen 5 5600GT with Radeon Graphics","Null Device",False
2026-10-08T04:15:07.1741740Z,bandwidth,bw-m512-t2-v32-r1,bw.bytype.correction,share,80000,512,2,32,10,10,4,5,8,0.638,0.63,0.674,0.674,0.674,"AMD Ryzen 5 5600GT with Radeon Graphics","Null Device",False
2026-10-08T04:15:07.1746130Z,bandwidth,bw-m512-t2-v32-r1,bw.correction,count,80000,512,2,32,10,10,4,5,8,2140052.5,2058282.5,2504958.9,2517056.58,2520081,"AMD Ryzen 5 5600GT with Radeon Graphics","Null Device",False
2026-10-08T04:15:07.1750550Z,bandwidth,bw-m512-t2-v32-r1,bw.bytype.health,share,80000,512,2,32,10,10,4,5,8,0.04,0.041,0.043,0.043,0.043,"AMD Ryzen 5 5600GT with Radeon Graphics","Null Device",False
2026-10-08T04:15:07.1754950Z,bandwidth,bw-m512-t2-v32-r1,bw.health,count,80000,512,2,32,10,10,4,5,8,310000,310000,316727,316727,316727,"AMD Ryzen 5 5600GT with Radeon Graphics","Null Device",False
2026-10-08T04:15:07.1759160Z,bandwidth,bw-m512-t2-v32-r1,bw.bytype.enter,share,80000,512,2,32,10,10,4,5,8,0.085,0.087,0.092,0.093,0.093,"AMD Ryzen 5 5600GT with Radeon Graphics","Null Device",False
2026-10-08T04:15:07.1763970Z,bandwidth,bw-m512-t2-v32-r1,bw.enter,count,80000,512,2,32,10,10,4,5,8,87738,87738,88544,88544,88544,"AMD Ryzen 5 5600GT with Radeon Graphics","Null Device",False
2026-10-08T04:15:07.1768380Z,bandwidth,bw-m512-t2-v32-r1,bw.bytype.leave,share,80000,512,2,32,10,10,4,5,8,0.007,0.007,0.008,0.008,0.008,"AMD Ryzen 5 5600GT with Radeon Graphics","Null Device",False
2026-10-08T04:15:07.1772820Z,bandwidth,bw-m512-t2-v32-r1,bw.leave,count,80000,512,2,32,10,10,4,5,8,47756,47756,48571,48571,48571,"AMD Ryzen 5 5600GT with Radeon Graphics","Null Device",False
2026-10-08T04:15:07.1777170Z,bandwidth,bw-m512-t2-v32-r1,bw.bytype.explosion,share,80000,512,2,32,10,10,4,5,8,0.011,0.012,0.012,0.012,0.012,"AMD Ryzen 5 5600GT with Radeon Graphics","Null Device",False
2026-10-08T04:15:07.1781360Z,bandwidth,bw-m512-t2-v32-r1,bw.explosion,count,80000,512,2,32,10,10,4,5,8,47525,47525,48518,48518,48518,"AMD Ryzen 5 5600GT with Radeon Graphics","Null Device",False
2026-10-08T04:15:07.1785820Z,bandwidth,bw-m512-t2-v32-r1,bw.bytype.fogdelta,share,80000,512,2,32,10,10,4,5,8,0.011,0.01,0.017,0.017,0.017,"AMD Ryzen 5 5600GT with Radeon Graphics","Null Device",False
2026-10-08T04:15:07.1790170Z,bandwidth,bw-m512-t2-v32-r1,bw.fogdelta,count,80000,512,2,32,10,10,4,5,8,137469,137469,204139,204139,204139,"AMD Ryzen 5 5600GT with Radeon Graphics","Null Device",False
2026-10-08T04:15:07.1794480Z,bandwidth,bw-m512-t2-v32-r1,bw.waypoints,waypoints,80000,512,2,32,10,10,4,5,1,14.076,14.076,14.076,14.076,14.076,"AMD Ryzen 5 5600GT with Radeon Graphics","Null Device",False
2026-10-08T04:15:07.1798820Z,bandwidth,bw-m512-t2-v32-r1,bw.waypoints.smoothed,waypoints,80000,512,2,32,10,10,4,5,1,2.5,2.5,2.5,2.5,2.5,"AMD Ryzen 5 5600GT with Radeon Graphics","Null Device",False
2026-10-08T04:15:07.1803230Z,bandwidth,bw-m512-t2-v32-r1,bw.waypoints.saved,share,80000,512,2,32,10,10,4,5,1,0.822,0.822,0.822,0.822,0.822,"AMD Ryzen 5 5600GT with Radeon Graphics","Null Device",False
2026-10-08T04:15:07.1829310Z,bandwidth,bw-m512-t2-v32-r1,bw.units,units,80000,512,2,32,10,10,4,5,1,79964,79964,79964,79964,79964,"AMD Ryzen 5 5600GT with Radeon Graphics","Null Device",False
2026-10-08T04:15:07.1874850Z,bandwidth,bw-m512-t2-v32-r1,bw.units.engaged,share,80000,512,2,32,10,10,4,5,1,0.077,0.077,0.077,0.077,0.077,"AMD Ryzen 5 5600GT with Radeon Graphics","Null Device",False
2026-10-08T04:15:07.1881570Z,bandwidth,bw-m512-t2-v32-r1,bw.units.ordered,share,80000,512,2,32,10,10,4,5,1,0.971,0.971,0.971,0.971,0.971,"AMD Ryzen 5 5600GT with Radeon Graphics","Null Device",False
2026-10-08T04:15:07.1889800Z,bandwidth,bw-m512-t2-v32-r1,bw.allowed,units,80000,512,2,32,10,10,4,5,1,39973,39973,39973,39973,39973,"AMD Ryzen 5 5600GT with Radeon Graphics","Null Device",False
2026-10-08T04:15:07.1896060Z,bandwidth,bw-m512-t2-v32-r1,bw.corrections.perunit,corrections,80000,512,2,32,10,10,4,5,1,0.04,0.04,0.04,0.04,0.04,"AMD Ryzen 5 5600GT with Radeon Graphics","Null Device",False
2026-10-08T04:15:07.1907630Z,bandwidth,bw-m512-t2-v32-r1,bw.error.all.mean,tiles,80000,512,2,32,10,10,4,5,1,0.526,0.526,0.526,0.526,0.526,"AMD Ryzen 5 5600GT with Radeon Graphics","Null Device",False
2026-10-08T04:15:07.1913060Z,bandwidth,bw-m512-t2-v32-r1,bw.error.all.p50,tiles,80000,512,2,32,10,10,4,5,1,0.078,0.078,0.078,0.078,0.078,"AMD Ryzen 5 5600GT with Radeon Graphics","Null Device",False
2026-10-08T04:15:07.1917580Z,bandwidth,bw-m512-t2-v32-r1,bw.error.all.p95,tiles,80000,512,2,32,10,10,4,5,1,1.797,1.797,1.797,1.797,1.797,"AMD Ryzen 5 5600GT with Radeon Graphics","Null Device",False
2026-10-08T04:15:07.1922040Z,bandwidth,bw-m512-t2-v32-r1,bw.error.all.p99,tiles,80000,512,2,32,10,10,4,5,1,1.969,1.969,1.969,1.969,1.969,"AMD Ryzen 5 5600GT with Radeon Graphics","Null Device",False
2026-10-08T04:15:07.1927060Z,bandwidth,bw-m512-t2-v32-r1,bw.error.view.mean,tiles,80000,512,2,32,10,10,4,5,1,0.063,0.063,0.063,0.063,0.063,"AMD Ryzen 5 5600GT with Radeon Graphics","Null Device",False
2026-10-08T04:15:07.1931480Z,bandwidth,bw-m512-t2-v32-r1,bw.error.view.p50,tiles,80000,512,2,32,10,10,4,5,1,0.063,0.063,0.063,0.063,0.063,"AMD Ryzen 5 5600GT with Radeon Graphics","Null Device",False
2026-10-08T04:15:07.1935890Z,bandwidth,bw-m512-t2-v32-r1,bw.error.view.p95,tiles,80000,512,2,32,10,10,4,5,1,0.203,0.203,0.203,0.203,0.203,"AMD Ryzen 5 5600GT with Radeon Graphics","Null Device",False
2026-10-08T04:15:07.1940480Z,bandwidth,bw-m512-t2-v32-r1,bw.error.view.p99,tiles,80000,512,2,32,10,10,4,5,1,0.25,0.25,0.25,0.25,0.25,"AMD Ryzen 5 5600GT with Radeon Graphics","Null Device",False
2026-10-08T04:15:07.1945610Z,bandwidth,bw-m512-t2-v32-r1,bw.error.raw.mean,tiles,80000,512,2,32,10,10,4,5,1,0.821,0.821,0.821,0.821,0.821,"AMD Ryzen 5 5600GT with Radeon Graphics","Null Device",False
2026-10-08T04:15:07.1949940Z,bandwidth,bw-m512-t2-v32-r1,bw.error.raw.p50,tiles,80000,512,2,32,10,10,4,5,1,0.734,0.734,0.734,0.734,0.734,"AMD Ryzen 5 5600GT with Radeon Graphics","Null Device",False
2026-10-08T04:15:07.1954360Z,bandwidth,bw-m512-t2-v32-r1,bw.error.raw.p95,tiles,80000,512,2,32,10,10,4,5,1,1.891,1.891,1.891,1.891,1.891,"AMD Ryzen 5 5600GT with Radeon Graphics","Null Device",False
2026-10-08T04:15:07.1958570Z,bandwidth,bw-m512-t2-v32-r1,bw.error.raw.p99,tiles,80000,512,2,32,10,10,4,5,1,2.406,2.406,2.406,2.406,2.406,"AMD Ryzen 5 5600GT with Radeon Graphics","Null Device",False
2026-10-08T04:15:07.1963480Z,bandwidth,bw-m512-t2-v32-r1,bw.error.rawanchored.mean,tiles,80000,512,2,32,10,10,4,5,1,0.824,0.824,0.824,0.824,0.824,"AMD Ryzen 5 5600GT with Radeon Graphics","Null Device",False
2026-10-08T04:15:07.1967810Z,bandwidth,bw-m512-t2-v32-r1,bw.error.rawanchored.p50,tiles,80000,512,2,32,10,10,4,5,1,0.734,0.734,0.734,0.734,0.734,"AMD Ryzen 5 5600GT with Radeon Graphics","Null Device",False
2026-10-08T04:15:07.1972110Z,bandwidth,bw-m512-t2-v32-r1,bw.error.rawanchored.p95,tiles,80000,512,2,32,10,10,4,5,1,1.875,1.875,1.875,1.875,1.875,"AMD Ryzen 5 5600GT with Radeon Graphics","Null Device",False
2026-10-08T04:15:07.1976360Z,bandwidth,bw-m512-t2-v32-r1,bw.error.rawanchored.p99,tiles,80000,512,2,32,10,10,4,5,1,2.391,2.391,2.391,2.391,2.391,"AMD Ryzen 5 5600GT with Radeon Graphics","Null Device",False
2026-10-08T04:15:07.1981120Z,bandwidth,bw-m512-t2-v32-r1,bw.checks.anchored,share,80000,512,2,32,10,10,4,5,1,0.948,0.948,0.948,0.948,0.948,"AMD Ryzen 5 5600GT with Radeon Graphics","Null Device",False
2026-10-08T04:15:07.1985490Z,bandwidth,bw-m512-t2-v32-r1,bw.route.live,waypoints,80000,512,2,32,10,10,4,5,1,3552134,3552134,3552134,3552134,3552134,"AMD Ryzen 5 5600GT with Radeon Graphics","Null Device",False
2026-10-08T04:15:07.1989750Z,bandwidth,bw-m512-t2-v32-r1,bw.route.arena,MB,80000,512,2,32,10,10,4,5,1,32,32,32,32,32,"AMD Ryzen 5 5600GT with Radeon Graphics","Null Device",False
2026-10-08T04:15:11.3196390Z,bandwidth,bw-plan-m1024-t8-v8-r1,bw.snapshot.bytes,KB,80000,1024,8,8,10,10,4,5,8,488.866,484.752,520.898,520.898,520.898,"AMD Ryzen 5 5600GT with Radeon Graphics","Null Device",False
2026-10-08T04:15:11.3296440Z,bandwidth,bw-plan-m1024-t8-v8-r1,bw.snapshot.wire,KB,80000,1024,8,8,10,10,4,5,8,510.619,506.341,544.061,544.061,544.061,"AMD Ryzen 5 5600GT with Radeon Graphics","Null Device",False
2026-10-08T04:15:11.3302320Z,bandwidth,bw-plan-m1024-t8-v8-r1,bw.snapshot.units,units,80000,1024,8,8,10,10,4,5,8,20000,20000,20000,20000,20000,"AMD Ryzen 5 5600GT with Radeon Graphics","Null Device",False
2026-10-08T04:15:11.3306830Z,bandwidth,bw-plan-m1024-t8-v8-r1,bw.snapshot.seconds,s,80000,1024,8,8,10,10,4,5,8,1.995,1.978,2.125,2.125,2.125,"AMD Ryzen 5 5600GT with Radeon Graphics","Null Device",False
2026-10-08T04:15:52.0699890Z,bandwidth,bw-plan-m1024-t8-v8-r1,bw.avg,KB/s,80000,1024,8,8,10,10,4,5,8,634.92,659.477,677.455,678.971,679.35,"AMD Ryzen 5 5600GT with Radeon Graphics","Null Device",False
2026-10-08T04:15:52.0707500Z,bandwidth,bw-plan-m1024-t8-v8-r1,bw.peak1s,KB/s,80000,1024,8,8,10,10,4,5,8,1119.887,1115.338,1165.018,1166.664,1167.075,"AMD Ryzen 5 5600GT with Radeon Graphics","Null Device",False
2026-10-08T04:15:52.0714340Z,bandwidth,bw-plan-m1024-t8-v8-r1,bw.wire.avg,KB/s,80000,1024,8,8,10,10,4,5,8,689.351,716.008,734.866,736.371,736.747,"AMD Ryzen 5 5600GT with Radeon Graphics","Null Device",False
2026-10-08T04:15:52.0719640Z,bandwidth,bw-plan-m1024-t8-v8-r1,bw.wire.peak1s,KB/s,80000,1024,8,8,10,10,4,5,8,1209.037,1204.083,1256.627,1258.36,1258.793,"AMD Ryzen 5 5600GT with Radeon Graphics","Null Device",False
2026-10-08T04:15:52.0724920Z,bandwidth,bw-plan-m1024-t8-v8-r1,bw.encode.ms,ms,80000,1024,8,8,10,10,4,5,1200,2.672,2.727,3.442,4.098,9.661,"AMD Ryzen 5 5600GT with Radeon Graphics","Null Device",False
2026-10-08T04:15:52.0735710Z,bandwidth,bw-plan-m1024-t8-v8-r1,bw.interest.ms,ms,80000,1024,8,8,10,10,4,5,1200,4.962,4.918,5.45,5.75,6.435,"AMD Ryzen 5 5600GT with Radeon Graphics","Null Device",False
2026-10-08T04:15:52.0746850Z,bandwidth,bw-plan-m1024-t8-v8-r1,bw.routes.ms,ms,80000,1024,8,8,10,10,4,5,1200,1.914,0.952,1.374,49.321,94.689,"AMD Ryzen 5 5600GT with Radeon Graphics","Null Device",False
2026-10-08T04:15:52.0759850Z,bandwidth,bw-plan-m1024-t8-v8-r1,bw.routes.deferred,units,80000,1024,8,8,10,10,4,5,1200,0,0,0,0,0,"AMD Ryzen 5 5600GT with Radeon Graphics","Null Device",False
2026-10-08T04:15:52.0781250Z,bandwidth,bw-plan-m1024-t8-v8-r1,bw.bytype.moveorder,share,80000,1024,8,8,10,10,4,5,8,0.042,0.043,0.047,0.048,0.048,"AMD Ryzen 5 5600GT with Radeon Graphics","Null Device",False
2026-10-08T04:15:52.0786350Z,bandwidth,bw-plan-m1024-t8-v8-r1,bw.moveorder,count,80000,1024,8,8,10,10,4,5,8,24207.375,24252.5,25252,25621.6,25714,"AMD Ryzen 5 5600GT with Radeon Graphics","Null Device",False
2026-10-08T04:15:52.0791240Z,bandwidth,bw-plan-m1024-t8-v8-r1,bw.bytype.correction,share,80000,1024,8,8,10,10,4,5,8,0.865,0.86,0.896,0.898,0.899,"AMD Ryzen 5 5600GT with Radeon Graphics","Null Device",False
2026-10-08T04:15:52.0795810Z,bandwidth,bw-plan-m1024-t8-v8-r1,bw.correction,count,80000,1024,8,8,10,10,4,5,8,5641107,5815226.5,5904728.45,5911048.89,5912629,"AMD Ryzen 5 5600GT with Radeon Graphics","Null Device",False
2026-10-08T04:15:52.0800200Z,bandwidth,bw-plan-m1024-t8-v8-r1,bw.bytype.health,share,80000,1024,8,8,10,10,4,5,8,0.008,0.008,0.009,0.009,0.009,"AMD Ryzen 5 5600GT with Radeon Graphics","Null Device",False
2026-10-08T04:15:52.0804580Z,bandwidth,bw-plan-m1024-t8-v8-r1,bw.health,count,80000,1024,8,8,10,10,4,5,8,143830.25,143879.5,147062.95,147080.59,147085,"AMD Ryzen 5 5600GT with Radeon Graphics","Null Device",False
2026-10-08T04:15:52.0808880Z,bandwidth,bw-plan-m1024-t8-v8-r1,bw.bytype.enter,share,80000,1024,8,8,10,10,4,5,8,0.077,0.08,0.108,0.115,0.116,"AMD Ryzen 5 5600GT with Radeon Graphics","Null Device",False
2026-10-08T04:15:52.0813220Z,bandwidth,bw-plan-m1024-t8-v8-r1,bw.enter,count,80000,1024,8,8,10,10,4,5,8,57312.75,59732,72019.3,74483.86,75100,"AMD Ryzen 5 5600GT with Radeon Graphics","Null Device",False
2026-10-08T04:15:52.0817520Z,bandwidth,bw-plan-m1024-t8-v8-r1,bw.bytype.leave,share,80000,1024,8,8,10,10,4,5,8,0.003,0.003,0.004,0.004,0.004,"AMD Ryzen 5 5600GT with Radeon Graphics","Null Device",False
2026-10-08T04:15:52.0821820Z,bandwidth,bw-plan-m1024-t8-v8-r1,bw.leave,count,80000,1024,8,8,10,10,4,5,8,46393.25,48378.5,61285.9,63818.78,64452,"AMD Ryzen 5 5600GT with Radeon Graphics","Null Device",False
2026-10-08T04:15:52.0826210Z,bandwidth,bw-plan-m1024-t8-v8-r1,bw.bytype.explosion,share,80000,1024,8,8,10,10,4,5,8,0.002,0.002,0.002,0.003,0.003,"AMD Ryzen 5 5600GT with Radeon Graphics","Null Device",False
2026-10-08T04:15:52.0830480Z,bandwidth,bw-plan-m1024-t8-v8-r1,bw.explosion,count,80000,1024,8,8,10,10,4,5,8,21000.75,20955,21358.25,21387.65,21395,"AMD Ryzen 5 5600GT with Radeon Graphics","Null Device",False
2026-10-08T04:15:52.0835090Z,bandwidth,bw-plan-m1024-t8-v8-r1,bw.bytype.fogdelta,share,80000,1024,8,8,10,10,4,5,8,0.002,0.002,0.003,0.003,0.003,"AMD Ryzen 5 5600GT with Radeon Graphics","Null Device",False
2026-10-08T04:15:52.0839360Z,bandwidth,bw-plan-m1024-t8-v8-r1,bw.fogdelta,count,80000,1024,8,8,10,10,4,5,8,55929.75,53561,75774,83065.2,84888,"AMD Ryzen 5 5600GT with Radeon Graphics","Null Device",False
2026-10-08T04:15:52.0843700Z,bandwidth,bw-plan-m1024-t8-v8-r1,bw.waypoints,waypoints,80000,1024,8,8,10,10,4,5,1,23.167,23.167,23.167,23.167,23.167,"AMD Ryzen 5 5600GT with Radeon Graphics","Null Device",False
2026-10-08T04:15:52.0847890Z,bandwidth,bw-plan-m1024-t8-v8-r1,bw.waypoints.smoothed,waypoints,80000,1024,8,8,10,10,4,5,1,2.759,2.759,2.759,2.759,2.759,"AMD Ryzen 5 5600GT with Radeon Graphics","Null Device",False
2026-10-08T04:15:52.0852160Z,bandwidth,bw-plan-m1024-t8-v8-r1,bw.waypoints.saved,share,80000,1024,8,8,10,10,4,5,1,0.881,0.881,0.881,0.881,0.881,"AMD Ryzen 5 5600GT with Radeon Graphics","Null Device",False
2026-10-08T04:15:52.0878290Z,bandwidth,bw-plan-m1024-t8-v8-r1,bw.units,units,80000,1024,8,8,10,10,4,5,1,79979,79979,79979,79979,79979,"AMD Ryzen 5 5600GT with Radeon Graphics","Null Device",False
2026-10-08T04:15:52.0919310Z,bandwidth,bw-plan-m1024-t8-v8-r1,bw.units.engaged,share,80000,1024,8,8,10,10,4,5,1,0.033,0.033,0.033,0.033,0.033,"AMD Ryzen 5 5600GT with Radeon Graphics","Null Device",False
2026-10-08T04:15:52.0923740Z,bandwidth,bw-plan-m1024-t8-v8-r1,bw.units.ordered,share,80000,1024,8,8,10,10,4,5,1,0.985,0.985,0.985,0.985,0.985,"AMD Ryzen 5 5600GT with Radeon Graphics","Null Device",False
2026-10-08T04:15:52.0929390Z,bandwidth,bw-plan-m1024-t8-v8-r1,bw.allowed,units,80000,1024,8,8,10,10,4,5,1,10705,10705,10705,10705,10705,"AMD Ryzen 5 5600GT with Radeon Graphics","Null Device",False
2026-10-08T04:15:52.0934140Z,bandwidth,bw-plan-m1024-t8-v8-r1,bw.corrections.perunit,corrections,80000,1024,8,8,10,10,4,5,1,0.421,0.421,0.421,0.421,0.421,"AMD Ryzen 5 5600GT with Radeon Graphics","Null Device",False
2026-10-08T04:15:52.0944390Z,bandwidth,bw-plan-m1024-t8-v8-r1,bw.error.all.mean,tiles,80000,1024,8,8,10,10,4,5,1,0.041,0.041,0.041,0.041,0.041,"AMD Ryzen 5 5600GT with Radeon Graphics","Null Device",False
2026-10-08T04:15:52.0949590Z,bandwidth,bw-plan-m1024-t8-v8-r1,bw.error.all.p50,tiles,80000,1024,8,8,10,10,4,5,1,0.031,0.031,0.031,0.031,0.031,"AMD Ryzen 5 5600GT with Radeon Graphics","Null Device",False
2026-10-08T04:15:52.0954300Z,bandwidth,bw-plan-m1024-t8-v8-r1,bw.error.all.p95,tiles,80000,1024,8,8,10,10,4,5,1,0.188,0.188,0.188,0.188,0.188,"AMD Ryzen 5 5600GT with Radeon Graphics","Null Device",False
2026-10-08T04:15:52.0958630Z,bandwidth,bw-plan-m1024-t8-v8-r1,bw.error.all.p99,tiles,80000,1024,8,8,10,10,4,5,1,0.25,0.25,0.25,0.25,0.25,"AMD Ryzen 5 5600GT with Radeon Graphics","Null Device",False
2026-10-08T04:15:52.0963590Z,bandwidth,bw-plan-m1024-t8-v8-r1,bw.error.view.mean,tiles,80000,1024,8,8,10,10,4,5,1,0.041,0.041,0.041,0.041,0.041,"AMD Ryzen 5 5600GT with Radeon Graphics","Null Device",False
2026-10-08T04:15:52.0967870Z,bandwidth,bw-plan-m1024-t8-v8-r1,bw.error.view.p50,tiles,80000,1024,8,8,10,10,4,5,1,0.031,0.031,0.031,0.031,0.031,"AMD Ryzen 5 5600GT with Radeon Graphics","Null Device",False
2026-10-08T04:15:52.0972110Z,bandwidth,bw-plan-m1024-t8-v8-r1,bw.error.view.p95,tiles,80000,1024,8,8,10,10,4,5,1,0.188,0.188,0.188,0.188,0.188,"AMD Ryzen 5 5600GT with Radeon Graphics","Null Device",False
2026-10-08T04:15:52.0976340Z,bandwidth,bw-plan-m1024-t8-v8-r1,bw.error.view.p99,tiles,80000,1024,8,8,10,10,4,5,1,0.25,0.25,0.25,0.25,0.25,"AMD Ryzen 5 5600GT with Radeon Graphics","Null Device",False
2026-10-08T04:15:52.0981100Z,bandwidth,bw-plan-m1024-t8-v8-r1,bw.error.raw.mean,tiles,80000,1024,8,8,10,10,4,5,1,0.71,0.71,0.71,0.71,0.71,"AMD Ryzen 5 5600GT with Radeon Graphics","Null Device",False
2026-10-08T04:15:52.0985490Z,bandwidth,bw-plan-m1024-t8-v8-r1,bw.error.raw.p50,tiles,80000,1024,8,8,10,10,4,5,1,0.578,0.578,0.578,0.578,0.578,"AMD Ryzen 5 5600GT with Radeon Graphics","Null Device",False
2026-10-08T04:15:52.0989640Z,bandwidth,bw-plan-m1024-t8-v8-r1,bw.error.raw.p95,tiles,80000,1024,8,8,10,10,4,5,1,1.234,1.234,1.234,1.234,1.234,"AMD Ryzen 5 5600GT with Radeon Graphics","Null Device",False
2026-10-08T04:15:52.0994150Z,bandwidth,bw-plan-m1024-t8-v8-r1,bw.error.raw.p99,tiles,80000,1024,8,8,10,10,4,5,1,1.453,1.453,1.453,1.453,1.453,"AMD Ryzen 5 5600GT with Radeon Graphics","Null Device",False
2026-10-08T04:15:52.0998970Z,bandwidth,bw-plan-m1024-t8-v8-r1,bw.error.rawanchored.mean,tiles,80000,1024,8,8,10,10,4,5,1,0.637,0.637,0.637,0.637,0.637,"AMD Ryzen 5 5600GT with Radeon Graphics","Null Device",False
2026-10-08T04:15:52.1003690Z,bandwidth,bw-plan-m1024-t8-v8-r1,bw.error.rawanchored.p50,tiles,80000,1024,8,8,10,10,4,5,1,0.578,0.578,0.578,0.578,0.578,"AMD Ryzen 5 5600GT with Radeon Graphics","Null Device",False
2026-10-08T04:15:52.1007860Z,bandwidth,bw-plan-m1024-t8-v8-r1,bw.error.rawanchored.p95,tiles,80000,1024,8,8,10,10,4,5,1,1.234,1.234,1.234,1.234,1.234,"AMD Ryzen 5 5600GT with Radeon Graphics","Null Device",False
2026-10-08T04:15:52.1012130Z,bandwidth,bw-plan-m1024-t8-v8-r1,bw.error.rawanchored.p99,tiles,80000,1024,8,8,10,10,4,5,1,1.438,1.438,1.438,1.438,1.438,"AMD Ryzen 5 5600GT with Radeon Graphics","Null Device",False
2026-10-08T04:15:52.1016840Z,bandwidth,bw-plan-m1024-t8-v8-r1,bw.checks.anchored,share,80000,1024,8,8,10,10,4,5,1,0.977,0.977,0.977,0.977,0.977,"AMD Ryzen 5 5600GT with Radeon Graphics","Null Device",False
2026-10-08T04:15:52.1021360Z,bandwidth,bw-plan-m1024-t8-v8-r1,bw.route.live,waypoints,80000,1024,8,8,10,10,4,5,1,5444596,5444596,5444596,5444596,5444596,"AMD Ryzen 5 5600GT with Radeon Graphics","Null Device",False
2026-10-08T04:15:52.1025770Z,bandwidth,bw-plan-m1024-t8-v8-r1,bw.route.arena,MB,80000,1024,8,8,10,10,4,5,1,64,64,64,64,64,"AMD Ryzen 5 5600GT with Radeon Graphics","Null Device",False
2026-10-08T04:15:56.2029410Z,bandwidth,bw-m1024-t8-v8-r1,bw.snapshot.bytes,KB,80000,1024,8,8,10,10,4,5,8,488.866,484.752,520.898,520.898,520.898,"AMD Ryzen 5 5600GT with Radeon Graphics","Null Device",False
2026-10-08T04:15:56.2122330Z,bandwidth,bw-m1024-t8-v8-r1,bw.snapshot.wire,KB,80000,1024,8,8,10,10,4,5,8,510.619,506.341,544.061,544.061,544.061,"AMD Ryzen 5 5600GT with Radeon Graphics","Null Device",False
2026-10-08T04:15:56.2126900Z,bandwidth,bw-m1024-t8-v8-r1,bw.snapshot.units,units,80000,1024,8,8,10,10,4,5,8,20000,20000,20000,20000,20000,"AMD Ryzen 5 5600GT with Radeon Graphics","Null Device",False
2026-10-08T04:15:56.2131300Z,bandwidth,bw-m1024-t8-v8-r1,bw.snapshot.seconds,s,80000,1024,8,8,10,10,4,5,8,1.995,1.978,2.125,2.125,2.125,"AMD Ryzen 5 5600GT with Radeon Graphics","Null Device",False
2026-10-08T04:16:36.4091520Z,bandwidth,bw-m1024-t8-v8-r1,bw.avg,KB/s,80000,1024,8,8,10,10,4,5,8,192.685,198.842,216.871,217.88,218.132,"AMD Ryzen 5 5600GT with Radeon Graphics","Null Device",False
2026-10-08T04:16:36.4097150Z,bandwidth,bw-m1024-t8-v8-r1,bw.peak1s,KB/s,80000,1024,8,8,10,10,4,5,8,386.892,378.244,431.838,432.03,432.078,"AMD Ryzen 5 5600GT with Radeon Graphics","Null Device",False
2026-10-08T04:16:36.4101940Z,bandwidth,bw-m1024-t8-v8-r1,bw.wire.avg,KB/s,80000,1024,8,8,10,10,4,5,8,207.547,214.44,233.29,234.07,234.265,"AMD Ryzen 5 5600GT with Radeon Graphics","Null Device",False
2026-10-08T04:16:36.4106510Z,bandwidth,bw-m1024-t8-v8-r1,bw.wire.peak1s,KB/s,80000,1024,8,8,10,10,4,5,8,409.314,400.263,456.551,456.757,456.809,"AMD Ryzen 5 5600GT with Radeon Graphics","Null Device",False
2026-10-08T04:16:36.4110950Z,bandwidth,bw-m1024-t8-v8-r1,bw.encode.ms,ms,80000,1024,8,8,10,10,4,5,1200,1.75,1.824,2.245,2.589,9.185,"AMD Ryzen 5 5600GT with Radeon Graphics","Null Device",False
2026-10-08T04:16:36.4119820Z,bandwidth,bw-m1024-t8-v8-r1,bw.interest.ms,ms,80000,1024,8,8,10,10,4,5,1200,5.003,4.982,5.441,5.688,6.047,"AMD Ryzen 5 5600GT with Radeon Graphics","Null Device",False
2026-10-08T04:16:36.4129040Z,bandwidth,bw-m1024-t8-v8-r1,bw.routes.ms,ms,80000,1024,8,8,10,10,4,5,1200,1.922,0.978,1.417,47.911,93.954,"AMD Ryzen 5 5600GT with Radeon Graphics","Null Device",False
2026-10-08T04:16:36.4137940Z,bandwidth,bw-m1024-t8-v8-r1,bw.routes.deferred,units,80000,1024,8,8,10,10,4,5,1200,0,0,0,0,0,"AMD Ryzen 5 5600GT with Radeon Graphics","Null Device",False
2026-10-08T04:16:36.4158590Z,bandwidth,bw-m1024-t8-v8-r1,bw.bytype.moveorder,share,80000,1024,8,8,10,10,4,5,8,0.137,0.142,0.155,0.155,0.155,"AMD Ryzen 5 5600GT with Radeon Graphics","Null Device",False
2026-10-08T04:16:36.4165400Z,bandwidth,bw-m1024-t8-v8-r1,bw.moveorder,count,80000,1024,8,8,10,10,4,5,8,24207.375,24252.5,25252,25621.6,25714,"AMD Ryzen 5 5600GT with Radeon Graphics","Null Device",False
2026-10-08T04:16:36.4169920Z,bandwidth,bw-m1024-t8-v8-r1,bw.bytype.correction,share,80000,1024,8,8,10,10,4,5,8,0.565,0.531,0.673,0.696,0.701,"AMD Ryzen 5 5600GT with Radeon Graphics","Null Device",False
2026-10-08T04:16:36.4174350Z,bandwidth,bw-m1024-t8-v8-r1,bw.correction,count,80000,1024,8,8,10,10,4,5,8,1340772.625,1308297.5,1680893.7,1706507.54,1712911,"AMD Ryzen 5 5600GT with Radeon Graphics","Null Device",False
2026-10-08T04:16:36.4178790Z,bandwidth,bw-m1024-t8-v8-r1,bw.bytype.health,share,80000,1024,8,8,10,10,4,5,8,0.026,0.024,0.031,0.032,0.032,"AMD Ryzen 5 5600GT with Radeon Graphics","Null Device",False
2026-10-08T04:16:36.4183190Z,bandwidth,bw-m1024-t8-v8-r1,bw.health,count,80000,1024,8,8,10,10,4,5,8,143830.25,143879.5,147062.95,147080.59,147085,"AMD Ryzen 5 5600GT with Radeon Graphics","Null Device",False
2026-10-08T04:16:36.4187490Z,bandwidth,bw-m1024-t8-v8-r1,bw.bytype.enter,share,80000,1024,8,8,10,10,4,5,8,0.248,0.266,0.338,0.351,0.354,"AMD Ryzen 5 5600GT with Radeon Graphics","Null Device",False
2026-10-08T04:16:36.4191850Z,bandwidth,bw-m1024-t8-v8-r1,bw.enter,count,80000,1024,8,8,10,10,4,5,8,57312.75,59732,72019.3,74483.86,75100,"AMD Ryzen 5 5600GT with Radeon Graphics","Null Device",False
2026-10-08T04:16:36.4196190Z,bandwidth,bw-m1024-t8-v8-r1,bw.bytype.leave,share,80000,1024,8,8,10,10,4,5,8,0.01,0.011,0.012,0.013,0.013,"AMD Ryzen 5 5600GT with Radeon Graphics","Null Device",False
2026-10-08T04:16:36.4200420Z,bandwidth,bw-m1024-t8-v8-r1,bw.leave,count,80000,1024,8,8,10,10,4,5,8,46393.25,48378.5,61285.9,63818.78,64452,"AMD Ryzen 5 5600GT with Radeon Graphics","Null Device",False
2026-10-08T04:16:36.4204790Z,bandwidth,bw-m1024-t8-v8-r1,bw.bytype.explosion,share,80000,1024,8,8,10,10,4,5,8,0.007,0.007,0.009,0.009,0.009,"AMD Ryzen 5 5600GT with Radeon Graphics","Null Device",False
2026-10-08T04:16:36.4209090Z,bandwidth,bw-m1024-t8-v8-r1,bw.explosion,count,80000,1024,8,8,10,10,4,5,8,21000.75,20955,21358.25,21387.65,21395,"AMD Ryzen 5 5600GT with Radeon Graphics","Null Device",False
2026-10-08T04:16:36.4213470Z,bandwidth,bw-m1024-t8-v8-r1,bw.bytype.fogdelta,share,80000,1024,8,8,10,10,4,5,8,0.007,0.006,0.011,0.012,0.013,"AMD Ryzen 5 5600GT with Radeon Graphics","Null Device",False
2026-10-08T04:16:36.4217690Z,bandwidth,bw-m1024-t8-v8-r1,bw.fogdelta,count,80000,1024,8,8,10,10,4,5,8,55929.75,53561,75774,83065.2,84888,"AMD Ryzen 5 5600GT with Radeon Graphics","Null Device",False
2026-10-08T04:16:36.4222590Z,bandwidth,bw-m1024-t8-v8-r1,bw.waypoints,waypoints,80000,1024,8,8,10,10,4,5,1,23.167,23.167,23.167,23.167,23.167,"AMD Ryzen 5 5600GT with Radeon Graphics","Null Device",False
2026-10-08T04:16:36.4226900Z,bandwidth,bw-m1024-t8-v8-r1,bw.waypoints.smoothed,waypoints,80000,1024,8,8,10,10,4,5,1,2.759,2.759,2.759,2.759,2.759,"AMD Ryzen 5 5600GT with Radeon Graphics","Null Device",False
2026-10-08T04:16:36.4231160Z,bandwidth,bw-m1024-t8-v8-r1,bw.waypoints.saved,share,80000,1024,8,8,10,10,4,5,1,0.881,0.881,0.881,0.881,0.881,"AMD Ryzen 5 5600GT with Radeon Graphics","Null Device",False
2026-10-08T04:16:36.4257970Z,bandwidth,bw-m1024-t8-v8-r1,bw.units,units,80000,1024,8,8,10,10,4,5,1,79979,79979,79979,79979,79979,"AMD Ryzen 5 5600GT with Radeon Graphics","Null Device",False
2026-10-08T04:16:36.4301030Z,bandwidth,bw-m1024-t8-v8-r1,bw.units.engaged,share,80000,1024,8,8,10,10,4,5,1,0.033,0.033,0.033,0.033,0.033,"AMD Ryzen 5 5600GT with Radeon Graphics","Null Device",False
2026-10-08T04:16:36.4305920Z,bandwidth,bw-m1024-t8-v8-r1,bw.units.ordered,share,80000,1024,8,8,10,10,4,5,1,0.985,0.985,0.985,0.985,0.985,"AMD Ryzen 5 5600GT with Radeon Graphics","Null Device",False
2026-10-08T04:16:36.4312050Z,bandwidth,bw-m1024-t8-v8-r1,bw.allowed,units,80000,1024,8,8,10,10,4,5,1,10705,10705,10705,10705,10705,"AMD Ryzen 5 5600GT with Radeon Graphics","Null Device",False
2026-10-08T04:16:36.4316600Z,bandwidth,bw-m1024-t8-v8-r1,bw.corrections.perunit,corrections,80000,1024,8,8,10,10,4,5,1,0.097,0.097,0.097,0.097,0.097,"AMD Ryzen 5 5600GT with Radeon Graphics","Null Device",False
2026-10-08T04:16:36.4326750Z,bandwidth,bw-m1024-t8-v8-r1,bw.error.all.mean,tiles,80000,1024,8,8,10,10,4,5,1,0.36,0.36,0.36,0.36,0.36,"AMD Ryzen 5 5600GT with Radeon Graphics","Null Device",False
2026-10-08T04:16:36.4332030Z,bandwidth,bw-m1024-t8-v8-r1,bw.error.all.p50,tiles,80000,1024,8,8,10,10,4,5,1,0.078,0.078,0.078,0.078,0.078,"AMD Ryzen 5 5600GT with Radeon Graphics","Null Device",False
2026-10-08T04:16:36.4336470Z,bandwidth,bw-m1024-t8-v8-r1,bw.error.all.p95,tiles,80000,1024,8,8,10,10,4,5,1,1.625,1.625,1.625,1.625,1.625,"AMD Ryzen 5 5600GT with Radeon Graphics","Null Device",False
2026-10-08T04:16:36.4340760Z,bandwidth,bw-m1024-t8-v8-r1,bw.error.all.p99,tiles,80000,1024,8,8,10,10,4,5,1,1.922,1.922,1.922,1.922,1.922,"AMD Ryzen 5 5600GT with Radeon Graphics","Null Device",False
2026-10-08T04:16:36.4359350Z,bandwidth,bw-m1024-t8-v8-r1,bw.error.view.mean,tiles,80000,1024,8,8,10,10,4,5,1,0.065,0.065,0.065,0.065,0.065,"AMD Ryzen 5 5600GT with Radeon Graphics","Null Device",False
2026-10-08T04:16:36.4363970Z,bandwidth,bw-m1024-t8-v8-r1,bw.error.view.p50,tiles,80000,1024,8,8,10,10,4,5,1,0.063,0.063,0.063,0.063,0.063,"AMD Ryzen 5 5600GT with Radeon Graphics","Null Device",False
2026-10-08T04:16:36.4368240Z,bandwidth,bw-m1024-t8-v8-r1,bw.error.view.p95,tiles,80000,1024,8,8,10,10,4,5,1,0.203,0.203,0.203,0.203,0.203,"AMD Ryzen 5 5600GT with Radeon Graphics","Null Device",False
2026-10-08T04:16:36.4373180Z,bandwidth,bw-m1024-t8-v8-r1,bw.error.view.p99,tiles,80000,1024,8,8,10,10,4,5,1,0.25,0.25,0.25,0.25,0.25,"AMD Ryzen 5 5600GT with Radeon Graphics","Null Device",False
2026-10-08T04:16:36.4379530Z,bandwidth,bw-m1024-t8-v8-r1,bw.error.raw.mean,tiles,80000,1024,8,8,10,10,4,5,1,0.756,0.756,0.756,0.756,0.756,"AMD Ryzen 5 5600GT with Radeon Graphics","Null Device",False
2026-10-08T04:16:36.4385050Z,bandwidth,bw-m1024-t8-v8-r1,bw.error.raw.p50,tiles,80000,1024,8,8,10,10,4,5,1,0.656,0.656,0.656,0.656,0.656,"AMD Ryzen 5 5600GT with Radeon Graphics","Null Device",False
2026-10-08T04:16:36.4389520Z,bandwidth,bw-m1024-t8-v8-r1,bw.error.raw.p95,tiles,80000,1024,8,8,10,10,4,5,1,1.781,1.781,1.781,1.781,1.781,"AMD Ryzen 5 5600GT with Radeon Graphics","Null Device",False
2026-10-08T04:16:36.4393890Z,bandwidth,bw-m1024-t8-v8-r1,bw.error.raw.p99,tiles,80000,1024,8,8,10,10,4,5,1,2.313,2.313,2.313,2.313,2.313,"AMD Ryzen 5 5600GT with Radeon Graphics","Null Device",False
2026-10-08T04:16:36.4398710Z,bandwidth,bw-m1024-t8-v8-r1,bw.error.rawanchored.mean,tiles,80000,1024,8,8,10,10,4,5,1,0.757,0.757,0.757,0.757,0.757,"AMD Ryzen 5 5600GT with Radeon Graphics","Null Device",False
2026-10-08T04:16:36.4403170Z,bandwidth,bw-m1024-t8-v8-r1,bw.error.rawanchored.p50,tiles,80000,1024,8,8,10,10,4,5,1,0.656,0.656,0.656,0.656,0.656,"AMD Ryzen 5 5600GT with Radeon Graphics","Null Device",False
2026-10-08T04:16:36.4407360Z,bandwidth,bw-m1024-t8-v8-r1,bw.error.rawanchored.p95,tiles,80000,1024,8,8,10,10,4,5,1,1.781,1.781,1.781,1.781,1.781,"AMD Ryzen 5 5600GT with Radeon Graphics","Null Device",False
2026-10-08T04:16:36.4411640Z,bandwidth,bw-m1024-t8-v8-r1,bw.error.rawanchored.p99,tiles,80000,1024,8,8,10,10,4,5,1,2.313,2.313,2.313,2.313,2.313,"AMD Ryzen 5 5600GT with Radeon Graphics","Null Device",False
2026-10-08T04:16:36.4416890Z,bandwidth,bw-m1024-t8-v8-r1,bw.checks.anchored,share,80000,1024,8,8,10,10,4,5,1,0.943,0.943,0.943,0.943,0.943,"AMD Ryzen 5 5600GT with Radeon Graphics","Null Device",False
2026-10-08T04:16:36.4421180Z,bandwidth,bw-m1024-t8-v8-r1,bw.route.live,waypoints,80000,1024,8,8,10,10,4,5,1,5444596,5444596,5444596,5444596,5444596,"AMD Ryzen 5 5600GT with Radeon Graphics","Null Device",False
2026-10-08T04:16:36.4425530Z,bandwidth,bw-m1024-t8-v8-r1,bw.route.arena,MB,80000,1024,8,8,10,10,4,5,1,64,64,64,64,64,"AMD Ryzen 5 5600GT with Radeon Graphics","Null Device",False
2026-10-08T04:16:40.5890260Z,bandwidth,bw-m1024-t8-v16-r1,bw.snapshot.bytes,KB,80000,1024,8,16,10,10,4,5,8,489.414,485.844,520.898,520.898,520.898,"AMD Ryzen 5 5600GT with Radeon Graphics","Null Device",False
2026-10-08T04:16:40.5984740Z,bandwidth,bw-m1024-t8-v16-r1,bw.snapshot.wire,KB,80000,1024,8,16,10,10,4,5,8,511.186,507.458,544.061,544.061,544.061,"AMD Ryzen 5 5600GT with Radeon Graphics","Null Device",False
2026-10-08T04:16:40.5989540Z,bandwidth,bw-m1024-t8-v16-r1,bw.snapshot.units,units,80000,1024,8,16,10,10,4,5,8,20000,20000,20000,20000,20000,"AMD Ryzen 5 5600GT with Radeon Graphics","Null Device",False
2026-10-08T04:16:40.5994200Z,bandwidth,bw-m1024-t8-v16-r1,bw.snapshot.seconds,s,80000,1024,8,16,10,10,4,5,8,1.997,1.982,2.125,2.125,2.125,"AMD Ryzen 5 5600GT with Radeon Graphics","Null Device",False
2026-10-08T04:17:22.8592660Z,bandwidth,bw-m1024-t8-v16-r1,bw.avg,KB/s,80000,1024,8,16,10,10,4,5,8,220.592,225.712,259.363,261.101,261.535,"AMD Ryzen 5 5600GT with Radeon Graphics","Null Device",False
2026-10-08T04:17:22.8600630Z,bandwidth,bw-m1024-t8-v16-r1,bw.peak1s,KB/s,80000,1024,8,16,10,10,4,5,8,398.124,394.229,435.171,436.574,436.925,"AMD Ryzen 5 5600GT with Radeon Graphics","Null Device",False
2026-10-08T04:17:22.8607860Z,bandwidth,bw-m1024-t8-v16-r1,bw.wire.avg,KB/s,80000,1024,8,16,10,10,4,5,8,236.843,242.535,277.404,279.324,279.805,"AMD Ryzen 5 5600GT with Radeon Graphics","Null Device",False
2026-10-08T04:17:22.8614950Z,bandwidth,bw-m1024-t8-v16-r1,bw.wire.peak1s,KB/s,80000,1024,8,16,10,10,4,5,8,422.356,420.047,460.949,462.824,463.293,"AMD Ryzen 5 5600GT with Radeon Graphics","Null Device",False
2026-10-08T04:17:22.8622120Z,bandwidth,bw-m1024-t8-v16-r1,bw.encode.ms,ms,80000,1024,8,16,10,10,4,5,1200,1.829,1.894,2.357,2.735,8.59,"AMD Ryzen 5 5600GT with Radeon Graphics","Null Device",False
2026-10-08T04:17:22.8636350Z,bandwidth,bw-m1024-t8-v16-r1,bw.interest.ms,ms,80000,1024,8,16,10,10,4,5,1200,5.051,5.029,5.552,5.761,6.921,"AMD Ryzen 5 5600GT with Radeon Graphics","Null Device",False
2026-10-08T04:17:22.8646040Z,bandwidth,bw-m1024-t8-v16-r1,bw.routes.ms,ms,80000,1024,8,16,10,10,4,5,1200,1.9,0.951,1.383,48.001,94.467,"AMD Ryzen 5 5600GT with Radeon Graphics","Null Device",False
2026-10-08T04:17:22.8657480Z,bandwidth,bw-m1024-t8-v16-r1,bw.routes.deferred,units,80000,1024,8,16,10,10,4,5,1200,0,0,0,0,0,"AMD Ryzen 5 5600GT with Radeon Graphics","Null Device",False
2026-10-08T04:17:22.8681070Z,bandwidth,bw-m1024-t8-v16-r1,bw.bytype.moveorder,share,80000,1024,8,16,10,10,4,5,8,0.121,0.124,0.147,0.153,0.154,"AMD Ryzen 5 5600GT with Radeon Graphics","Null Device",False
2026-10-08T04:17:22.8686200Z,bandwidth,bw-m1024-t8-v16-r1,bw.moveorder,count,80000,1024,8,16,10,10,4,5,8,24245.25,24272.5,25260.45,25633.69,25727,"AMD Ryzen 5 5600GT with Radeon Graphics","Null Device",False
2026-10-08T04:17:22.8691840Z,bandwidth,bw-m1024-t8-v16-r1,bw.bytype.correction,share,80000,1024,8,16,10,10,4,5,8,0.515,0.492,0.652,0.683,0.691,"AMD Ryzen 5 5600GT with Radeon Graphics","Null Device",False
2026-10-08T04:17:22.8696280Z,bandwidth,bw-m1024-t8-v16-r1,bw.correction,count,80000,1024,8,16,10,10,4,5,8,1377115.375,1369765,1706839,1722267,1726124,"AMD Ryzen 5 5600GT with Radeon Graphics","Null Device",False
2026-10-08T04:17:22.8700620Z,bandwidth,bw-m1024-t8-v16-r1,bw.bytype.health,share,80000,1024,8,16,10,10,4,5,8,0.023,0.022,0.029,0.032,0.032,"AMD Ryzen 5 5600GT with Radeon Graphics","Null Device",False
2026-10-08T04:17:22.8705030Z,bandwidth,bw-m1024-t8-v16-r1,bw.health,count,80000,1024,8,16,10,10,4,5,8,143848.625,143903.5,147090.1,147105.22,147109,"AMD Ryzen 5 5600GT with Radeon Graphics","Null Device",False
2026-10-08T04:17:22.8709320Z,bandwidth,bw-m1024-t8-v16-r1,bw.bytype.enter,share,80000,1024,8,16,10,10,4,5,8,0.316,0.34,0.423,0.43,0.431,"AMD Ryzen 5 5600GT with Radeon Graphics","Null Device",False
2026-10-08T04:17:22.8713660Z,bandwidth,bw-m1024-t8-v16-r1,bw.enter,count,80000,1024,8,16,10,10,4,5,8,72575.75,74669.5,95465.55,97080.31,97484,"AMD Ryzen 5 5600GT with Radeon Graphics","Null Device",False
2026-10-08T04:17:22.8718020Z,bandwidth,bw-m1024-t8-v16-r1,bw.bytype.leave,share,80000,1024,8,16,10,10,4,5,8,0.011,0.012,0.014,0.014,0.014,"AMD Ryzen 5 5600GT with Radeon Graphics","Null Device",False
2026-10-08T04:17:22.8722310Z,bandwidth,bw-m1024-t8-v16-r1,bw.leave,count,80000,1024,8,16,10,10,4,5,8,60122.875,61699,82563.45,84599.89,85109,"AMD Ryzen 5 5600GT with Radeon Graphics","Null Device",False
2026-10-08T04:17:22.8726640Z,bandwidth,bw-m1024-t8-v16-r1,bw.bytype.explosion,share,80000,1024,8,16,10,10,4,5,8,0.006,0.006,0.008,0.009,0.009,"AMD Ryzen 5 5600GT with Radeon Graphics","Null Device",False
2026-10-08T04:17:22.8731060Z,bandwidth,bw-m1024-t8-v16-r1,bw.explosion,count,80000,1024,8,16,10,10,4,5,8,21003.25,20957,21352.9,21376.98,21383,"AMD Ryzen 5 5600GT with Radeon Graphics","Null Device",False
2026-10-08T04:17:22.8735440Z,bandwidth,bw-m1024-t8-v16-r1,bw.bytype.fogdelta,share,80000,1024,8,16,10,10,4,5,8,0.007,0.006,0.011,0.013,0.013,"AMD Ryzen 5 5600GT with Radeon Graphics","Null Device",False
2026-10-08T04:17:22.8739690Z,bandwidth,bw-m1024-t8-v16-r1,bw.fogdelta,count,80000,1024,8,16,10,10,4,5,8,63037.75,62924,83471.4,89305.48,90764,"AMD Ryzen 5 5600GT with Radeon Graphics","Null Device",False
2026-10-08T04:17:22.8744130Z,bandwidth,bw-m1024-t8-v16-r1,bw.waypoints,waypoints,80000,1024,8,16,10,10,4,5,1,23.167,23.167,23.167,23.167,23.167,"AMD Ryzen 5 5600GT with Radeon Graphics","Null Device",False
2026-10-08T04:17:22.8748390Z,bandwidth,bw-m1024-t8-v16-r1,bw.waypoints.smoothed,waypoints,80000,1024,8,16,10,10,4,5,1,2.759,2.759,2.759,2.759,2.759,"AMD Ryzen 5 5600GT with Radeon Graphics","Null Device",False
2026-10-08T04:17:22.8752710Z,bandwidth,bw-m1024-t8-v16-r1,bw.waypoints.saved,share,80000,1024,8,16,10,10,4,5,1,0.881,0.881,0.881,0.881,0.881,"AMD Ryzen 5 5600GT with Radeon Graphics","Null Device",False
2026-10-08T04:17:22.8782850Z,bandwidth,bw-m1024-t8-v16-r1,bw.units,units,80000,1024,8,16,10,10,4,5,1,79979,79979,79979,79979,79979,"AMD Ryzen 5 5600GT with Radeon Graphics","Null Device",False
2026-10-08T04:17:22.8830800Z,bandwidth,bw-m1024-t8-v16-r1,bw.units.engaged,share,80000,1024,8,16,10,10,4,5,1,0.033,0.033,0.033,0.033,0.033,"AMD Ryzen 5 5600GT with Radeon Graphics","Null Device",False
2026-10-08T04:17:22.8835860Z,bandwidth,bw-m1024-t8-v16-r1,bw.units.ordered,share,80000,1024,8,16,10,10,4,5,1,0.985,0.985,0.985,0.985,0.985,"AMD Ryzen 5 5600GT with Radeon Graphics","Null Device",False
2026-10-08T04:17:22.8842010Z,bandwidth,bw-m1024-t8-v16-r1,bw.allowed,units,80000,1024,8,16,10,10,4,5,1,11611,11611,11611,11611,11611,"AMD Ryzen 5 5600GT with Radeon Graphics","Null Device",False
2026-10-08T04:17:22.8846590Z,bandwidth,bw-m1024-t8-v16-r1,bw.corrections.perunit,corrections,80000,1024,8,16,10,10,4,5,1,0.09,0.09,0.09,0.09,0.09,"AMD Ryzen 5 5600GT with Radeon Graphics","Null Device",False
2026-10-08T04:17:22.8856600Z,bandwidth,bw-m1024-t8-v16-r1,bw.error.all.mean,tiles,80000,1024,8,16,10,10,4,5,1,0.366,0.366,0.366,0.366,0.366,"AMD Ryzen 5 5600GT with Radeon Graphics","Null Device",False
2026-10-08T04:17:22.8861870Z,bandwidth,bw-m1024-t8-v16-r1,bw.error.all.p50,tiles,80000,1024,8,16,10,10,4,5,1,0.078,0.078,0.078,0.078,0.078,"AMD Ryzen 5 5600GT with Radeon Graphics","Null Device",False
2026-10-08T04:17:22.8866290Z,bandwidth,bw-m1024-t8-v16-r1,bw.error.all.p95,tiles,80000,1024,8,16,10,10,4,5,1,1.641,1.641,1.641,1.641,1.641,"AMD Ryzen 5 5600GT with Radeon Graphics","Null Device",False
2026-10-08T04:17:22.8870610Z,bandwidth,bw-m1024-t8-v16-r1,bw.error.all.p99,tiles,80000,1024,8,16,10,10,4,5,1,1.922,1.922,1.922,1.922,1.922,"AMD Ryzen 5 5600GT with Radeon Graphics","Null Device",False
2026-10-08T04:17:22.8888420Z,bandwidth,bw-m1024-t8-v16-r1,bw.error.view.mean,tiles,80000,1024,8,16,10,10,4,5,1,0.065,0.065,0.065,0.065,0.065,"AMD Ryzen 5 5600GT with Radeon Graphics","Null Device",False
2026-10-08T04:17:22.8893200Z,bandwidth,bw-m1024-t8-v16-r1,bw.error.view.p50,tiles,80000,1024,8,16,10,10,4,5,1,0.063,0.063,0.063,0.063,0.063,"AMD Ryzen 5 5600GT with Radeon Graphics","Null Device",False
2026-10-08T04:17:22.8897510Z,bandwidth,bw-m1024-t8-v16-r1,bw.error.view.p95,tiles,80000,1024,8,16,10,10,4,5,1,0.203,0.203,0.203,0.203,0.203,"AMD Ryzen 5 5600GT with Radeon Graphics","Null Device",False
2026-10-08T04:17:22.8901730Z,bandwidth,bw-m1024-t8-v16-r1,bw.error.view.p99,tiles,80000,1024,8,16,10,10,4,5,1,0.25,0.25,0.25,0.25,0.25,"AMD Ryzen 5 5600GT with Radeon Graphics","Null Device",False
2026-10-08T04:17:22.8906840Z,bandwidth,bw-m1024-t8-v16-r1,bw.error.raw.mean,tiles,80000,1024,8,16,10,10,4,5,1,0.756,0.756,0.756,0.756,0.756,"AMD Ryzen 5 5600GT with Radeon Graphics","Null Device",False
2026-10-08T04:17:22.8911120Z,bandwidth,bw-m1024-t8-v16-r1,bw.error.raw.p50,tiles,80000,1024,8,16,10,10,4,5,1,0.656,0.656,0.656,0.656,0.656,"AMD Ryzen 5 5600GT with Radeon Graphics","Null Device",False
2026-10-08T04:17:22.8915510Z,bandwidth,bw-m1024-t8-v16-r1,bw.error.raw.p95,tiles,80000,1024,8,16,10,10,4,5,1,1.781,1.781,1.781,1.781,1.781,"AMD Ryzen 5 5600GT with Radeon Graphics","Null Device",False
2026-10-08T04:17:22.8919850Z,bandwidth,bw-m1024-t8-v16-r1,bw.error.raw.p99,tiles,80000,1024,8,16,10,10,4,5,1,2.313,2.313,2.313,2.313,2.313,"AMD Ryzen 5 5600GT with Radeon Graphics","Null Device",False
2026-10-08T04:17:22.8924790Z,bandwidth,bw-m1024-t8-v16-r1,bw.error.rawanchored.mean,tiles,80000,1024,8,16,10,10,4,5,1,0.757,0.757,0.757,0.757,0.757,"AMD Ryzen 5 5600GT with Radeon Graphics","Null Device",False
2026-10-08T04:17:22.8929370Z,bandwidth,bw-m1024-t8-v16-r1,bw.error.rawanchored.p50,tiles,80000,1024,8,16,10,10,4,5,1,0.656,0.656,0.656,0.656,0.656,"AMD Ryzen 5 5600GT with Radeon Graphics","Null Device",False
2026-10-08T04:17:22.8934170Z,bandwidth,bw-m1024-t8-v16-r1,bw.error.rawanchored.p95,tiles,80000,1024,8,16,10,10,4,5,1,1.781,1.781,1.781,1.781,1.781,"AMD Ryzen 5 5600GT with Radeon Graphics","Null Device",False
2026-10-08T04:17:22.8938380Z,bandwidth,bw-m1024-t8-v16-r1,bw.error.rawanchored.p99,tiles,80000,1024,8,16,10,10,4,5,1,2.313,2.313,2.313,2.313,2.313,"AMD Ryzen 5 5600GT with Radeon Graphics","Null Device",False
2026-10-08T04:17:22.8943610Z,bandwidth,bw-m1024-t8-v16-r1,bw.checks.anchored,share,80000,1024,8,16,10,10,4,5,1,0.943,0.943,0.943,0.943,0.943,"AMD Ryzen 5 5600GT with Radeon Graphics","Null Device",False
2026-10-08T04:17:22.8948000Z,bandwidth,bw-m1024-t8-v16-r1,bw.route.live,waypoints,80000,1024,8,16,10,10,4,5,1,5444596,5444596,5444596,5444596,5444596,"AMD Ryzen 5 5600GT with Radeon Graphics","Null Device",False
2026-10-08T04:17:22.8952680Z,bandwidth,bw-m1024-t8-v16-r1,bw.route.arena,MB,80000,1024,8,16,10,10,4,5,1,64,64,64,64,64,"AMD Ryzen 5 5600GT with Radeon Graphics","Null Device",False
2026-10-08T04:17:27.0174590Z,bandwidth,bw-m1024-t8-v32-r1,bw.snapshot.bytes,KB,80000,1024,8,32,10,10,4,5,8,490.107,487.236,520.898,520.898,520.898,"AMD Ryzen 5 5600GT with Radeon Graphics","Null Device",False
2026-10-08T04:17:27.0276930Z,bandwidth,bw-m1024-t8-v32-r1,bw.snapshot.wire,KB,80000,1024,8,32,10,10,4,5,8,511.911,508.927,544.061,544.061,544.061,"AMD Ryzen 5 5600GT with Radeon Graphics","Null Device",False
2026-10-08T04:17:27.0281880Z,bandwidth,bw-m1024-t8-v32-r1,bw.snapshot.units,units,80000,1024,8,32,10,10,4,5,8,20000,20000,20000,20000,20000,"AMD Ryzen 5 5600GT with Radeon Graphics","Null Device",False
2026-10-08T04:17:27.0288030Z,bandwidth,bw-m1024-t8-v32-r1,bw.snapshot.seconds,s,80000,1024,8,32,10,10,4,5,8,2,1.988,2.125,2.125,2.125,"AMD Ryzen 5 5600GT with Radeon Graphics","Null Device",False
2026-10-08T04:18:12.4664620Z,bandwidth,bw-m1024-t8-v32-r1,bw.avg,KB/s,80000,1024,8,32,10,10,4,5,8,262.839,272.474,310.354,311.261,311.487,"AMD Ryzen 5 5600GT with Radeon Graphics","Null Device",False
2026-10-08T04:18:12.4669860Z,bandwidth,bw-m1024-t8-v32-r1,bw.peak1s,KB/s,80000,1024,8,32,10,10,4,5,8,466.302,450.919,615.223,657.463,668.022,"AMD Ryzen 5 5600GT with Radeon Graphics","Null Device",False
2026-10-08T04:18:12.4674430Z,bandwidth,bw-m1024-t8-v32-r1,bw.wire.avg,KB/s,80000,1024,8,32,10,10,4,5,8,281.096,290.806,330.955,331.894,332.129,"AMD Ryzen 5 5600GT with Radeon Graphics","Null Device",False
2026-10-08T04:18:12.4678840Z,bandwidth,bw-m1024-t8-v32-r1,bw.wire.peak1s,KB/s,80000,1024,8,32,10,10,4,5,8,494.327,478.431,649.871,694.623,705.811,"AMD Ryzen 5 5600GT with Radeon Graphics","Null Device",False
2026-10-08T04:18:12.4683890Z,bandwidth,bw-m1024-t8-v32-r1,bw.encode.ms,ms,80000,1024,8,32,10,10,4,5,1200,1.961,2.056,2.559,2.937,9.303,"AMD Ryzen 5 5600GT with Radeon Graphics","Null Device",False
2026-10-08T04:18:12.4692940Z,bandwidth,bw-m1024-t8-v32-r1,bw.interest.ms,ms,80000,1024,8,32,10,10,4,5,1200,5.176,5.169,5.713,6.035,6.796,"AMD Ryzen 5 5600GT with Radeon Graphics","Null Device",False
2026-10-08T04:18:12.4702090Z,bandwidth,bw-m1024-t8-v32-r1,bw.routes.ms,ms,80000,1024,8,32,10,10,4,5,1200,1.905,0.946,1.393,48.572,94.78,"AMD Ryzen 5 5600GT with Radeon Graphics","Null Device",False
2026-10-08T04:18:12.4711110Z,bandwidth,bw-m1024-t8-v32-r1,bw.routes.deferred,units,80000,1024,8,32,10,10,4,5,1200,0,0,0,0,0,"AMD Ryzen 5 5600GT with Radeon Graphics","Null Device",False
2026-10-08T04:18:12.4732340Z,bandwidth,bw-m1024-t8-v32-r1,bw.bytype.moveorder,share,80000,1024,8,32,10,10,4,5,8,0.104,0.098,0.134,0.137,0.138,"AMD Ryzen 5 5600GT with Radeon Graphics","Null Device",False
2026-10-08T04:18:12.4737070Z,bandwidth,bw-m1024-t8-v32-r1,bw.moveorder,count,80000,1024,8,32,10,10,4,5,8,24361.625,24384.5,25340.05,25652.81,25731,"AMD Ryzen 5 5600GT with Radeon Graphics","Null Device",False
2026-10-08T04:18:12.4741480Z,bandwidth,bw-m1024-t8-v32-r1,bw.bytype.correction,share,80000,1024,8,32,10,10,4,5,8,0.451,0.409,0.62,0.654,0.662,"AMD Ryzen 5 5600GT with Radeon Graphics","Null Device",False
2026-10-08T04:18:12.4746040Z,bandwidth,bw-m1024-t8-v32-r1,bw.correction,count,80000,1024,8,32,10,10,4,5,8,1407304.375,1404923.5,1730886,1736603.6,1738033,"AMD Ryzen 5 5600GT with Radeon Graphics","Null Device",False
2026-10-08T04:18:12.4750680Z,bandwidth,bw-m1024-t8-v32-r1,bw.bytype.health,share,80000,1024,8,32,10,10,4,5,8,0.019,0.018,0.027,0.028,0.029,"AMD Ryzen 5 5600GT with Radeon Graphics","Null Device",False
2026-10-08T04:18:12.4756470Z,bandwidth,bw-m1024-t8-v32-r1,bw.health,count,80000,1024,8,32,10,10,4,5,8,143855,143908.5,147097.7,147108.34,147111,"AMD Ryzen 5 5600GT with Radeon Graphics","Null Device",False
2026-10-08T04:18:12.4761300Z,bandwidth,bw-m1024-t8-v32-r1,bw.bytype.enter,share,80000,1024,8,32,10,10,4,5,8,0.399,0.44,0.513,0.517,0.518,"AMD Ryzen 5 5600GT with Radeon Graphics","Null Device",False
2026-10-08T04:18:12.4765890Z,bandwidth,bw-m1024-t8-v32-r1,bw.enter,count,80000,1024,8,32,10,10,4,5,8,95587.75,100132,124573.55,125773.91,126074,"AMD Ryzen 5 5600GT with Radeon Graphics","Null Device",False
2026-10-08T04:18:12.4770520Z,bandwidth,bw-m1024-t8-v32-r1,bw.bytype.leave,share,80000,1024,8,32,10,10,4,5,8,0.013,0.013,0.016,0.016,0.016,"AMD Ryzen 5 5600GT with Radeon Graphics","Null Device",False
2026-10-08T04:18:12.4775290Z,bandwidth,bw-m1024-t8-v32-r1,bw.leave,count,80000,1024,8,32,10,10,4,5,8,81753.5,85976.5,110681.5,112157.1,112526,"AMD Ryzen 5 5600GT with Radeon Graphics","Null Device",False
2026-10-08T04:18:12.4779850Z,bandwidth,bw-m1024-t8-v32-r1,bw.bytype.explosion,share,80000,1024,8,32,10,10,4,5,8,0.005,0.005,0.008,0.008,0.008,"AMD Ryzen 5 5600GT with Radeon Graphics","Null Device",False
2026-10-08T04:18:12.4784530Z,bandwidth,bw-m1024-t8-v32-r1,bw.explosion,count,80000,1024,8,32,10,10,4,5,8,21013,20957.5,21397.1,21440.22,21451,"AMD Ryzen 5 5600GT with Radeon Graphics","Null Device",False
2026-10-08T04:18:12.4789100Z,bandwidth,bw-m1024-t8-v32-r1,bw.bytype.fogdelta,share,80000,1024,8,32,10,10,4,5,8,0.008,0.007,0.014,0.015,0.016,"AMD Ryzen 5 5600GT with Radeon Graphics","Null Device",False
2026-10-08T04:18:12.4793690Z,bandwidth,bw-m1024-t8-v32-r1,bw.fogdelta,count,80000,1024,8,32,10,10,4,5,8,84946.125,85893.5,114067.15,121865.43,123815,"AMD Ryzen 5 5600GT with Radeon Graphics","Null Device",False
2026-10-08T04:18:12.4798260Z,bandwidth,bw-m1024-t8-v32-r1,bw.waypoints,waypoints,80000,1024,8,32,10,10,4,5,1,23.167,23.167,23.167,23.167,23.167,"AMD Ryzen 5 5600GT with Radeon Graphics","Null Device",False
2026-10-08T04:18:12.4803310Z,bandwidth,bw-m1024-t8-v32-r1,bw.waypoints.smoothed,waypoints,80000,1024,8,32,10,10,4,5,1,2.759,2.759,2.759,2.759,2.759,"AMD Ryzen 5 5600GT with Radeon Graphics","Null Device",False
2026-10-08T04:18:12.4807910Z,bandwidth,bw-m1024-t8-v32-r1,bw.waypoints.saved,share,80000,1024,8,32,10,10,4,5,1,0.881,0.881,0.881,0.881,0.881,"AMD Ryzen 5 5600GT with Radeon Graphics","Null Device",False
2026-10-08T04:18:12.4835100Z,bandwidth,bw-m1024-t8-v32-r1,bw.units,units,80000,1024,8,32,10,10,4,5,1,79979,79979,79979,79979,79979,"AMD Ryzen 5 5600GT with Radeon Graphics","Null Device",False
2026-10-08T04:18:12.4877120Z,bandwidth,bw-m1024-t8-v32-r1,bw.units.engaged,share,80000,1024,8,32,10,10,4,5,1,0.033,0.033,0.033,0.033,0.033,"AMD Ryzen 5 5600GT with Radeon Graphics","Null Device",False
2026-10-08T04:18:12.4882080Z,bandwidth,bw-m1024-t8-v32-r1,bw.units.ordered,share,80000,1024,8,32,10,10,4,5,1,0.985,0.985,0.985,0.985,0.985,"AMD Ryzen 5 5600GT with Radeon Graphics","Null Device",False
2026-10-08T04:18:12.4889210Z,bandwidth,bw-m1024-t8-v32-r1,bw.allowed,units,80000,1024,8,32,10,10,4,5,1,12741,12741,12741,12741,12741,"AMD Ryzen 5 5600GT with Radeon Graphics","Null Device",False
2026-10-08T04:18:12.4893910Z,bandwidth,bw-m1024-t8-v32-r1,bw.corrections.perunit,corrections,80000,1024,8,32,10,10,4,5,1,0.084,0.084,0.084,0.084,0.084,"AMD Ryzen 5 5600GT with Radeon Graphics","Null Device",False
2026-10-08T04:18:12.4903950Z,bandwidth,bw-m1024-t8-v32-r1,bw.error.all.mean,tiles,80000,1024,8,32,10,10,4,5,1,0.376,0.376,0.376,0.376,0.376,"AMD Ryzen 5 5600GT with Radeon Graphics","Null Device",False
2026-10-08T04:18:12.4909150Z,bandwidth,bw-m1024-t8-v32-r1,bw.error.all.p50,tiles,80000,1024,8,32,10,10,4,5,1,0.078,0.078,0.078,0.078,0.078,"AMD Ryzen 5 5600GT with Radeon Graphics","Null Device",False
2026-10-08T04:18:12.4913680Z,bandwidth,bw-m1024-t8-v32-r1,bw.error.all.p95,tiles,80000,1024,8,32,10,10,4,5,1,1.656,1.656,1.656,1.656,1.656,"AMD Ryzen 5 5600GT with Radeon Graphics","Null Device",False
2026-10-08T04:18:12.4917970Z,bandwidth,bw-m1024-t8-v32-r1,bw.error.all.p99,tiles,80000,1024,8,32,10,10,4,5,1,1.938,1.938,1.938,1.938,1.938,"AMD Ryzen 5 5600GT with Radeon Graphics","Null Device",False
2026-10-08T04:18:12.4935530Z,bandwidth,bw-m1024-t8-v32-r1,bw.error.view.mean,tiles,80000,1024,8,32,10,10,4,5,1,0.065,0.065,0.065,0.065,0.065,"AMD Ryzen 5 5600GT with Radeon Graphics","Null Device",False
2026-10-08T04:18:12.4940010Z,bandwidth,bw-m1024-t8-v32-r1,bw.error.view.p50,tiles,80000,1024,8,32,10,10,4,5,1,0.063,0.063,0.063,0.063,0.063,"AMD Ryzen 5 5600GT with Radeon Graphics","Null Device",False
2026-10-08T04:18:12.4944960Z,bandwidth,bw-m1024-t8-v32-r1,bw.error.view.p95,tiles,80000,1024,8,32,10,10,4,5,1,0.203,0.203,0.203,0.203,0.203,"AMD Ryzen 5 5600GT with Radeon Graphics","Null Device",False
2026-10-08T04:18:12.4949220Z,bandwidth,bw-m1024-t8-v32-r1,bw.error.view.p99,tiles,80000,1024,8,32,10,10,4,5,1,0.25,0.25,0.25,0.25,0.25,"AMD Ryzen 5 5600GT with Radeon Graphics","Null Device",False
2026-10-08T04:18:12.4954140Z,bandwidth,bw-m1024-t8-v32-r1,bw.error.raw.mean,tiles,80000,1024,8,32,10,10,4,5,1,0.756,0.756,0.756,0.756,0.756,"AMD Ryzen 5 5600GT with Radeon Graphics","Null Device",False
2026-10-08T04:18:12.4958370Z,bandwidth,bw-m1024-t8-v32-r1,bw.error.raw.p50,tiles,80000,1024,8,32,10,10,4,5,1,0.656,0.656,0.656,0.656,0.656,"AMD Ryzen 5 5600GT with Radeon Graphics","Null Device",False
2026-10-08T04:18:12.4962660Z,bandwidth,bw-m1024-t8-v32-r1,bw.error.raw.p95,tiles,80000,1024,8,32,10,10,4,5,1,1.781,1.781,1.781,1.781,1.781,"AMD Ryzen 5 5600GT with Radeon Graphics","Null Device",False
2026-10-08T04:18:12.4966810Z,bandwidth,bw-m1024-t8-v32-r1,bw.error.raw.p99,tiles,80000,1024,8,32,10,10,4,5,1,2.313,2.313,2.313,2.313,2.313,"AMD Ryzen 5 5600GT with Radeon Graphics","Null Device",False
2026-10-08T04:18:12.4971610Z,bandwidth,bw-m1024-t8-v32-r1,bw.error.rawanchored.mean,tiles,80000,1024,8,32,10,10,4,5,1,0.757,0.757,0.757,0.757,0.757,"AMD Ryzen 5 5600GT with Radeon Graphics","Null Device",False
2026-10-08T04:18:12.4975970Z,bandwidth,bw-m1024-t8-v32-r1,bw.error.rawanchored.p50,tiles,80000,1024,8,32,10,10,4,5,1,0.656,0.656,0.656,0.656,0.656,"AMD Ryzen 5 5600GT with Radeon Graphics","Null Device",False
2026-10-08T04:18:12.4980240Z,bandwidth,bw-m1024-t8-v32-r1,bw.error.rawanchored.p95,tiles,80000,1024,8,32,10,10,4,5,1,1.781,1.781,1.781,1.781,1.781,"AMD Ryzen 5 5600GT with Radeon Graphics","Null Device",False
2026-10-08T04:18:12.4984700Z,bandwidth,bw-m1024-t8-v32-r1,bw.error.rawanchored.p99,tiles,80000,1024,8,32,10,10,4,5,1,2.313,2.313,2.313,2.313,2.313,"AMD Ryzen 5 5600GT with Radeon Graphics","Null Device",False
2026-10-08T04:18:12.4989390Z,bandwidth,bw-m1024-t8-v32-r1,bw.checks.anchored,share,80000,1024,8,32,10,10,4,5,1,0.943,0.943,0.943,0.943,0.943,"AMD Ryzen 5 5600GT with Radeon Graphics","Null Device",False
2026-10-08T04:18:12.4993700Z,bandwidth,bw-m1024-t8-v32-r1,bw.route.live,waypoints,80000,1024,8,32,10,10,4,5,1,5444596,5444596,5444596,5444596,5444596,"AMD Ryzen 5 5600GT with Radeon Graphics","Null Device",False
2026-10-08T04:18:12.4998490Z,bandwidth,bw-m1024-t8-v32-r1,bw.route.arena,MB,80000,1024,8,32,10,10,4,5,1,64,64,64,64,64,"AMD Ryzen 5 5600GT with Radeon Graphics","Null Device",False
2026-10-08T04:18:16.6324620Z,bandwidth,bw-plan-m1024-t2-v8-r1,bw.snapshot.bytes,KB,80000,1024,2,8,10,10,4,5,8,983.205,983.205,1019.942,1019.942,1019.942,"AMD Ryzen 5 5600GT with Radeon Graphics","Null Device",False
2026-10-08T04:18:16.6419590Z,bandwidth,bw-plan-m1024-t2-v8-r1,bw.snapshot.wire,KB,80000,1024,2,8,10,10,4,5,8,1026.916,1026.916,1065.305,1065.305,1065.305,"AMD Ryzen 5 5600GT with Radeon Graphics","Null Device",False
2026-10-08T04:18:16.6424510Z,bandwidth,bw-plan-m1024-t2-v8-r1,bw.snapshot.units,units,80000,1024,2,8,10,10,4,5,8,40000,40000,40000,40000,40000,"AMD Ryzen 5 5600GT with Radeon Graphics","Null Device",False
2026-10-08T04:18:16.6429170Z,bandwidth,bw-plan-m1024-t2-v8-r1,bw.snapshot.seconds,s,80000,1024,2,8,10,10,4,5,8,4.011,4.011,4.161,4.161,4.161,"AMD Ryzen 5 5600GT with Radeon Graphics","Null Device",False
2026-10-08T04:18:59.1018270Z,bandwidth,bw-plan-m1024-t2-v8-r1,bw.avg,KB/s,80000,1024,2,8,10,10,4,5,8,1923.717,1923.717,1965.811,1965.811,1965.811,"AMD Ryzen 5 5600GT with Radeon Graphics","Null Device",False
2026-10-08T04:18:59.1024340Z,bandwidth,bw-plan-m1024-t2-v8-r1,bw.peak1s,KB/s,80000,1024,2,8,10,10,4,5,8,2331.895,2331.895,2337.192,2337.192,2337.192,"AMD Ryzen 5 5600GT with Radeon Graphics","Null Device",False
2026-10-08T04:18:59.1029980Z,bandwidth,bw-plan-m1024-t2-v8-r1,bw.wire.avg,KB/s,80000,1024,2,8,10,10,4,5,8,2091.723,2091.723,2137.896,2137.896,2137.896,"AMD Ryzen 5 5600GT with Radeon Graphics","Null Device",False
2026-10-08T04:18:59.1034880Z,bandwidth,bw-plan-m1024-t2-v8-r1,bw.wire.peak1s,KB/s,80000,1024,2,8,10,10,4,5,8,2515.34,2515.34,2520.7,2520.7,2520.7,"AMD Ryzen 5 5600GT with Radeon Graphics","Null Device",False
2026-10-08T04:18:59.1039620Z,bandwidth,bw-plan-m1024-t2-v8-r1,bw.encode.ms,ms,80000,1024,2,8,10,10,4,5,1200,7.767,8.415,9.718,10.261,18.451,"AMD Ryzen 5 5600GT with Radeon Graphics","Null Device",False
2026-10-08T04:18:59.1048980Z,bandwidth,bw-plan-m1024-t2-v8-r1,bw.interest.ms,ms,80000,1024,2,8,10,10,4,5,1200,2.272,2.195,2.864,3.348,3.702,"AMD Ryzen 5 5600GT with Radeon Graphics","Null Device",False
2026-10-08T04:18:59.1058690Z,bandwidth,bw-plan-m1024-t2-v8-r1,bw.routes.ms,ms,80000,1024,2,8,10,10,4,5,1200,1.923,0.973,1.4,48.537,93.818,"AMD Ryzen 5 5600GT with Radeon Graphics","Null Device",False
2026-10-08T04:18:59.1068800Z,bandwidth,bw-plan-m1024-t2-v8-r1,bw.routes.deferred,units,80000,1024,2,8,10,10,4,5,1200,0,0,0,0,0,"AMD Ryzen 5 5600GT with Radeon Graphics","Null Device",False
2026-10-08T04:18:59.1089730Z,bandwidth,bw-plan-m1024-t2-v8-r1,bw.bytype.moveorder,share,80000,1024,2,8,10,10,4,5,8,0.044,0.044,0.046,0.046,0.046,"AMD Ryzen 5 5600GT with Radeon Graphics","Null Device",False
2026-10-08T04:18:59.1094760Z,bandwidth,bw-plan-m1024-t2-v8-r1,bw.moveorder,count,80000,1024,2,8,10,10,4,5,8,69001.5,69001.5,69261,69261,69261,"AMD Ryzen 5 5600GT with Radeon Graphics","Null Device",False
2026-10-08T04:18:59.1099310Z,bandwidth,bw-plan-m1024-t2-v8-r1,bw.bytype.correction,share,80000,1024,2,8,10,10,4,5,8,0.934,0.934,0.938,0.938,0.938,"AMD Ryzen 5 5600GT with Radeon Graphics","Null Device",False
2026-10-08T04:18:59.1104110Z,bandwidth,bw-plan-m1024-t2-v8-r1,bw.correction,count,80000,1024,2,8,10,10,4,5,8,18418769.5,18418769.5,18888136,18888136,18888136,"AMD Ryzen 5 5600GT with Radeon Graphics","Null Device",False
2026-10-08T04:18:59.1109490Z,bandwidth,bw-plan-m1024-t2-v8-r1,bw.bytype.health,share,80000,1024,2,8,10,10,4,5,8,0.005,0.005,0.005,0.005,0.005,"AMD Ryzen 5 5600GT with Radeon Graphics","Null Device",False
2026-10-08T04:18:59.1114330Z,bandwidth,bw-plan-m1024-t2-v8-r1,bw.health,count,80000,1024,2,8,10,10,4,5,8,287747,287747,287845,287845,287845,"AMD Ryzen 5 5600GT with Radeon Graphics","Null Device",False
2026-10-08T04:18:59.1118920Z,bandwidth,bw-plan-m1024-t2-v8-r1,bw.bytype.enter,share,80000,1024,2,8,10,10,4,5,8,0.013,0.013,0.014,0.014,0.014,"AMD Ryzen 5 5600GT with Radeon Graphics","Null Device",False
2026-10-08T04:18:59.1123570Z,bandwidth,bw-plan-m1024-t2-v8-r1,bw.enter,count,80000,1024,2,8,10,10,4,5,8,82027,82027,82563,82563,82563,"AMD Ryzen 5 5600GT with Radeon Graphics","Null Device",False
2026-10-08T04:18:59.1128140Z,bandwidth,bw-plan-m1024-t2-v8-r1,bw.bytype.leave,share,80000,1024,2,8,10,10,4,5,8,0.001,0.001,0.001,0.001,0.001,"AMD Ryzen 5 5600GT with Radeon Graphics","Null Device",False
2026-10-08T04:18:59.1132690Z,bandwidth,bw-plan-m1024-t2-v8-r1,bw.leave,count,80000,1024,2,8,10,10,4,5,8,42038.5,42038.5,42578,42578,42578,"AMD Ryzen 5 5600GT with Radeon Graphics","Null Device",False
2026-10-08T04:18:59.1137280Z,bandwidth,bw-plan-m1024-t2-v8-r1,bw.bytype.explosion,share,80000,1024,2,8,10,10,4,5,8,0.001,0.001,0.001,0.001,0.001,"AMD Ryzen 5 5600GT with Radeon Graphics","Null Device",False
2026-10-08T04:18:59.1141810Z,bandwidth,bw-plan-m1024-t2-v8-r1,bw.explosion,count,80000,1024,2,8,10,10,4,5,8,41939,41939,42381,42381,42381,"AMD Ryzen 5 5600GT with Radeon Graphics","Null Device",False
2026-10-08T04:18:59.1146380Z,bandwidth,bw-plan-m1024-t2-v8-r1,bw.bytype.fogdelta,share,80000,1024,2,8,10,10,4,5,8,0.002,0.002,0.002,0.002,0.002,"AMD Ryzen 5 5600GT with Radeon Graphics","Null Device",False
2026-10-08T04:18:59.1150830Z,bandwidth,bw-plan-m1024-t2-v8-r1,bw.fogdelta,count,80000,1024,2,8,10,10,4,5,8,155819.5,155819.5,183390,183390,183390,"AMD Ryzen 5 5600GT with Radeon Graphics","Null Device",False
2026-10-08T04:18:59.1155490Z,bandwidth,bw-plan-m1024-t2-v8-r1,bw.waypoints,waypoints,80000,1024,2,8,10,10,4,5,1,23.167,23.167,23.167,23.167,23.167,"AMD Ryzen 5 5600GT with Radeon Graphics","Null Device",False
2026-10-08T04:18:59.1160000Z,bandwidth,bw-plan-m1024-t2-v8-r1,bw.waypoints.smoothed,waypoints,80000,1024,2,8,10,10,4,5,1,2.759,2.759,2.759,2.759,2.759,"AMD Ryzen 5 5600GT with Radeon Graphics","Null Device",False
2026-10-08T04:18:59.1164630Z,bandwidth,bw-plan-m1024-t2-v8-r1,bw.waypoints.saved,share,80000,1024,2,8,10,10,4,5,1,0.881,0.881,0.881,0.881,0.881,"AMD Ryzen 5 5600GT with Radeon Graphics","Null Device",False
2026-10-08T04:18:59.1191500Z,bandwidth,bw-plan-m1024-t2-v8-r1,bw.units,units,80000,1024,2,8,10,10,4,5,1,79979,79979,79979,79979,79979,"AMD Ryzen 5 5600GT with Radeon Graphics","Null Device",False
2026-10-08T04:18:59.1234060Z,bandwidth,bw-plan-m1024-t2-v8-r1,bw.units.engaged,share,80000,1024,2,8,10,10,4,5,1,0.033,0.033,0.033,0.033,0.033,"AMD Ryzen 5 5600GT with Radeon Graphics","Null Device",False
2026-10-08T04:18:59.1238800Z,bandwidth,bw-plan-m1024-t2-v8-r1,bw.units.ordered,share,80000,1024,2,8,10,10,4,5,1,0.985,0.985,0.985,0.985,0.985,"AMD Ryzen 5 5600GT with Radeon Graphics","Null Device",False
2026-10-08T04:18:59.1245430Z,bandwidth,bw-plan-m1024-t2-v8-r1,bw.allowed,units,80000,1024,2,8,10,10,4,5,1,39992,39992,39992,39992,39992,"AMD Ryzen 5 5600GT with Radeon Graphics","Null Device",False
2026-10-08T04:18:59.1250240Z,bandwidth,bw-plan-m1024-t2-v8-r1,bw.corrections.perunit,corrections,80000,1024,2,8,10,10,4,5,1,0.394,0.394,0.394,0.394,0.394,"AMD Ryzen 5 5600GT with Radeon Graphics","Null Device",False
2026-10-08T04:18:59.1260560Z,bandwidth,bw-plan-m1024-t2-v8-r1,bw.error.all.mean,tiles,80000,1024,2,8,10,10,4,5,1,0.04,0.04,0.04,0.04,0.04,"AMD Ryzen 5 5600GT with Radeon Graphics","Null Device",False
2026-10-08T04:18:59.1266150Z,bandwidth,bw-plan-m1024-t2-v8-r1,bw.error.all.p50,tiles,80000,1024,2,8,10,10,4,5,1,0.031,0.031,0.031,0.031,0.031,"AMD Ryzen 5 5600GT with Radeon Graphics","Null Device",False
2026-10-08T04:18:59.1270970Z,bandwidth,bw-plan-m1024-t2-v8-r1,bw.error.all.p95,tiles,80000,1024,2,8,10,10,4,5,1,0.188,0.188,0.188,0.188,0.188,"AMD Ryzen 5 5600GT with Radeon Graphics","Null Device",False
2026-10-08T04:18:59.1276040Z,bandwidth,bw-plan-m1024-t2-v8-r1,bw.error.all.p99,tiles,80000,1024,2,8,10,10,4,5,1,0.25,0.25,0.25,0.25,0.25,"AMD Ryzen 5 5600GT with Radeon Graphics","Null Device",False
2026-10-08T04:18:59.1281600Z,bandwidth,bw-plan-m1024-t2-v8-r1,bw.error.view.mean,tiles,80000,1024,2,8,10,10,4,5,1,0.04,0.04,0.04,0.04,0.04,"AMD Ryzen 5 5600GT with Radeon Graphics","Null Device",False
2026-10-08T04:18:59.1286590Z,bandwidth,bw-plan-m1024-t2-v8-r1,bw.error.view.p50,tiles,80000,1024,2,8,10,10,4,5,1,0.031,0.031,0.031,0.031,0.031,"AMD Ryzen 5 5600GT with Radeon Graphics","Null Device",False
2026-10-08T04:18:59.1291360Z,bandwidth,bw-plan-m1024-t2-v8-r1,bw.error.view.p95,tiles,80000,1024,2,8,10,10,4,5,1,0.188,0.188,0.188,0.188,0.188,"AMD Ryzen 5 5600GT with Radeon Graphics","Null Device",False
2026-10-08T04:18:59.1296220Z,bandwidth,bw-plan-m1024-t2-v8-r1,bw.error.view.p99,tiles,80000,1024,2,8,10,10,4,5,1,0.25,0.25,0.25,0.25,0.25,"AMD Ryzen 5 5600GT with Radeon Graphics","Null Device",False
2026-10-08T04:18:59.1301630Z,bandwidth,bw-plan-m1024-t2-v8-r1,bw.error.raw.mean,tiles,80000,1024,2,8,10,10,4,5,1,0.659,0.659,0.659,0.659,0.659,"AMD Ryzen 5 5600GT with Radeon Graphics","Null Device",False
2026-10-08T04:18:59.1306500Z,bandwidth,bw-plan-m1024-t2-v8-r1,bw.error.raw.p50,tiles,80000,1024,2,8,10,10,4,5,1,0.625,0.625,0.625,0.625,0.625,"AMD Ryzen 5 5600GT with Radeon Graphics","Null Device",False
2026-10-08T04:18:59.1311250Z,bandwidth,bw-plan-m1024-t2-v8-r1,bw.error.raw.p95,tiles,80000,1024,2,8,10,10,4,5,1,1.25,1.25,1.25,1.25,1.25,"AMD Ryzen 5 5600GT with Radeon Graphics","Null Device",False
2026-10-08T04:18:59.1316050Z,bandwidth,bw-plan-m1024-t2-v8-r1,bw.error.raw.p99,tiles,80000,1024,2,8,10,10,4,5,1,1.438,1.438,1.438,1.438,1.438,"AMD Ryzen 5 5600GT with Radeon Graphics","Null Device",False
2026-10-08T04:18:59.1321500Z,bandwidth,bw-plan-m1024-t2-v8-r1,bw.error.rawanchored.mean,tiles,80000,1024,2,8,10,10,4,5,1,0.665,0.665,0.665,0.665,0.665,"AMD Ryzen 5 5600GT with Radeon Graphics","Null Device",False
2026-10-08T04:18:59.1326330Z,bandwidth,bw-plan-m1024-t2-v8-r1,bw.error.rawanchored.p50,tiles,80000,1024,2,8,10,10,4,5,1,0.641,0.641,0.641,0.641,0.641,"AMD Ryzen 5 5600GT with Radeon Graphics","Null Device",False
2026-10-08T04:18:59.1331070Z,bandwidth,bw-plan-m1024-t2-v8-r1,bw.error.rawanchored.p95,tiles,80000,1024,2,8,10,10,4,5,1,1.25,1.25,1.25,1.25,1.25,"AMD Ryzen 5 5600GT with Radeon Graphics","Null Device",False
2026-10-08T04:18:59.1335890Z,bandwidth,bw-plan-m1024-t2-v8-r1,bw.error.rawanchored.p99,tiles,80000,1024,2,8,10,10,4,5,1,1.438,1.438,1.438,1.438,1.438,"AMD Ryzen 5 5600GT with Radeon Graphics","Null Device",False
2026-10-08T04:18:59.1341210Z,bandwidth,bw-plan-m1024-t2-v8-r1,bw.checks.anchored,share,80000,1024,2,8,10,10,4,5,1,0.981,0.981,0.981,0.981,0.981,"AMD Ryzen 5 5600GT with Radeon Graphics","Null Device",False
2026-10-08T04:18:59.1346060Z,bandwidth,bw-plan-m1024-t2-v8-r1,bw.route.live,waypoints,80000,1024,2,8,10,10,4,5,1,5444596,5444596,5444596,5444596,5444596,"AMD Ryzen 5 5600GT with Radeon Graphics","Null Device",False
2026-10-08T04:18:59.1350870Z,bandwidth,bw-plan-m1024-t2-v8-r1,bw.route.arena,MB,80000,1024,2,8,10,10,4,5,1,64,64,64,64,64,"AMD Ryzen 5 5600GT with Radeon Graphics","Null Device",False
2026-10-08T04:19:03.2489110Z,bandwidth,bw-m1024-t2-v8-r1,bw.snapshot.bytes,KB,80000,1024,2,8,10,10,4,5,8,983.205,983.205,1019.942,1019.942,1019.942,"AMD Ryzen 5 5600GT with Radeon Graphics","Null Device",False
2026-10-08T04:19:03.2586810Z,bandwidth,bw-m1024-t2-v8-r1,bw.snapshot.wire,KB,80000,1024,2,8,10,10,4,5,8,1026.916,1026.916,1065.305,1065.305,1065.305,"AMD Ryzen 5 5600GT with Radeon Graphics","Null Device",False
2026-10-08T04:19:03.2591830Z,bandwidth,bw-m1024-t2-v8-r1,bw.snapshot.units,units,80000,1024,2,8,10,10,4,5,8,40000,40000,40000,40000,40000,"AMD Ryzen 5 5600GT with Radeon Graphics","Null Device",False
2026-10-08T04:19:03.2596480Z,bandwidth,bw-m1024-t2-v8-r1,bw.snapshot.seconds,s,80000,1024,2,8,10,10,4,5,8,4.011,4.011,4.161,4.161,4.161,"AMD Ryzen 5 5600GT with Radeon Graphics","Null Device",False
2026-10-08T04:19:40.8837740Z,bandwidth,bw-m1024-t2-v8-r1,bw.avg,KB/s,80000,1024,2,8,10,10,4,5,8,276.788,272.817,303.653,307.036,307.882,"AMD Ryzen 5 5600GT with Radeon Graphics","Null Device",False
2026-10-08T04:19:40.8844340Z,bandwidth,bw-m1024-t2-v8-r1,bw.peak1s,KB/s,80000,1024,2,8,10,10,4,5,8,706.331,703.814,742.9,742.969,742.986,"AMD Ryzen 5 5600GT with Radeon Graphics","Null Device",False
2026-10-08T04:19:40.8849830Z,bandwidth,bw-m1024-t2-v8-r1,bw.wire.avg,KB/s,80000,1024,2,8,10,10,4,5,8,297.363,293.12,326.515,330.024,330.902,"AMD Ryzen 5 5600GT with Radeon Graphics","Null Device",False
2026-10-08T04:19:40.8855100Z,bandwidth,bw-m1024-t2-v8-r1,bw.wire.peak1s,KB/s,80000,1024,2,8,10,10,4,5,8,743.594,740.832,782.303,782.372,782.39,"AMD Ryzen 5 5600GT with Radeon Graphics","Null Device",False
2026-10-08T04:19:40.8860100Z,bandwidth,bw-m1024-t2-v8-r1,bw.encode.ms,ms,80000,1024,2,8,10,10,4,5,1200,3.579,3.792,4.567,5.331,14.247,"AMD Ryzen 5 5600GT with Radeon Graphics","Null Device",False
2026-10-08T04:19:40.8870370Z,bandwidth,bw-m1024-t2-v8-r1,bw.interest.ms,ms,80000,1024,2,8,10,10,4,5,1200,2.296,2.193,3.085,3.404,3.689,"AMD Ryzen 5 5600GT with Radeon Graphics","Null Device",False
2026-10-08T04:19:40.8881060Z,bandwidth,bw-m1024-t2-v8-r1,bw.routes.ms,ms,80000,1024,2,8,10,10,4,5,1200,1.933,0.98,1.434,48.584,92.667,"AMD Ryzen 5 5600GT with Radeon Graphics","Null Device",False
2026-10-08T04:19:40.8891190Z,bandwidth,bw-m1024-t2-v8-r1,bw.routes.deferred,units,80000,1024,2,8,10,10,4,5,1200,0,0,0,0,0,"AMD Ryzen 5 5600GT with Radeon Graphics","Null Device",False
2026-10-08T04:19:40.8915100Z,bandwidth,bw-m1024-t2-v8-r1,bw.bytype.moveorder,share,80000,1024,2,8,10,10,4,5,8,0.29,0.282,0.322,0.328,0.329,"AMD Ryzen 5 5600GT with Radeon Graphics","Null Device",False
2026-10-08T04:19:40.8920610Z,bandwidth,bw-m1024-t2-v8-r1,bw.moveorder,count,80000,1024,2,8,10,10,4,5,8,69001.5,69001.5,69261,69261,69261,"AMD Ryzen 5 5600GT with Radeon Graphics","Null Device",False
2026-10-08T04:19:40.8926120Z,bandwidth,bw-m1024-t2-v8-r1,bw.bytype.correction,share,80000,1024,2,8,10,10,4,5,8,0.561,0.57,0.599,0.603,0.604,"AMD Ryzen 5 5600GT with Radeon Graphics","Null Device",False
2026-10-08T04:19:40.8931130Z,bandwidth,bw-m1024-t2-v8-r1,bw.correction,count,80000,1024,2,8,10,10,4,5,8,1985603,1971475,2300617.8,2311020.36,2313621,"AMD Ryzen 5 5600GT with Radeon Graphics","Null Device",False
2026-10-08T04:19:40.8936270Z,bandwidth,bw-m1024-t2-v8-r1,bw.bytype.health,share,80000,1024,2,8,10,10,4,5,8,0.034,0.035,0.037,0.037,0.038,"AMD Ryzen 5 5600GT with Radeon Graphics","Null Device",False
2026-10-08T04:19:40.8955410Z,bandwidth,bw-m1024-t2-v8-r1,bw.health,count,80000,1024,2,8,10,10,4,5,8,287747,287747,287845,287845,287845,"AMD Ryzen 5 5600GT with Radeon Graphics","Null Device",False
2026-10-08T04:19:40.8960490Z,bandwidth,bw-m1024-t2-v8-r1,bw.bytype.enter,share,80000,1024,2,8,10,10,4,5,8,0.087,0.087,0.095,0.097,0.097,"AMD Ryzen 5 5600GT with Radeon Graphics","Null Device",False
2026-10-08T04:19:40.8965440Z,bandwidth,bw-m1024-t2-v8-r1,bw.enter,count,80000,1024,2,8,10,10,4,5,8,82027,82027,82563,82563,82563,"AMD Ryzen 5 5600GT with Radeon Graphics","Null Device",False
2026-10-08T04:19:40.8970340Z,bandwidth,bw-m1024-t2-v8-r1,bw.bytype.leave,share,80000,1024,2,8,10,10,4,5,8,0.006,0.006,0.006,0.006,0.007,"AMD Ryzen 5 5600GT with Radeon Graphics","Null Device",False
2026-10-08T04:19:40.8975310Z,bandwidth,bw-m1024-t2-v8-r1,bw.leave,count,80000,1024,2,8,10,10,4,5,8,42038.5,42038.5,42578,42578,42578,"AMD Ryzen 5 5600GT with Radeon Graphics","Null Device",False
2026-10-08T04:19:40.8980140Z,bandwidth,bw-m1024-t2-v8-r1,bw.bytype.explosion,share,80000,1024,2,8,10,10,4,5,8,0.009,0.01,0.01,0.01,0.01,"AMD Ryzen 5 5600GT with Radeon Graphics","Null Device",False
2026-10-08T04:19:40.8984840Z,bandwidth,bw-m1024-t2-v8-r1,bw.explosion,count,80000,1024,2,8,10,10,4,5,8,41939,41939,42381,42381,42381,"AMD Ryzen 5 5600GT with Radeon Graphics","Null Device",False
2026-10-08T04:19:40.8989220Z,bandwidth,bw-m1024-t2-v8-r1,bw.bytype.fogdelta,share,80000,1024,2,8,10,10,4,5,8,0.013,0.012,0.016,0.016,0.016,"AMD Ryzen 5 5600GT with Radeon Graphics","Null Device",False
2026-10-08T04:19:40.8993880Z,bandwidth,bw-m1024-t2-v8-r1,bw.fogdelta,count,80000,1024,2,8,10,10,4,5,8,155819.5,155819.5,183390,183390,183390,"AMD Ryzen 5 5600GT with Radeon Graphics","Null Device",False
2026-10-08T04:19:40.8998600Z,bandwidth,bw-m1024-t2-v8-r1,bw.waypoints,waypoints,80000,1024,2,8,10,10,4,5,1,23.167,23.167,23.167,23.167,23.167,"AMD Ryzen 5 5600GT with Radeon Graphics","Null Device",False
2026-10-08T04:19:40.9003300Z,bandwidth,bw-m1024-t2-v8-r1,bw.waypoints.smoothed,waypoints,80000,1024,2,8,10,10,4,5,1,2.759,2.759,2.759,2.759,2.759,"AMD Ryzen 5 5600GT with Radeon Graphics","Null Device",False
2026-10-08T04:19:40.9007940Z,bandwidth,bw-m1024-t2-v8-r1,bw.waypoints.saved,share,80000,1024,2,8,10,10,4,5,1,0.881,0.881,0.881,0.881,0.881,"AMD Ryzen 5 5600GT with Radeon Graphics","Null Device",False
2026-10-08T04:19:40.9036440Z,bandwidth,bw-m1024-t2-v8-r1,bw.units,units,80000,1024,2,8,10,10,4,5,1,79979,79979,79979,79979,79979,"AMD Ryzen 5 5600GT with Radeon Graphics","Null Device",False
2026-10-08T04:19:40.9080910Z,bandwidth,bw-m1024-t2-v8-r1,bw.units.engaged,share,80000,1024,2,8,10,10,4,5,1,0.033,0.033,0.033,0.033,0.033,"AMD Ryzen 5 5600GT with Radeon Graphics","Null Device",False
2026-10-08T04:19:40.9086140Z,bandwidth,bw-m1024-t2-v8-r1,bw.units.ordered,share,80000,1024,2,8,10,10,4,5,1,0.985,0.985,0.985,0.985,0.985,"AMD Ryzen 5 5600GT with Radeon Graphics","Null Device",False
2026-10-08T04:19:40.9092450Z,bandwidth,bw-m1024-t2-v8-r1,bw.allowed,units,80000,1024,2,8,10,10,4,5,1,39992,39992,39992,39992,39992,"AMD Ryzen 5 5600GT with Radeon Graphics","Null Device",False
2026-10-08T04:19:40.9097360Z,bandwidth,bw-m1024-t2-v8-r1,bw.corrections.perunit,corrections,80000,1024,2,8,10,10,4,5,1,0.04,0.04,0.04,0.04,0.04,"AMD Ryzen 5 5600GT with Radeon Graphics","Null Device",False
2026-10-08T04:19:40.9108660Z,bandwidth,bw-m1024-t2-v8-r1,bw.error.all.mean,tiles,80000,1024,2,8,10,10,4,5,1,0.535,0.535,0.535,0.535,0.535,"AMD Ryzen 5 5600GT with Radeon Graphics","Null Device",False
2026-10-08T04:19:40.9114390Z,bandwidth,bw-m1024-t2-v8-r1,bw.error.all.p50,tiles,80000,1024,2,8,10,10,4,5,1,0.094,0.094,0.094,0.094,0.094,"AMD Ryzen 5 5600GT with Radeon Graphics","Null Device",False
2026-10-08T04:19:40.9119350Z,bandwidth,bw-m1024-t2-v8-r1,bw.error.all.p95,tiles,80000,1024,2,8,10,10,4,5,1,1.797,1.797,1.797,1.797,1.797,"AMD Ryzen 5 5600GT with Radeon Graphics","Null Device",False
2026-10-08T04:19:40.9124400Z,bandwidth,bw-m1024-t2-v8-r1,bw.error.all.p99,tiles,80000,1024,2,8,10,10,4,5,1,1.969,1.969,1.969,1.969,1.969,"AMD Ryzen 5 5600GT with Radeon Graphics","Null Device",False
2026-10-08T04:19:40.9129950Z,bandwidth,bw-m1024-t2-v8-r1,bw.error.view.mean,tiles,80000,1024,2,8,10,10,4,5,1,0.065,0.065,0.065,0.065,0.065,"AMD Ryzen 5 5600GT with Radeon Graphics","Null Device",False
2026-10-08T04:19:40.9135070Z,bandwidth,bw-m1024-t2-v8-r1,bw.error.view.p50,tiles,80000,1024,2,8,10,10,4,5,1,0.063,0.063,0.063,0.063,0.063,"AMD Ryzen 5 5600GT with Radeon Graphics","Null Device",False
2026-10-08T04:19:40.9139850Z,bandwidth,bw-m1024-t2-v8-r1,bw.error.view.p95,tiles,80000,1024,2,8,10,10,4,5,1,0.203,0.203,0.203,0.203,0.203,"AMD Ryzen 5 5600GT with Radeon Graphics","Null Device",False
2026-10-08T04:19:40.9144830Z,bandwidth,bw-m1024-t2-v8-r1,bw.error.view.p99,tiles,80000,1024,2,8,10,10,4,5,1,0.25,0.25,0.25,0.25,0.25,"AMD Ryzen 5 5600GT with Radeon Graphics","Null Device",False
2026-10-08T04:19:40.9150260Z,bandwidth,bw-m1024-t2-v8-r1,bw.error.raw.mean,tiles,80000,1024,2,8,10,10,4,5,1,0.756,0.756,0.756,0.756,0.756,"AMD Ryzen 5 5600GT with Radeon Graphics","Null Device",False
2026-10-08T04:19:40.9155190Z,bandwidth,bw-m1024-t2-v8-r1,bw.error.raw.p50,tiles,80000,1024,2,8,10,10,4,5,1,0.656,0.656,0.656,0.656,0.656,"AMD Ryzen 5 5600GT with Radeon Graphics","Null Device",False
2026-10-08T04:19:40.9160030Z,bandwidth,bw-m1024-t2-v8-r1,bw.error.raw.p95,tiles,80000,1024,2,8,10,10,4,5,1,1.781,1.781,1.781,1.781,1.781,"AMD Ryzen 5 5600GT with Radeon Graphics","Null Device",False
2026-10-08T04:19:40.9164900Z,bandwidth,bw-m1024-t2-v8-r1,bw.error.raw.p99,tiles,80000,1024,2,8,10,10,4,5,1,2.313,2.313,2.313,2.313,2.313,"AMD Ryzen 5 5600GT with Radeon Graphics","Null Device",False
2026-10-08T04:19:40.9170380Z,bandwidth,bw-m1024-t2-v8-r1,bw.error.rawanchored.mean,tiles,80000,1024,2,8,10,10,4,5,1,0.757,0.757,0.757,0.757,0.757,"AMD Ryzen 5 5600GT with Radeon Graphics","Null Device",False
2026-10-08T04:19:40.9175340Z,bandwidth,bw-m1024-t2-v8-r1,bw.error.rawanchored.p50,tiles,80000,1024,2,8,10,10,4,5,1,0.656,0.656,0.656,0.656,0.656,"AMD Ryzen 5 5600GT with Radeon Graphics","Null Device",False
2026-10-08T04:19:40.9180080Z,bandwidth,bw-m1024-t2-v8-r1,bw.error.rawanchored.p95,tiles,80000,1024,2,8,10,10,4,5,1,1.781,1.781,1.781,1.781,1.781,"AMD Ryzen 5 5600GT with Radeon Graphics","Null Device",False
2026-10-08T04:19:40.9184980Z,bandwidth,bw-m1024-t2-v8-r1,bw.error.rawanchored.p99,tiles,80000,1024,2,8,10,10,4,5,1,2.313,2.313,2.313,2.313,2.313,"AMD Ryzen 5 5600GT with Radeon Graphics","Null Device",False
2026-10-08T04:19:40.9190520Z,bandwidth,bw-m1024-t2-v8-r1,bw.checks.anchored,share,80000,1024,2,8,10,10,4,5,1,0.943,0.943,0.943,0.943,0.943,"AMD Ryzen 5 5600GT with Radeon Graphics","Null Device",False
2026-10-08T04:19:40.9195700Z,bandwidth,bw-m1024-t2-v8-r1,bw.route.live,waypoints,80000,1024,2,8,10,10,4,5,1,5444596,5444596,5444596,5444596,5444596,"AMD Ryzen 5 5600GT with Radeon Graphics","Null Device",False
2026-10-08T04:19:40.9200580Z,bandwidth,bw-m1024-t2-v8-r1,bw.route.arena,MB,80000,1024,2,8,10,10,4,5,1,64,64,64,64,64,"AMD Ryzen 5 5600GT with Radeon Graphics","Null Device",False
2026-10-08T04:19:45.0726710Z,bandwidth,bw-m1024-t2-v16-r1,bw.snapshot.bytes,KB,80000,1024,2,16,10,10,4,5,8,985.335,985.335,1024.202,1024.202,1024.202,"AMD Ryzen 5 5600GT with Radeon Graphics","Null Device",False
2026-10-08T04:19:45.0824770Z,bandwidth,bw-m1024-t2-v16-r1,bw.snapshot.wire,KB,80000,1024,2,16,10,10,4,5,8,1029.147,1029.147,1069.768,1069.768,1069.768,"AMD Ryzen 5 5600GT with Radeon Graphics","Null Device",False
2026-10-08T04:19:45.0829550Z,bandwidth,bw-m1024-t2-v16-r1,bw.snapshot.units,units,80000,1024,2,16,10,10,4,5,8,40000,40000,40000,40000,40000,"AMD Ryzen 5 5600GT with Radeon Graphics","Null Device",False
2026-10-08T04:19:45.0834180Z,bandwidth,bw-m1024-t2-v16-r1,bw.snapshot.seconds,s,80000,1024,2,16,10,10,4,5,8,4.02,4.02,4.179,4.179,4.179,"AMD Ryzen 5 5600GT with Radeon Graphics","Null Device",False
2026-10-08T04:20:24.5681430Z,bandwidth,bw-m1024-t2-v16-r1,bw.avg,KB/s,80000,1024,2,16,10,10,4,5,8,277,273.028,303.896,307.336,308.196,"AMD Ryzen 5 5600GT with Radeon Graphics","Null Device",False
2026-10-08T04:20:24.5688070Z,bandwidth,bw-m1024-t2-v16-r1,bw.peak1s,KB/s,80000,1024,2,16,10,10,4,5,8,707.036,704.519,744.005,744.074,744.092,"AMD Ryzen 5 5600GT with Radeon Graphics","Null Device",False
2026-10-08T04:20:24.5693550Z,bandwidth,bw-m1024-t2-v16-r1,bw.wire.avg,KB/s,80000,1024,2,16,10,10,4,5,8,297.593,293.35,326.779,330.351,331.244,"AMD Ryzen 5 5600GT with Radeon Graphics","Null Device",False
2026-10-08T04:20:24.5698610Z,bandwidth,bw-m1024-t2-v16-r1,bw.wire.peak1s,KB/s,80000,1024,2,16,10,10,4,5,8,744.324,741.563,783.459,783.529,783.546,"AMD Ryzen 5 5600GT with Radeon Graphics","Null Device",False
2026-10-08T04:20:24.5703660Z,bandwidth,bw-m1024-t2-v16-r1,bw.encode.ms,ms,80000,1024,2,16,10,10,4,5,1200,3.472,3.652,4.546,5.372,14.674,"AMD Ryzen 5 5600GT with Radeon Graphics","Null Device",False
2026-10-08T04:20:24.5715360Z,bandwidth,bw-m1024-t2-v16-r1,bw.interest.ms,ms,80000,1024,2,16,10,10,4,5,1200,2.312,2.209,3.146,3.454,4.035,"AMD Ryzen 5 5600GT with Radeon Graphics","Null Device",False
2026-10-08T04:20:24.5726460Z,bandwidth,bw-m1024-t2-v16-r1,bw.routes.ms,ms,80000,1024,2,16,10,10,4,5,1200,1.936,0.986,1.399,48.012,94.395,"AMD Ryzen 5 5600GT with Radeon Graphics","Null Device",False
2026-10-08T04:20:24.5736910Z,bandwidth,bw-m1024-t2-v16-r1,bw.routes.deferred,units,80000,1024,2,16,10,10,4,5,1200,0,0,0,0,0,"AMD Ryzen 5 5600GT with Radeon Graphics","Null Device",False
2026-10-08T04:20:24.5760910Z,bandwidth,bw-m1024-t2-v16-r1,bw.bytype.moveorder,share,80000,1024,2,16,10,10,4,5,8,0.289,0.282,0.322,0.327,0.329,"AMD Ryzen 5 5600GT with Radeon Graphics","Null Device",False
2026-10-08T04:20:24.5766400Z,bandwidth,bw-m1024-t2-v16-r1,bw.moveorder,count,80000,1024,2,16,10,10,4,5,8,69001.5,69001.5,69261,69261,69261,"AMD Ryzen 5 5600GT with Radeon Graphics","Null Device",False
2026-10-08T04:20:24.5771540Z,bandwidth,bw-m1024-t2-v16-r1,bw.bytype.correction,share,80000,1024,2,16,10,10,4,5,8,0.56,0.569,0.599,0.603,0.604,"AMD Ryzen 5 5600GT with Radeon Graphics","Null Device",False
2026-10-08T04:20:24.5776470Z,bandwidth,bw-m1024-t2-v16-r1,bw.correction,count,80000,1024,2,16,10,10,4,5,8,1985603,1971475,2300617.8,2311020.36,2313621,"AMD Ryzen 5 5600GT with Radeon Graphics","Null Device",False
2026-10-08T04:20:24.5781570Z,bandwidth,bw-m1024-t2-v16-r1,bw.bytype.health,share,80000,1024,2,16,10,10,4,5,8,0.034,0.035,0.037,0.037,0.038,"AMD Ryzen 5 5600GT with Radeon Graphics","Null Device",False
2026-10-08T04:20:24.5786030Z,bandwidth,bw-m1024-t2-v16-r1,bw.health,count,80000,1024,2,16,10,10,4,5,8,287747,287747,287845,287845,287845,"AMD Ryzen 5 5600GT with Radeon Graphics","Null Device",False
2026-10-08T04:20:24.5804810Z,bandwidth,bw-m1024-t2-v16-r1,bw.bytype.enter,share,80000,1024,2,16,10,10,4,5,8,0.087,0.087,0.095,0.097,0.097,"AMD Ryzen 5 5600GT with Radeon Graphics","Null Device",False
2026-10-08T04:20:24.5809660Z,bandwidth,bw-m1024-t2-v16-r1,bw.enter,count,80000,1024,2,16,10,10,4,5,8,82027,82027,82563,82563,82563,"AMD Ryzen 5 5600GT with Radeon Graphics","Null Device",False
2026-10-08T04:20:24.5814290Z,bandwidth,bw-m1024-t2-v16-r1,bw.bytype.leave,share,80000,1024,2,16,10,10,4,5,8,0.006,0.006,0.006,0.006,0.007,"AMD Ryzen 5 5600GT with Radeon Graphics","Null Device",False
2026-10-08T04:20:24.5818530Z,bandwidth,bw-m1024-t2-v16-r1,bw.leave,count,80000,1024,2,16,10,10,4,5,8,42038.5,42038.5,42578,42578,42578,"AMD Ryzen 5 5600GT with Radeon Graphics","Null Device",False
2026-10-08T04:20:24.5822880Z,bandwidth,bw-m1024-t2-v16-r1,bw.bytype.explosion,share,80000,1024,2,16,10,10,4,5,8,0.009,0.01,0.01,0.01,0.01,"AMD Ryzen 5 5600GT with Radeon Graphics","Null Device",False
2026-10-08T04:20:24.5827100Z,bandwidth,bw-m1024-t2-v16-r1,bw.explosion,count,80000,1024,2,16,10,10,4,5,8,41939,41939,42381,42381,42381,"AMD Ryzen 5 5600GT with Radeon Graphics","Null Device",False
2026-10-08T04:20:24.5831320Z,bandwidth,bw-m1024-t2-v16-r1,bw.bytype.fogdelta,share,80000,1024,2,16,10,10,4,5,8,0.013,0.013,0.017,0.017,0.017,"AMD Ryzen 5 5600GT with Radeon Graphics","Null Device",False
2026-10-08T04:20:24.5835670Z,bandwidth,bw-m1024-t2-v16-r1,bw.fogdelta,count,80000,1024,2,16,10,10,4,5,8,169699.5,169699.5,204164,204164,204164,"AMD Ryzen 5 5600GT with Radeon Graphics","Null Device",False
2026-10-08T04:20:24.5839990Z,bandwidth,bw-m1024-t2-v16-r1,bw.waypoints,waypoints,80000,1024,2,16,10,10,4,5,1,23.167,23.167,23.167,23.167,23.167,"AMD Ryzen 5 5600GT with Radeon Graphics","Null Device",False
2026-10-08T04:20:24.5845790Z,bandwidth,bw-m1024-t2-v16-r1,bw.waypoints.smoothed,waypoints,80000,1024,2,16,10,10,4,5,1,2.759,2.759,2.759,2.759,2.759,"AMD Ryzen 5 5600GT with Radeon Graphics","Null Device",False
2026-10-08T04:20:24.5851270Z,bandwidth,bw-m1024-t2-v16-r1,bw.waypoints.saved,share,80000,1024,2,16,10,10,4,5,1,0.881,0.881,0.881,0.881,0.881,"AMD Ryzen 5 5600GT with Radeon Graphics","Null Device",False
2026-10-08T04:20:24.5878840Z,bandwidth,bw-m1024-t2-v16-r1,bw.units,units,80000,1024,2,16,10,10,4,5,1,79979,79979,79979,79979,79979,"AMD Ryzen 5 5600GT with Radeon Graphics","Null Device",False
2026-10-08T04:20:24.5926840Z,bandwidth,bw-m1024-t2-v16-r1,bw.units.engaged,share,80000,1024,2,16,10,10,4,5,1,0.033,0.033,0.033,0.033,0.033,"AMD Ryzen 5 5600GT with Radeon Graphics","Null Device",False
2026-10-08T04:20:24.5932080Z,bandwidth,bw-m1024-t2-v16-r1,bw.units.ordered,share,80000,1024,2,16,10,10,4,5,1,0.985,0.985,0.985,0.985,0.985,"AMD Ryzen 5 5600GT with Radeon Graphics","Null Device",False
2026-10-08T04:20:24.5938460Z,bandwidth,bw-m1024-t2-v16-r1,bw.allowed,units,80000,1024,2,16,10,10,4,5,1,39992,39992,39992,39992,39992,"AMD Ryzen 5 5600GT with Radeon Graphics","Null Device",False
2026-10-08T04:20:24.5943700Z,bandwidth,bw-m1024-t2-v16-r1,bw.corrections.perunit,corrections,80000,1024,2,16,10,10,4,5,1,0.04,0.04,0.04,0.04,0.04,"AMD Ryzen 5 5600GT with Radeon Graphics","Null Device",False
2026-10-08T04:20:24.5955630Z,bandwidth,bw-m1024-t2-v16-r1,bw.error.all.mean,tiles,80000,1024,2,16,10,10,4,5,1,0.535,0.535,0.535,0.535,0.535,"AMD Ryzen 5 5600GT with Radeon Graphics","Null Device",False
2026-10-08T04:20:24.5961560Z,bandwidth,bw-m1024-t2-v16-r1,bw.error.all.p50,tiles,80000,1024,2,16,10,10,4,5,1,0.094,0.094,0.094,0.094,0.094,"AMD Ryzen 5 5600GT with Radeon Graphics","Null Device",False
2026-10-08T04:20:24.5966770Z,bandwidth,bw-m1024-t2-v16-r1,bw.error.all.p95,tiles,80000,1024,2,16,10,10,4,5,1,1.797,1.797,1.797,1.797,1.797,"AMD Ryzen 5 5600GT with Radeon Graphics","Null Device",False
2026-10-08T04:20:24.5971700Z,bandwidth,bw-m1024-t2-v16-r1,bw.error.all.p99,tiles,80000,1024,2,16,10,10,4,5,1,1.969,1.969,1.969,1.969,1.969,"AMD Ryzen 5 5600GT with Radeon Graphics","Null Device",False
2026-10-08T04:20:24.5977260Z,bandwidth,bw-m1024-t2-v16-r1,bw.error.view.mean,tiles,80000,1024,2,16,10,10,4,5,1,0.065,0.065,0.065,0.065,0.065,"AMD Ryzen 5 5600GT with Radeon Graphics","Null Device",False
2026-10-08T04:20:24.5981990Z,bandwidth,bw-m1024-t2-v16-r1,bw.error.view.p50,tiles,80000,1024,2,16,10,10,4,5,1,0.063,0.063,0.063,0.063,0.063,"AMD Ryzen 5 5600GT with Radeon Graphics","Null Device",False
2026-10-08T04:20:24.5986730Z,bandwidth,bw-m1024-t2-v16-r1,bw.error.view.p95,tiles,80000,1024,2,16,10,10,4,5,1,0.203,0.203,0.203,0.203,0.203,"AMD Ryzen 5 5600GT with Radeon Graphics","Null Device",False
2026-10-08T04:20:24.5991440Z,bandwidth,bw-m1024-t2-v16-r1,bw.error.view.p99,tiles,80000,1024,2,16,10,10,4,5,1,0.25,0.25,0.25,0.25,0.25,"AMD Ryzen 5 5600GT with Radeon Graphics","Null Device",False
2026-10-08T04:20:24.5997330Z,bandwidth,bw-m1024-t2-v16-r1,bw.error.raw.mean,tiles,80000,1024,2,16,10,10,4,5,1,0.756,0.756,0.756,0.756,0.756,"AMD Ryzen 5 5600GT with Radeon Graphics","Null Device",False
2026-10-08T04:20:24.6002890Z,bandwidth,bw-m1024-t2-v16-r1,bw.error.raw.p50,tiles,80000,1024,2,16,10,10,4,5,1,0.656,0.656,0.656,0.656,0.656,"AMD Ryzen 5 5600GT with Radeon Graphics","Null Device",False
2026-10-08T04:20:24.6007160Z,bandwidth,bw-m1024-t2-v16-r1,bw.error.raw.p95,tiles,80000,1024,2,16,10,10,4,5,1,1.781,1.781,1.781,1.781,1.781,"AMD Ryzen 5 5600GT with Radeon Graphics","Null Device",False
2026-10-08T04:20:24.6011420Z,bandwidth,bw-m1024-t2-v16-r1,bw.error.raw.p99,tiles,80000,1024,2,16,10,10,4,5,1,2.313,2.313,2.313,2.313,2.313,"AMD Ryzen 5 5600GT with Radeon Graphics","Null Device",False
2026-10-08T04:20:24.6016350Z,bandwidth,bw-m1024-t2-v16-r1,bw.error.rawanchored.mean,tiles,80000,1024,2,16,10,10,4,5,1,0.757,0.757,0.757,0.757,0.757,"AMD Ryzen 5 5600GT with Radeon Graphics","Null Device",False
2026-10-08T04:20:24.6020690Z,bandwidth,bw-m1024-t2-v16-r1,bw.error.rawanchored.p50,tiles,80000,1024,2,16,10,10,4,5,1,0.656,0.656,0.656,0.656,0.656,"AMD Ryzen 5 5600GT with Radeon Graphics","Null Device",False
2026-10-08T04:20:24.6024980Z,bandwidth,bw-m1024-t2-v16-r1,bw.error.rawanchored.p95,tiles,80000,1024,2,16,10,10,4,5,1,1.781,1.781,1.781,1.781,1.781,"AMD Ryzen 5 5600GT with Radeon Graphics","Null Device",False
2026-10-08T04:20:24.6029160Z,bandwidth,bw-m1024-t2-v16-r1,bw.error.rawanchored.p99,tiles,80000,1024,2,16,10,10,4,5,1,2.313,2.313,2.313,2.313,2.313,"AMD Ryzen 5 5600GT with Radeon Graphics","Null Device",False
2026-10-08T04:20:24.6033970Z,bandwidth,bw-m1024-t2-v16-r1,bw.checks.anchored,share,80000,1024,2,16,10,10,4,5,1,0.943,0.943,0.943,0.943,0.943,"AMD Ryzen 5 5600GT with Radeon Graphics","Null Device",False
2026-10-08T04:20:24.6038270Z,bandwidth,bw-m1024-t2-v16-r1,bw.route.live,waypoints,80000,1024,2,16,10,10,4,5,1,5444596,5444596,5444596,5444596,5444596,"AMD Ryzen 5 5600GT with Radeon Graphics","Null Device",False
2026-10-08T04:20:24.6042690Z,bandwidth,bw-m1024-t2-v16-r1,bw.route.arena,MB,80000,1024,2,16,10,10,4,5,1,64,64,64,64,64,"AMD Ryzen 5 5600GT with Radeon Graphics","Null Device",False
2026-10-08T04:20:28.7396400Z,bandwidth,bw-m1024-t2-v32-r1,bw.snapshot.bytes,KB,80000,1024,2,32,10,10,4,5,8,988.447,988.447,1030.427,1030.427,1030.427,"AMD Ryzen 5 5600GT with Radeon Graphics","Null Device",False
2026-10-08T04:20:28.7504750Z,bandwidth,bw-m1024-t2-v32-r1,bw.snapshot.wire,KB,80000,1024,2,32,10,10,4,5,8,1032.386,1032.386,1076.246,1076.246,1076.246,"AMD Ryzen 5 5600GT with Radeon Graphics","Null Device",False
2026-10-08T04:20:28.7510130Z,bandwidth,bw-m1024-t2-v32-r1,bw.snapshot.units,units,80000,1024,2,32,10,10,4,5,8,40000,40000,40000,40000,40000,"AMD Ryzen 5 5600GT with Radeon Graphics","Null Device",False
2026-10-08T04:20:28.7515350Z,bandwidth,bw-m1024-t2-v32-r1,bw.snapshot.seconds,s,80000,1024,2,32,10,10,4,5,8,4.033,4.033,4.204,4.204,4.204,"AMD Ryzen 5 5600GT with Radeon Graphics","Null Device",False
2026-10-08T04:21:10.5595580Z,bandwidth,bw-m1024-t2-v32-r1,bw.avg,KB/s,80000,1024,2,32,10,10,4,5,8,278.248,274.276,305.222,308.808,309.705,"AMD Ryzen 5 5600GT with Radeon Graphics","Null Device",False
2026-10-08T04:21:10.5600900Z,bandwidth,bw-m1024-t2-v32-r1,bw.peak1s,KB/s,80000,1024,2,32,10,10,4,5,8,708.009,705.493,745.202,745.272,745.289,"AMD Ryzen 5 5600GT with Radeon Graphics","Null Device",False
2026-10-08T04:21:10.5605630Z,bandwidth,bw-m1024-t2-v32-r1,bw.wire.avg,KB/s,80000,1024,2,32,10,10,4,5,8,298.956,294.713,328.232,331.97,332.905,"AMD Ryzen 5 5600GT with Radeon Graphics","Null Device",False
2026-10-08T04:21:10.5610020Z,bandwidth,bw-m1024-t2-v32-r1,bw.wire.peak1s,KB/s,80000,1024,2,32,10,10,4,5,8,745.298,742.536,784.656,784.726,784.743,"AMD Ryzen 5 5600GT with Radeon Graphics","Null Device",False
2026-10-08T04:21:10.5614890Z,bandwidth,bw-m1024-t2-v32-r1,bw.encode.ms,ms,80000,1024,2,32,10,10,4,5,1200,3.409,3.579,4.365,5.278,14.712,"AMD Ryzen 5 5600GT with Radeon Graphics","Null Device",False
2026-10-08T04:21:10.5624120Z,bandwidth,bw-m1024-t2-v32-r1,bw.interest.ms,ms,80000,1024,2,32,10,10,4,5,1200,2.314,2.223,2.855,3.458,3.702,"AMD Ryzen 5 5600GT with Radeon Graphics","Null Device",False
2026-10-08T04:21:10.5633260Z,bandwidth,bw-m1024-t2-v32-r1,bw.routes.ms,ms,80000,1024,2,32,10,10,4,5,1200,1.94,0.984,1.448,48.574,95.313,"AMD Ryzen 5 5600GT with Radeon Graphics","Null Device",False
2026-10-08T04:21:10.5642170Z,bandwidth,bw-m1024-t2-v32-r1,bw.routes.deferred,units,80000,1024,2,32,10,10,4,5,1200,0,0,0,0,0,"AMD Ryzen 5 5600GT with Radeon Graphics","Null Device",False
2026-10-08T04:21:10.5662570Z,bandwidth,bw-m1024-t2-v32-r1,bw.bytype.moveorder,share,80000,1024,2,32,10,10,4,5,8,0.288,0.281,0.32,0.325,0.327,"AMD Ryzen 5 5600GT with Radeon Graphics","Null Device",False
2026-10-08T04:21:10.5667210Z,bandwidth,bw-m1024-t2-v32-r1,bw.moveorder,count,80000,1024,2,32,10,10,4,5,8,69001.5,69001.5,69261,69261,69261,"AMD Ryzen 5 5600GT with Radeon Graphics","Null Device",False
2026-10-08T04:21:10.5671840Z,bandwidth,bw-m1024-t2-v32-r1,bw.bytype.correction,share,80000,1024,2,32,10,10,4,5,8,0.558,0.568,0.596,0.601,0.602,"AMD Ryzen 5 5600GT with Radeon Graphics","Null Device",False
2026-10-08T04:21:10.5676250Z,bandwidth,bw-m1024-t2-v32-r1,bw.correction,count,80000,1024,2,32,10,10,4,5,8,1985603,1971475,2300617.8,2311020.36,2313621,"AMD Ryzen 5 5600GT with Radeon Graphics","Null Device",False
2026-10-08T04:21:10.5680590Z,bandwidth,bw-m1024-t2-v32-r1,bw.bytype.health,share,80000,1024,2,32,10,10,4,5,8,0.034,0.034,0.037,0.037,0.037,"AMD Ryzen 5 5600GT with Radeon Graphics","Null Device",False
2026-10-08T04:21:10.5685000Z,bandwidth,bw-m1024-t2-v32-r1,bw.health,count,80000,1024,2,32,10,10,4,5,8,287747,287747,287845,287845,287845,"AMD Ryzen 5 5600GT with Radeon Graphics","Null Device",False
2026-10-08T04:21:10.5689360Z,bandwidth,bw-m1024-t2-v32-r1,bw.bytype.enter,share,80000,1024,2,32,10,10,4,5,8,0.087,0.087,0.095,0.096,0.097,"AMD Ryzen 5 5600GT with Radeon Graphics","Null Device",False
2026-10-08T04:21:10.5693690Z,bandwidth,bw-m1024-t2-v32-r1,bw.enter,count,80000,1024,2,32,10,10,4,5,8,82027,82027,82563,82563,82563,"AMD Ryzen 5 5600GT with Radeon Graphics","Null Device",False
2026-10-08T04:21:10.5697930Z,bandwidth,bw-m1024-t2-v32-r1,bw.bytype.leave,share,80000,1024,2,32,10,10,4,5,8,0.006,0.006,0.006,0.006,0.006,"AMD Ryzen 5 5600GT with Radeon Graphics","Null Device",False
2026-10-08T04:21:10.5702290Z,bandwidth,bw-m1024-t2-v32-r1,bw.leave,count,80000,1024,2,32,10,10,4,5,8,42038.5,42038.5,42578,42578,42578,"AMD Ryzen 5 5600GT with Radeon Graphics","Null Device",False
2026-10-08T04:21:10.5722680Z,bandwidth,bw-m1024-t2-v32-r1,bw.bytype.explosion,share,80000,1024,2,32,10,10,4,5,8,0.009,0.01,0.01,0.01,0.01,"AMD Ryzen 5 5600GT with Radeon Graphics","Null Device",False
2026-10-08T04:21:10.5729230Z,bandwidth,bw-m1024-t2-v32-r1,bw.explosion,count,80000,1024,2,32,10,10,4,5,8,41939,41939,42381,42381,42381,"AMD Ryzen 5 5600GT with Radeon Graphics","Null Device",False
2026-10-08T04:21:10.5735830Z,bandwidth,bw-m1024-t2-v32-r1,bw.bytype.fogdelta,share,80000,1024,2,32,10,10,4,5,8,0.018,0.017,0.023,0.023,0.023,"AMD Ryzen 5 5600GT with Radeon Graphics","Null Device",False
2026-10-08T04:21:10.5742360Z,bandwidth,bw-m1024-t2-v32-r1,bw.fogdelta,count,80000,1024,2,32,10,10,4,5,8,233907,233907,283480,283480,283480,"AMD Ryzen 5 5600GT with Radeon Graphics","Null Device",False
2026-10-08T04:21:10.5748920Z,bandwidth,bw-m1024-t2-v32-r1,bw.waypoints,waypoints,80000,1024,2,32,10,10,4,5,1,23.167,23.167,23.167,23.167,23.167,"AMD Ryzen 5 5600GT with Radeon Graphics","Null Device",False
2026-10-08T04:21:10.5755470Z,bandwidth,bw-m1024-t2-v32-r1,bw.waypoints.smoothed,waypoints,80000,1024,2,32,10,10,4,5,1,2.759,2.759,2.759,2.759,2.759,"AMD Ryzen 5 5600GT with Radeon Graphics","Null Device",False
2026-10-08T04:21:10.5762110Z,bandwidth,bw-m1024-t2-v32-r1,bw.waypoints.saved,share,80000,1024,2,32,10,10,4,5,1,0.881,0.881,0.881,0.881,0.881,"AMD Ryzen 5 5600GT with Radeon Graphics","Null Device",False
2026-10-08T04:21:10.5790630Z,bandwidth,bw-m1024-t2-v32-r1,bw.units,units,80000,1024,2,32,10,10,4,5,1,79979,79979,79979,79979,79979,"AMD Ryzen 5 5600GT with Radeon Graphics","Null Device",False
2026-10-08T04:21:10.5832700Z,bandwidth,bw-m1024-t2-v32-r1,bw.units.engaged,share,80000,1024,2,32,10,10,4,5,1,0.033,0.033,0.033,0.033,0.033,"AMD Ryzen 5 5600GT with Radeon Graphics","Null Device",False
2026-10-08T04:21:10.5837070Z,bandwidth,bw-m1024-t2-v32-r1,bw.units.ordered,share,80000,1024,2,32,10,10,4,5,1,0.985,0.985,0.985,0.985,0.985,"AMD Ryzen 5 5600GT with Radeon Graphics","Null Device",False
2026-10-08T04:21:10.5842510Z,bandwidth,bw-m1024-t2-v32-r1,bw.allowed,units,80000,1024,2,32,10,10,4,5,1,39992,39992,39992,39992,39992,"AMD Ryzen 5 5600GT with Radeon Graphics","Null Device",False
2026-10-08T04:21:10.5846950Z,bandwidth,bw-m1024-t2-v32-r1,bw.corrections.perunit,corrections,80000,1024,2,32,10,10,4,5,1,0.04,0.04,0.04,0.04,0.04,"AMD Ryzen 5 5600GT with Radeon Graphics","Null Device",False
2026-10-08T04:21:10.5856750Z,bandwidth,bw-m1024-t2-v32-r1,bw.error.all.mean,tiles,80000,1024,2,32,10,10,4,5,1,0.535,0.535,0.535,0.535,0.535,"AMD Ryzen 5 5600GT with Radeon Graphics","Null Device",False
2026-10-08T04:21:10.5861970Z,bandwidth,bw-m1024-t2-v32-r1,bw.error.all.p50,tiles,80000,1024,2,32,10,10,4,5,1,0.094,0.094,0.094,0.094,0.094,"AMD Ryzen 5 5600GT with Radeon Graphics","Null Device",False
2026-10-08T04:21:10.5866380Z,bandwidth,bw-m1024-t2-v32-r1,bw.error.all.p95,tiles,80000,1024,2,32,10,10,4,5,1,1.797,1.797,1.797,1.797,1.797,"AMD Ryzen 5 5600GT with Radeon Graphics","Null Device",False
2026-10-08T04:21:10.5870640Z,bandwidth,bw-m1024-t2-v32-r1,bw.error.all.p99,tiles,80000,1024,2,32,10,10,4,5,1,1.969,1.969,1.969,1.969,1.969,"AMD Ryzen 5 5600GT with Radeon Graphics","Null Device",False
2026-10-08T04:21:10.5875550Z,bandwidth,bw-m1024-t2-v32-r1,bw.error.view.mean,tiles,80000,1024,2,32,10,10,4,5,1,0.065,0.065,0.065,0.065,0.065,"AMD Ryzen 5 5600GT with Radeon Graphics","Null Device",False
2026-10-08T04:21:10.5879880Z,bandwidth,bw-m1024-t2-v32-r1,bw.error.view.p50,tiles,80000,1024,2,32,10,10,4,5,1,0.063,0.063,0.063,0.063,0.063,"AMD Ryzen 5 5600GT with Radeon Graphics","Null Device",False
2026-10-08T04:21:10.5884110Z,bandwidth,bw-m1024-t2-v32-r1,bw.error.view.p95,tiles,80000,1024,2,32,10,10,4,5,1,0.203,0.203,0.203,0.203,0.203,"AMD Ryzen 5 5600GT with Radeon Graphics","Null Device",False
2026-10-08T04:21:10.5888290Z,bandwidth,bw-m1024-t2-v32-r1,bw.error.view.p99,tiles,80000,1024,2,32,10,10,4,5,1,0.25,0.25,0.25,0.25,0.25,"AMD Ryzen 5 5600GT with Radeon Graphics","Null Device",False
2026-10-08T04:21:10.5893240Z,bandwidth,bw-m1024-t2-v32-r1,bw.error.raw.mean,tiles,80000,1024,2,32,10,10,4,5,1,0.756,0.756,0.756,0.756,0.756,"AMD Ryzen 5 5600GT with Radeon Graphics","Null Device",False
2026-10-08T04:21:10.5897490Z,bandwidth,bw-m1024-t2-v32-r1,bw.error.raw.p50,tiles,80000,1024,2,32,10,10,4,5,1,0.656,0.656,0.656,0.656,0.656,"AMD Ryzen 5 5600GT with Radeon Graphics","Null Device",False
2026-10-08T04:21:10.5901680Z,bandwidth,bw-m1024-t2-v32-r1,bw.error.raw.p95,tiles,80000,1024,2,32,10,10,4,5,1,1.781,1.781,1.781,1.781,1.781,"AMD Ryzen 5 5600GT with Radeon Graphics","Null Device",False
2026-10-08T04:21:10.5905910Z,bandwidth,bw-m1024-t2-v32-r1,bw.error.raw.p99,tiles,80000,1024,2,32,10,10,4,5,1,2.313,2.313,2.313,2.313,2.313,"AMD Ryzen 5 5600GT with Radeon Graphics","Null Device",False
2026-10-08T04:21:10.5910630Z,bandwidth,bw-m1024-t2-v32-r1,bw.error.rawanchored.mean,tiles,80000,1024,2,32,10,10,4,5,1,0.757,0.757,0.757,0.757,0.757,"AMD Ryzen 5 5600GT with Radeon Graphics","Null Device",False
2026-10-08T04:21:10.5915580Z,bandwidth,bw-m1024-t2-v32-r1,bw.error.rawanchored.p50,tiles,80000,1024,2,32,10,10,4,5,1,0.656,0.656,0.656,0.656,0.656,"AMD Ryzen 5 5600GT with Radeon Graphics","Null Device",False
2026-10-08T04:21:10.5919880Z,bandwidth,bw-m1024-t2-v32-r1,bw.error.rawanchored.p95,tiles,80000,1024,2,32,10,10,4,5,1,1.781,1.781,1.781,1.781,1.781,"AMD Ryzen 5 5600GT with Radeon Graphics","Null Device",False
2026-10-08T04:21:10.5924230Z,bandwidth,bw-m1024-t2-v32-r1,bw.error.rawanchored.p99,tiles,80000,1024,2,32,10,10,4,5,1,2.313,2.313,2.313,2.313,2.313,"AMD Ryzen 5 5600GT with Radeon Graphics","Null Device",False
2026-10-08T04:21:10.5929110Z,bandwidth,bw-m1024-t2-v32-r1,bw.checks.anchored,share,80000,1024,2,32,10,10,4,5,1,0.943,0.943,0.943,0.943,0.943,"AMD Ryzen 5 5600GT with Radeon Graphics","Null Device",False
2026-10-08T04:21:10.5933470Z,bandwidth,bw-m1024-t2-v32-r1,bw.route.live,waypoints,80000,1024,2,32,10,10,4,5,1,5444596,5444596,5444596,5444596,5444596,"AMD Ryzen 5 5600GT with Radeon Graphics","Null Device",False
2026-10-08T04:21:10.5937740Z,bandwidth,bw-m1024-t2-v32-r1,bw.route.arena,MB,80000,1024,2,32,10,10,4,5,1,64,64,64,64,64,"AMD Ryzen 5 5600GT with Radeon Graphics","Null Device",False
2026-10-08T04:21:14.0800040Z,bandwidth,bw-plan-m512-t8-v8-r2,bw.snapshot.bytes,KB,80000,512,8,8,10,10,4,5,8,397.208,401.281,403.532,403.532,403.532,"AMD Ryzen 5 5600GT with Radeon Graphics","Null Device",False
2026-10-08T04:21:14.0905210Z,bandwidth,bw-plan-m512-t8-v8-r2,bw.snapshot.wire,KB,80000,512,8,8,10,10,4,5,8,414.873,419.137,421.464,421.464,421.464,"AMD Ryzen 5 5600GT with Radeon Graphics","Null Device",False
2026-10-08T04:21:14.0910780Z,bandwidth,bw-plan-m512-t8-v8-r2,bw.snapshot.units,units,80000,512,8,8,10,10,4,5,8,20000,20000,20000,20000,20000,"AMD Ryzen 5 5600GT with Radeon Graphics","Null Device",False
2026-10-08T04:21:14.0916110Z,bandwidth,bw-plan-m512-t8-v8-r2,bw.snapshot.seconds,s,80000,512,8,8,10,10,4,5,8,1.621,1.637,1.646,1.646,1.646,"AMD Ryzen 5 5600GT with Radeon Graphics","Null Device",False
2026-10-08T04:21:53.7176370Z,bandwidth,bw-plan-m512-t8-v8-r2,bw.avg,KB/s,80000,512,8,8,10,10,4,5,8,652.968,657.2,680.697,683.586,684.308,"AMD Ryzen 5 5600GT with Radeon Graphics","Null Device",False
2026-10-08T04:21:53.7182980Z,bandwidth,bw-plan-m512-t8-v8-r2,bw.peak1s,KB/s,80000,512,8,8,10,10,4,5,8,1048.905,1048.225,1070.169,1072.196,1072.703,"AMD Ryzen 5 5600GT with Radeon Graphics","Null Device",False
2026-10-08T04:21:53.7188700Z,bandwidth,bw-plan-m512-t8-v8-r2,bw.wire.avg,KB/s,80000,512,8,8,10,10,4,5,8,709.288,714.221,739.152,742.39,743.199,"AMD Ryzen 5 5600GT with Radeon Graphics","Null Device",False
2026-10-08T04:21:53.7193700Z,bandwidth,bw-plan-m512-t8-v8-r2,bw.wire.peak1s,KB/s,80000,512,8,8,10,10,4,5,8,1135.209,1134.624,1157.694,1159.791,1160.315,"AMD Ryzen 5 5600GT with Radeon Graphics","Null Device",False
2026-10-08T04:21:53.7198650Z,bandwidth,bw-plan-m512-t8-v8-r2,bw.encode.ms,ms,80000,512,8,8,10,10,4,5,1200,2.68,2.714,3.453,4.034,7.291,"AMD Ryzen 5 5600GT with Radeon Graphics","Null Device",False
2026-10-08T04:21:53.7208960Z,bandwidth,bw-plan-m512-t8-v8-r2,bw.interest.ms,ms,80000,512,8,8,10,10,4,5,1200,4.875,4.823,5.332,5.707,6.758,"AMD Ryzen 5 5600GT with Radeon Graphics","Null Device",False
2026-10-08T04:21:53.7219210Z,bandwidth,bw-plan-m512-t8-v8-r2,bw.routes.ms,ms,80000,512,8,8,10,10,4,5,1200,1.434,0.964,1.462,22.782,51.985,"AMD Ryzen 5 5600GT with Radeon Graphics","Null Device",False
2026-10-08T04:21:53.7229390Z,bandwidth,bw-plan-m512-t8-v8-r2,bw.routes.deferred,units,80000,512,8,8,10,10,4,5,1200,0,0,0,0,0,"AMD Ryzen 5 5600GT with Radeon Graphics","Null Device",False
2026-10-08T04:21:53.7250480Z,bandwidth,bw-plan-m512-t8-v8-r2,bw.bytype.moveorder,share,80000,512,8,8,10,10,4,5,8,0.028,0.028,0.033,0.034,0.034,"AMD Ryzen 5 5600GT with Radeon Graphics","Null Device",False
2026-10-08T04:21:53.7255580Z,bandwidth,bw-plan-m512-t8-v8-r2,bw.moveorder,count,80000,512,8,8,10,10,4,5,8,25839.75,25710.5,26645.85,26833.17,26880,"AMD Ryzen 5 5600GT with Radeon Graphics","Null Device",False
2026-10-08T04:21:53.7260170Z,bandwidth,bw-plan-m512-t8-v8-r2,bw.bytype.correction,share,80000,512,8,8,10,10,4,5,8,0.875,0.877,0.904,0.908,0.909,"AMD Ryzen 5 5600GT with Radeon Graphics","Null Device",False
2026-10-08T04:21:53.7264720Z,bandwidth,bw-plan-m512-t8-v8-r2,bw.correction,count,80000,512,8,8,10,10,4,5,8,5858313.375,5945304.5,6095890.55,6124217.31,6131299,"AMD Ryzen 5 5600GT with Radeon Graphics","Null Device",False
2026-10-08T04:21:53.7269330Z,bandwidth,bw-plan-m512-t8-v8-r2,bw.bytype.health,share,80000,512,8,8,10,10,4,5,8,0.008,0.008,0.009,0.009,0.009,"AMD Ryzen 5 5600GT with Radeon Graphics","Null Device",False
2026-10-08T04:21:53.7273800Z,bandwidth,bw-plan-m512-t8-v8-r2,bw.health,count,80000,512,8,8,10,10,4,5,8,154873.75,154123,165548.15,165584.83,165594,"AMD Ryzen 5 5600GT with Radeon Graphics","Null Device",False
2026-10-08T04:21:53.7278410Z,bandwidth,bw-plan-m512-t8-v8-r2,bw.bytype.enter,share,80000,512,8,8,10,10,4,5,8,0.08,0.076,0.118,0.128,0.13,"AMD Ryzen 5 5600GT with Radeon Graphics","Null Device",False
2026-10-08T04:21:53.7282960Z,bandwidth,bw-plan-m512-t8-v8-r2,bw.enter,count,80000,512,8,8,10,10,4,5,8,77559.875,73264,105148.25,113975.25,116182,"AMD Ryzen 5 5600GT with Radeon Graphics","Null Device",False
2026-10-08T04:21:53.7287520Z,bandwidth,bw-plan-m512-t8-v8-r2,bw.bytype.leave,share,80000,512,8,8,10,10,4,5,8,0.004,0.004,0.006,0.007,0.007,"AMD Ryzen 5 5600GT with Radeon Graphics","Null Device",False
2026-10-08T04:21:53.7292000Z,bandwidth,bw-plan-m512-t8-v8-r2,bw.leave,count,80000,512,8,8,10,10,4,5,8,65540.5,60896,93141.35,102241.07,104516,"AMD Ryzen 5 5600GT with Radeon Graphics","Null Device",False
2026-10-08T04:21:53.7299000Z,bandwidth,bw-plan-m512-t8-v8-r2,bw.bytype.explosion,share,80000,512,8,8,10,10,4,5,8,0.002,0.002,0.003,0.003,0.003,"AMD Ryzen 5 5600GT with Radeon Graphics","Null Device",False
2026-10-08T04:21:53.7305060Z,bandwidth,bw-plan-m512-t8-v8-r2,bw.explosion,count,80000,512,8,8,10,10,4,5,8,23823.5,23535.5,25396.25,25408.85,25412,"AMD Ryzen 5 5600GT with Radeon Graphics","Null Device",False
2026-10-08T04:21:53.7309670Z,bandwidth,bw-plan-m512-t8-v8-r2,bw.bytype.fogdelta,share,80000,512,8,8,10,10,4,5,8,0.001,0.001,0.002,0.002,0.002,"AMD Ryzen 5 5600GT with Radeon Graphics","Null Device",False
2026-10-08T04:21:53.7314010Z,bandwidth,bw-plan-m512-t8-v8-r2,bw.fogdelta,count,80000,512,8,8,10,10,4,5,8,36779.375,33971.5,58635.6,66661.52,68668,"AMD Ryzen 5 5600GT with Radeon Graphics","Null Device",False
2026-10-08T04:21:53.7318490Z,bandwidth,bw-plan-m512-t8-v8-r2,bw.waypoints,waypoints,80000,512,8,8,10,10,4,5,1,14.076,14.076,14.076,14.076,14.076,"AMD Ryzen 5 5600GT with Radeon Graphics","Null Device",False
2026-10-08T04:21:53.7322870Z,bandwidth,bw-plan-m512-t8-v8-r2,bw.waypoints.smoothed,waypoints,80000,512,8,8,10,10,4,5,1,2.5,2.5,2.5,2.5,2.5,"AMD Ryzen 5 5600GT with Radeon Graphics","Null Device",False
2026-10-08T04:21:53.7327160Z,bandwidth,bw-plan-m512-t8-v8-r2,bw.waypoints.saved,share,80000,512,8,8,10,10,4,5,1,0.822,0.822,0.822,0.822,0.822,"AMD Ryzen 5 5600GT with Radeon Graphics","Null Device",False
2026-10-08T04:21:53.7353110Z,bandwidth,bw-plan-m512-t8-v8-r2,bw.units,units,80000,512,8,8,10,10,4,5,1,79964,79964,79964,79964,79964,"AMD Ryzen 5 5600GT with Radeon Graphics","Null Device",False
2026-10-08T04:21:53.7395590Z,bandwidth,bw-plan-m512-t8-v8-r2,bw.units.engaged,share,80000,512,8,8,10,10,4,5,1,0.077,0.077,0.077,0.077,0.077,"AMD Ryzen 5 5600GT with Radeon Graphics","Null Device",False
2026-10-08T04:21:53.7400530Z,bandwidth,bw-plan-m512-t8-v8-r2,bw.units.ordered,share,80000,512,8,8,10,10,4,5,1,0.971,0.971,0.971,0.971,0.971,"AMD Ryzen 5 5600GT with Radeon Graphics","Null Device",False
2026-10-08T04:21:53.7406580Z,bandwidth,bw-plan-m512-t8-v8-r2,bw.allowed,units,80000,512,8,8,10,10,4,5,1,12736,12736,12736,12736,12736,"AMD Ryzen 5 5600GT with Radeon Graphics","Null Device",False
2026-10-08T04:21:53.7411340Z,bandwidth,bw-plan-m512-t8-v8-r2,bw.corrections.perunit,corrections,80000,512,8,8,10,10,4,5,1,0.387,0.387,0.387,0.387,0.387,"AMD Ryzen 5 5600GT with Radeon Graphics","Null Device",False
2026-10-08T04:21:53.7423800Z,bandwidth,bw-plan-m512-t8-v8-r2,bw.error.all.mean,tiles,80000,512,8,8,10,10,4,5,1,0.041,0.041,0.041,0.041,0.041,"AMD Ryzen 5 5600GT with Radeon Graphics","Null Device",False
2026-10-08T04:21:53.7430540Z,bandwidth,bw-plan-m512-t8-v8-r2,bw.error.all.p50,tiles,80000,512,8,8,10,10,4,5,1,0.031,0.031,0.031,0.031,0.031,"AMD Ryzen 5 5600GT with Radeon Graphics","Null Device",False
2026-10-08T04:21:53.7435740Z,bandwidth,bw-plan-m512-t8-v8-r2,bw.error.all.p95,tiles,80000,512,8,8,10,10,4,5,1,0.188,0.188,0.188,0.188,0.188,"AMD Ryzen 5 5600GT with Radeon Graphics","Null Device",False
2026-10-08T04:21:53.7440360Z,bandwidth,bw-plan-m512-t8-v8-r2,bw.error.all.p99,tiles,80000,512,8,8,10,10,4,5,1,0.25,0.25,0.25,0.25,0.25,"AMD Ryzen 5 5600GT with Radeon Graphics","Null Device",False
2026-10-08T04:21:53.7445680Z,bandwidth,bw-plan-m512-t8-v8-r2,bw.error.view.mean,tiles,80000,512,8,8,10,10,4,5,1,0.041,0.041,0.041,0.041,0.041,"AMD Ryzen 5 5600GT with Radeon Graphics","Null Device",False
2026-10-08T04:21:53.7450230Z,bandwidth,bw-plan-m512-t8-v8-r2,bw.error.view.p50,tiles,80000,512,8,8,10,10,4,5,1,0.031,0.031,0.031,0.031,0.031,"AMD Ryzen 5 5600GT with Radeon Graphics","Null Device",False
2026-10-08T04:21:53.7454770Z,bandwidth,bw-plan-m512-t8-v8-r2,bw.error.view.p95,tiles,80000,512,8,8,10,10,4,5,1,0.188,0.188,0.188,0.188,0.188,"AMD Ryzen 5 5600GT with Radeon Graphics","Null Device",False
2026-10-08T04:21:53.7459160Z,bandwidth,bw-plan-m512-t8-v8-r2,bw.error.view.p99,tiles,80000,512,8,8,10,10,4,5,1,0.25,0.25,0.25,0.25,0.25,"AMD Ryzen 5 5600GT with Radeon Graphics","Null Device",False
2026-10-08T04:21:53.7464370Z,bandwidth,bw-plan-m512-t8-v8-r2,bw.error.raw.mean,tiles,80000,512,8,8,10,10,4,5,1,0.719,0.719,0.719,0.719,0.719,"AMD Ryzen 5 5600GT with Radeon Graphics","Null Device",False
2026-10-08T04:21:53.7468830Z,bandwidth,bw-plan-m512-t8-v8-r2,bw.error.raw.p50,tiles,80000,512,8,8,10,10,4,5,1,0.563,0.563,0.563,0.563,0.563,"AMD Ryzen 5 5600GT with Radeon Graphics","Null Device",False
2026-10-08T04:21:53.7473320Z,bandwidth,bw-plan-m512-t8-v8-r2,bw.error.raw.p95,tiles,80000,512,8,8,10,10,4,5,1,1.266,1.266,1.266,1.266,1.266,"AMD Ryzen 5 5600GT with Radeon Graphics","Null Device",False
2026-10-08T04:21:53.7477870Z,bandwidth,bw-plan-m512-t8-v8-r2,bw.error.raw.p99,tiles,80000,512,8,8,10,10,4,5,1,1.469,1.469,1.469,1.469,1.469,"AMD Ryzen 5 5600GT with Radeon Graphics","Null Device",False
2026-10-08T04:21:53.7483130Z,bandwidth,bw-plan-m512-t8-v8-r2,bw.error.rawanchored.mean,tiles,80000,512,8,8,10,10,4,5,1,0.626,0.626,0.626,0.626,0.626,"AMD Ryzen 5 5600GT with Radeon Graphics","Null Device",False
2026-10-08T04:21:53.7487720Z,bandwidth,bw-plan-m512-t8-v8-r2,bw.error.rawanchored.p50,tiles,80000,512,8,8,10,10,4,5,1,0.563,0.563,0.563,0.563,0.563,"AMD Ryzen 5 5600GT with Radeon Graphics","Null Device",False
2026-10-08T04:21:53.7492240Z,bandwidth,bw-plan-m512-t8-v8-r2,bw.error.rawanchored.p95,tiles,80000,512,8,8,10,10,4,5,1,1.25,1.25,1.25,1.25,1.25,"AMD Ryzen 5 5600GT with Radeon Graphics","Null Device",False
2026-10-08T04:21:53.7498050Z,bandwidth,bw-plan-m512-t8-v8-r2,bw.error.rawanchored.p99,tiles,80000,512,8,8,10,10,4,5,1,1.438,1.438,1.438,1.438,1.438,"AMD Ryzen 5 5600GT with Radeon Graphics","Null Device",False
2026-10-08T04:21:53.7508010Z,bandwidth,bw-plan-m512-t8-v8-r2,bw.checks.anchored,share,80000,512,8,8,10,10,4,5,1,0.976,0.976,0.976,0.976,0.976,"AMD Ryzen 5 5600GT with Radeon Graphics","Null Device",False
2026-10-08T04:21:53.7514670Z,bandwidth,bw-plan-m512-t8-v8-r2,bw.route.live,waypoints,80000,512,8,8,10,10,4,5,1,3552134,3552134,3552134,3552134,3552134,"AMD Ryzen 5 5600GT with Radeon Graphics","Null Device",False
2026-10-08T04:21:53.7521260Z,bandwidth,bw-plan-m512-t8-v8-r2,bw.route.arena,MB,80000,512,8,8,10,10,4,5,1,32,32,32,32,32,"AMD Ryzen 5 5600GT with Radeon Graphics","Null Device",False
2026-10-08T04:21:57.2955930Z,bandwidth,bw-m512-t8-v8-r2,bw.snapshot.bytes,KB,80000,512,8,8,10,10,4,5,8,397.208,401.281,403.532,403.532,403.532,"AMD Ryzen 5 5600GT with Radeon Graphics","Null Device",False
2026-10-08T04:21:57.3070340Z,bandwidth,bw-m512-t8-v8-r2,bw.snapshot.wire,KB,80000,512,8,8,10,10,4,5,8,414.873,419.137,421.464,421.464,421.464,"AMD Ryzen 5 5600GT with Radeon Graphics","Null Device",False
2026-10-08T04:21:57.3076180Z,bandwidth,bw-m512-t8-v8-r2,bw.snapshot.units,units,80000,512,8,8,10,10,4,5,8,20000,20000,20000,20000,20000,"AMD Ryzen 5 5600GT with Radeon Graphics","Null Device",False
2026-10-08T04:21:57.3080720Z,bandwidth,bw-m512-t8-v8-r2,bw.snapshot.seconds,s,80000,512,8,8,10,10,4,5,8,1.621,1.637,1.646,1.646,1.646,"AMD Ryzen 5 5600GT with Radeon Graphics","Null Device",False
2026-10-08T04:22:36.1756940Z,bandwidth,bw-m512-t8-v8-r2,bw.avg,KB/s,80000,512,8,8,10,10,4,5,8,201.711,203.983,213.139,215.477,216.062,"AMD Ryzen 5 5600GT with Radeon Graphics","Null Device",False
2026-10-08T04:22:36.1763380Z,bandwidth,bw-m512-t8-v8-r2,bw.peak1s,KB/s,80000,512,8,8,10,10,4,5,8,305.124,299.185,349.197,360.296,363.071,"AMD Ryzen 5 5600GT with Radeon Graphics","Null Device",False
2026-10-08T04:22:36.1768520Z,bandwidth,bw-m512-t8-v8-r2,bw.wire.avg,KB/s,80000,512,8,8,10,10,4,5,8,217.656,219.938,230.565,233.27,233.946,"AMD Ryzen 5 5600GT with Radeon Graphics","Null Device",False
2026-10-08T04:22:36.1773600Z,bandwidth,bw-m512-t8-v8-r2,bw.wire.peak1s,KB/s,80000,512,8,8,10,10,4,5,8,326.76,317.464,373.929,385.496,388.388,"AMD Ryzen 5 5600GT with Radeon Graphics","Null Device",False
2026-10-08T04:22:36.1779180Z,bandwidth,bw-m512-t8-v8-r2,bw.encode.ms,ms,80000,512,8,8,10,10,4,5,1200,1.807,1.852,2.389,2.762,6.346,"AMD Ryzen 5 5600GT with Radeon Graphics","Null Device",False
2026-10-08T04:22:36.1789770Z,bandwidth,bw-m512-t8-v8-r2,bw.interest.ms,ms,80000,512,8,8,10,10,4,5,1200,4.892,4.838,5.374,5.62,6.309,"AMD Ryzen 5 5600GT with Radeon Graphics","Null Device",False
2026-10-08T04:22:36.1800930Z,bandwidth,bw-m512-t8-v8-r2,bw.routes.ms,ms,80000,512,8,8,10,10,4,5,1200,1.42,0.952,1.341,23.566,53.712,"AMD Ryzen 5 5600GT with Radeon Graphics","Null Device",False
2026-10-08T04:22:36.1812080Z,bandwidth,bw-m512-t8-v8-r2,bw.routes.deferred,units,80000,512,8,8,10,10,4,5,1200,0,0,0,0,0,"AMD Ryzen 5 5600GT with Radeon Graphics","Null Device",False
2026-10-08T04:22:36.1835570Z,bandwidth,bw-m512-t8-v8-r2,bw.bytype.moveorder,share,80000,512,8,8,10,10,4,5,8,0.089,0.089,0.11,0.116,0.118,"AMD Ryzen 5 5600GT with Radeon Graphics","Null Device",False
2026-10-08T04:22:36.1841120Z,bandwidth,bw-m512-t8-v8-r2,bw.moveorder,count,80000,512,8,8,10,10,4,5,8,25839.75,25710.5,26645.85,26833.17,26880,"AMD Ryzen 5 5600GT with Radeon Graphics","Null Device",False
2026-10-08T04:22:36.1846730Z,bandwidth,bw-m512-t8-v8-r2,bw.bytype.correction,share,80000,512,8,8,10,10,4,5,8,0.603,0.585,0.723,0.739,0.742,"AMD Ryzen 5 5600GT with Radeon Graphics","Null Device",False
2026-10-08T04:22:36.1851730Z,bandwidth,bw-m512-t8-v8-r2,bw.correction,count,80000,512,8,8,10,10,4,5,8,1492135.625,1427568.5,1866005.25,1881989.05,1885985,"AMD Ryzen 5 5600GT with Radeon Graphics","Null Device",False
2026-10-08T04:22:36.1856870Z,bandwidth,bw-m512-t8-v8-r2,bw.bytype.health,share,80000,512,8,8,10,10,4,5,8,0.027,0.026,0.031,0.032,0.032,"AMD Ryzen 5 5600GT with Radeon Graphics","Null Device",False
2026-10-08T04:22:36.1861870Z,bandwidth,bw-m512-t8-v8-r2,bw.health,count,80000,512,8,8,10,10,4,5,8,154873.75,154123,165548.15,165584.83,165594,"AMD Ryzen 5 5600GT with Radeon Graphics","Null Device",False
2026-10-08T04:22:36.1866870Z,bandwidth,bw-m512-t8-v8-r2,bw.bytype.enter,share,80000,512,8,8,10,10,4,5,8,0.255,0.257,0.369,0.396,0.403,"AMD Ryzen 5 5600GT with Radeon Graphics","Null Device",False
2026-10-08T04:22:36.1871810Z,bandwidth,bw-m512-t8-v8-r2,bw.enter,count,80000,512,8,8,10,10,4,5,8,77559.875,73264,105148.25,113975.25,116182,"AMD Ryzen 5 5600GT with Radeon Graphics","Null Device",False
2026-10-08T04:22:36.1876920Z,bandwidth,bw-m512-t8-v8-r2,bw.bytype.leave,share,80000,512,8,8,10,10,4,5,8,0.014,0.013,0.02,0.022,0.022,"AMD Ryzen 5 5600GT with Radeon Graphics","Null Device",False
2026-10-08T04:22:36.1881890Z,bandwidth,bw-m512-t8-v8-r2,bw.leave,count,80000,512,8,8,10,10,4,5,8,65540.5,60896,93141.35,102241.07,104516,"AMD Ryzen 5 5600GT with Radeon Graphics","Null Device",False
2026-10-08T04:22:36.1887580Z,bandwidth,bw-m512-t8-v8-r2,bw.bytype.explosion,share,80000,512,8,8,10,10,4,5,8,0.008,0.007,0.009,0.009,0.009,"AMD Ryzen 5 5600GT with Radeon Graphics","Null Device",False
2026-10-08T04:22:36.1893300Z,bandwidth,bw-m512-t8-v8-r2,bw.explosion,count,80000,512,8,8,10,10,4,5,8,23823.5,23535.5,25396.25,25408.85,25412,"AMD Ryzen 5 5600GT with Radeon Graphics","Null Device",False
2026-10-08T04:22:36.1898930Z,bandwidth,bw-m512-t8-v8-r2,bw.bytype.fogdelta,share,80000,512,8,8,10,10,4,5,8,0.004,0.004,0.007,0.007,0.007,"AMD Ryzen 5 5600GT with Radeon Graphics","Null Device",False
2026-10-08T04:22:36.1904600Z,bandwidth,bw-m512-t8-v8-r2,bw.fogdelta,count,80000,512,8,8,10,10,4,5,8,36779.375,33971.5,58635.6,66661.52,68668,"AMD Ryzen 5 5600GT with Radeon Graphics","Null Device",False
2026-10-08T04:22:36.1910510Z,bandwidth,bw-m512-t8-v8-r2,bw.waypoints,waypoints,80000,512,8,8,10,10,4,5,1,14.076,14.076,14.076,14.076,14.076,"AMD Ryzen 5 5600GT with Radeon Graphics","Null Device",False
2026-10-08T04:22:36.1915690Z,bandwidth,bw-m512-t8-v8-r2,bw.waypoints.smoothed,waypoints,80000,512,8,8,10,10,4,5,1,2.5,2.5,2.5,2.5,2.5,"AMD Ryzen 5 5600GT with Radeon Graphics","Null Device",False
2026-10-08T04:22:36.1920670Z,bandwidth,bw-m512-t8-v8-r2,bw.waypoints.saved,share,80000,512,8,8,10,10,4,5,1,0.822,0.822,0.822,0.822,0.822,"AMD Ryzen 5 5600GT with Radeon Graphics","Null Device",False
2026-10-08T04:22:36.1952790Z,bandwidth,bw-m512-t8-v8-r2,bw.units,units,80000,512,8,8,10,10,4,5,1,79964,79964,79964,79964,79964,"AMD Ryzen 5 5600GT with Radeon Graphics","Null Device",False
2026-10-08T04:22:36.2000870Z,bandwidth,bw-m512-t8-v8-r2,bw.units.engaged,share,80000,512,8,8,10,10,4,5,1,0.077,0.077,0.077,0.077,0.077,"AMD Ryzen 5 5600GT with Radeon Graphics","Null Device",False
2026-10-08T04:22:36.2006060Z,bandwidth,bw-m512-t8-v8-r2,bw.units.ordered,share,80000,512,8,8,10,10,4,5,1,0.971,0.971,0.971,0.971,0.971,"AMD Ryzen 5 5600GT with Radeon Graphics","Null Device",False
2026-10-08T04:22:36.2012460Z,bandwidth,bw-m512-t8-v8-r2,bw.allowed,units,80000,512,8,8,10,10,4,5,1,12736,12736,12736,12736,12736,"AMD Ryzen 5 5600GT with Radeon Graphics","Null Device",False
2026-10-08T04:22:36.2017480Z,bandwidth,bw-m512-t8-v8-r2,bw.corrections.perunit,corrections,80000,512,8,8,10,10,4,5,1,0.084,0.084,0.084,0.084,0.084,"AMD Ryzen 5 5600GT with Radeon Graphics","Null Device",False
2026-10-08T04:22:36.2029040Z,bandwidth,bw-m512-t8-v8-r2,bw.error.all.mean,tiles,80000,512,8,8,10,10,4,5,1,0.345,0.345,0.345,0.345,0.345,"AMD Ryzen 5 5600GT with Radeon Graphics","Null Device",False
2026-10-08T04:22:36.2034910Z,bandwidth,bw-m512-t8-v8-r2,bw.error.all.p50,tiles,80000,512,8,8,10,10,4,5,1,0.078,0.078,0.078,0.078,0.078,"AMD Ryzen 5 5600GT with Radeon Graphics","Null Device",False
2026-10-08T04:22:36.2039800Z,bandwidth,bw-m512-t8-v8-r2,bw.error.all.p95,tiles,80000,512,8,8,10,10,4,5,1,1.609,1.609,1.609,1.609,1.609,"AMD Ryzen 5 5600GT with Radeon Graphics","Null Device",False
2026-10-08T04:22:36.2045250Z,bandwidth,bw-m512-t8-v8-r2,bw.error.all.p99,tiles,80000,512,8,8,10,10,4,5,1,1.922,1.922,1.922,1.922,1.922,"AMD Ryzen 5 5600GT with Radeon Graphics","Null Device",False
2026-10-08T04:22:36.2050670Z,bandwidth,bw-m512-t8-v8-r2,bw.error.view.mean,tiles,80000,512,8,8,10,10,4,5,1,0.063,0.063,0.063,0.063,0.063,"AMD Ryzen 5 5600GT with Radeon Graphics","Null Device",False
2026-10-08T04:22:36.2055520Z,bandwidth,bw-m512-t8-v8-r2,bw.error.view.p50,tiles,80000,512,8,8,10,10,4,5,1,0.063,0.063,0.063,0.063,0.063,"AMD Ryzen 5 5600GT with Radeon Graphics","Null Device",False
2026-10-08T04:22:36.2060080Z,bandwidth,bw-m512-t8-v8-r2,bw.error.view.p95,tiles,80000,512,8,8,10,10,4,5,1,0.203,0.203,0.203,0.203,0.203,"AMD Ryzen 5 5600GT with Radeon Graphics","Null Device",False
2026-10-08T04:22:36.2064810Z,bandwidth,bw-m512-t8-v8-r2,bw.error.view.p99,tiles,80000,512,8,8,10,10,4,5,1,0.25,0.25,0.25,0.25,0.25,"AMD Ryzen 5 5600GT with Radeon Graphics","Null Device",False
2026-10-08T04:22:36.2070160Z,bandwidth,bw-m512-t8-v8-r2,bw.error.raw.mean,tiles,80000,512,8,8,10,10,4,5,1,0.847,0.847,0.847,0.847,0.847,"AMD Ryzen 5 5600GT with Radeon Graphics","Null Device",False
2026-10-08T04:22:36.2074820Z,bandwidth,bw-m512-t8-v8-r2,bw.error.raw.p50,tiles,80000,512,8,8,10,10,4,5,1,0.734,0.734,0.734,0.734,0.734,"AMD Ryzen 5 5600GT with Radeon Graphics","Null Device",False
2026-10-08T04:22:36.2079280Z,bandwidth,bw-m512-t8-v8-r2,bw.error.raw.p95,tiles,80000,512,8,8,10,10,4,5,1,1.891,1.891,1.891,1.891,1.891,"AMD Ryzen 5 5600GT with Radeon Graphics","Null Device",False
2026-10-08T04:22:36.2083860Z,bandwidth,bw-m512-t8-v8-r2,bw.error.raw.p99,tiles,80000,512,8,8,10,10,4,5,1,2.422,2.422,2.422,2.422,2.422,"AMD Ryzen 5 5600GT with Radeon Graphics","Null Device",False
2026-10-08T04:22:36.2088970Z,bandwidth,bw-m512-t8-v8-r2,bw.error.rawanchored.mean,tiles,80000,512,8,8,10,10,4,5,1,0.822,0.822,0.822,0.822,0.822,"AMD Ryzen 5 5600GT with Radeon Graphics","Null Device",False
2026-10-08T04:22:36.2093590Z,bandwidth,bw-m512-t8-v8-r2,bw.error.rawanchored.p50,tiles,80000,512,8,8,10,10,4,5,1,0.734,0.734,0.734,0.734,0.734,"AMD Ryzen 5 5600GT with Radeon Graphics","Null Device",False
2026-10-08T04:22:36.2097960Z,bandwidth,bw-m512-t8-v8-r2,bw.error.rawanchored.p95,tiles,80000,512,8,8,10,10,4,5,1,1.875,1.875,1.875,1.875,1.875,"AMD Ryzen 5 5600GT with Radeon Graphics","Null Device",False
2026-10-08T04:22:36.2102490Z,bandwidth,bw-m512-t8-v8-r2,bw.error.rawanchored.p99,tiles,80000,512,8,8,10,10,4,5,1,2.391,2.391,2.391,2.391,2.391,"AMD Ryzen 5 5600GT with Radeon Graphics","Null Device",False
2026-10-08T04:22:36.2108040Z,bandwidth,bw-m512-t8-v8-r2,bw.checks.anchored,share,80000,512,8,8,10,10,4,5,1,0.947,0.947,0.947,0.947,0.947,"AMD Ryzen 5 5600GT with Radeon Graphics","Null Device",False
2026-10-08T04:22:36.2112630Z,bandwidth,bw-m512-t8-v8-r2,bw.route.live,waypoints,80000,512,8,8,10,10,4,5,1,3552134,3552134,3552134,3552134,3552134,"AMD Ryzen 5 5600GT with Radeon Graphics","Null Device",False
2026-10-08T04:22:36.2117070Z,bandwidth,bw-m512-t8-v8-r2,bw.route.arena,MB,80000,512,8,8,10,10,4,5,1,32,32,32,32,32,"AMD Ryzen 5 5600GT with Radeon Graphics","Null Device",False
2026-10-08T04:22:39.7437240Z,bandwidth,bw-m512-t8-v16-r2,bw.snapshot.bytes,KB,80000,512,8,16,10,10,4,5,8,397.666,402.198,403.532,403.532,403.532,"AMD Ryzen 5 5600GT with Radeon Graphics","Null Device",False
2026-10-08T04:22:39.7537380Z,bandwidth,bw-m512-t8-v16-r2,bw.snapshot.wire,KB,80000,512,8,16,10,10,4,5,8,415.356,420.105,421.464,421.464,421.464,"AMD Ryzen 5 5600GT with Radeon Graphics","Null Device",False
2026-10-08T04:22:39.7542310Z,bandwidth,bw-m512-t8-v16-r2,bw.snapshot.units,units,80000,512,8,16,10,10,4,5,8,20000,20000,20000,20000,20000,"AMD Ryzen 5 5600GT with Radeon Graphics","Null Device",False
2026-10-08T04:22:39.7546880Z,bandwidth,bw-m512-t8-v16-r2,bw.snapshot.seconds,s,80000,512,8,16,10,10,4,5,8,1.622,1.641,1.646,1.646,1.646,"AMD Ryzen 5 5600GT with Radeon Graphics","Null Device",False
2026-10-08T04:23:20.7402630Z,bandwidth,bw-m512-t8-v16-r2,bw.avg,KB/s,80000,512,8,16,10,10,4,5,8,240.656,230.703,292.609,293.222,293.375,"AMD Ryzen 5 5600GT with Radeon Graphics","Null Device",False
2026-10-08T04:23:20.7408510Z,bandwidth,bw-m512-t8-v16-r2,bw.peak1s,KB/s,80000,512,8,16,10,10,4,5,8,365.352,352.044,438.839,439.279,439.389,"AMD Ryzen 5 5600GT with Radeon Graphics","Null Device",False
2026-10-08T04:23:20.7413650Z,bandwidth,bw-m512-t8-v16-r2,bw.wire.avg,KB/s,80000,512,8,16,10,10,4,5,8,258.465,248.45,312.986,313.973,314.22,"AMD Ryzen 5 5600GT with Radeon Graphics","Null Device",False
2026-10-08T04:23:20.7418550Z,bandwidth,bw-m512-t8-v16-r2,bw.wire.peak1s,KB/s,80000,512,8,16,10,10,4,5,8,390.386,376.756,468.098,468.789,468.962,"AMD Ryzen 5 5600GT with Radeon Graphics","Null Device",False
2026-10-08T04:23:20.7423690Z,bandwidth,bw-m512-t8-v16-r2,bw.encode.ms,ms,80000,512,8,16,10,10,4,5,1200,1.989,2.048,2.622,2.912,5.62,"AMD Ryzen 5 5600GT with Radeon Graphics","Null Device",False
2026-10-08T04:23:20.7433830Z,bandwidth,bw-m512-t8-v16-r2,bw.interest.ms,ms,80000,512,8,16,10,10,4,5,1200,5.066,5.015,5.577,5.892,7.087,"AMD Ryzen 5 5600GT with Radeon Graphics","Null Device",False
2026-10-08T04:23:20.7444090Z,bandwidth,bw-m512-t8-v16-r2,bw.routes.ms,ms,80000,512,8,16,10,10,4,5,1200,1.43,0.966,1.399,23.447,53.039,"AMD Ryzen 5 5600GT with Radeon Graphics","Null Device",False
2026-10-08T04:23:20.7454230Z,bandwidth,bw-m512-t8-v16-r2,bw.routes.deferred,units,80000,512,8,16,10,10,4,5,1200,0,0,0,0,0,"AMD Ryzen 5 5600GT with Radeon Graphics","Null Device",False
2026-10-08T04:23:20.7478590Z,bandwidth,bw-m512-t8-v16-r2,bw.bytype.moveorder,share,80000,512,8,16,10,10,4,5,8,0.081,0.083,0.104,0.111,0.112,"AMD Ryzen 5 5600GT with Radeon Graphics","Null Device",False
2026-10-08T04:23:20.7484280Z,bandwidth,bw-m512-t8-v16-r2,bw.moveorder,count,80000,512,8,16,10,10,4,5,8,27190.25,26809,29393.2,29933.04,30068,"AMD Ryzen 5 5600GT with Radeon Graphics","Null Device",False
2026-10-08T04:23:20.7489230Z,bandwidth,bw-m512-t8-v16-r2,bw.bytype.correction,share,80000,512,8,16,10,10,4,5,8,0.537,0.503,0.708,0.732,0.738,"AMD Ryzen 5 5600GT with Radeon Graphics","Null Device",False
2026-10-08T04:23:20.7494150Z,bandwidth,bw-m512-t8-v16-r2,bw.correction,count,80000,512,8,16,10,10,4,5,8,1549814.5,1476608.5,1908762.6,1924124.52,1927965,"AMD Ryzen 5 5600GT with Radeon Graphics","Null Device",False
2026-10-08T04:23:20.7499000Z,bandwidth,bw-m512-t8-v16-r2,bw.bytype.health,share,80000,512,8,16,10,10,4,5,8,0.023,0.024,0.026,0.026,0.026,"AMD Ryzen 5 5600GT with Radeon Graphics","Null Device",False
2026-10-08T04:23:20.7503920Z,bandwidth,bw-m512-t8-v16-r2,bw.health,count,80000,512,8,16,10,10,4,5,8,154937,154182.5,165648,165664.8,165669,"AMD Ryzen 5 5600GT with Radeon Graphics","Null Device",False
2026-10-08T04:23:20.7508730Z,bandwidth,bw-m512-t8-v16-r2,bw.bytype.enter,share,80000,512,8,16,10,10,4,5,8,0.331,0.341,0.46,0.481,0.486,"AMD Ryzen 5 5600GT with Radeon Graphics","Null Device",False
2026-10-08T04:23:20.7513580Z,bandwidth,bw-m512-t8-v16-r2,bw.enter,count,80000,512,8,16,10,10,4,5,8,112639.5,103830,163741.05,166965.81,167772,"AMD Ryzen 5 5600GT with Radeon Graphics","Null Device",False
2026-10-08T04:23:20.7518390Z,bandwidth,bw-m512-t8-v16-r2,bw.bytype.leave,share,80000,512,8,16,10,10,4,5,8,0.017,0.018,0.022,0.023,0.023,"AMD Ryzen 5 5600GT with Radeon Graphics","Null Device",False
2026-10-08T04:23:20.7523360Z,bandwidth,bw-m512-t8-v16-r2,bw.leave,count,80000,512,8,16,10,10,4,5,8,98486.25,89690.5,149065.1,152563.42,153438,"AMD Ryzen 5 5600GT with Radeon Graphics","Null Device",False
2026-10-08T04:23:20.7528220Z,bandwidth,bw-m512-t8-v16-r2,bw.bytype.explosion,share,80000,512,8,16,10,10,4,5,8,0.007,0.007,0.007,0.008,0.008,"AMD Ryzen 5 5600GT with Radeon Graphics","Null Device",False
2026-10-08T04:23:20.7533040Z,bandwidth,bw-m512-t8-v16-r2,bw.explosion,count,80000,512,8,16,10,10,4,5,8,23833.375,23538,25418.55,25420.51,25421,"AMD Ryzen 5 5600GT with Radeon Graphics","Null Device",False
2026-10-08T04:23:20.7537790Z,bandwidth,bw-m512-t8-v16-r2,bw.bytype.fogdelta,share,80000,512,8,16,10,10,4,5,8,0.004,0.003,0.007,0.009,0.009,"AMD Ryzen 5 5600GT with Radeon Graphics","Null Device",False
2026-10-08T04:23:20.7542560Z,bandwidth,bw-m512-t8-v16-r2,bw.fogdelta,count,80000,512,8,16,10,10,4,5,8,40601.875,36365.5,68371.4,77867.88,80242,"AMD Ryzen 5 5600GT with Radeon Graphics","Null Device",False
2026-10-08T04:23:20.7547320Z,bandwidth,bw-m512-t8-v16-r2,bw.waypoints,waypoints,80000,512,8,16,10,10,4,5,1,14.076,14.076,14.076,14.076,14.076,"AMD Ryzen 5 5600GT with Radeon Graphics","Null Device",False
2026-10-08T04:23:20.7552150Z,bandwidth,bw-m512-t8-v16-r2,bw.waypoints.smoothed,waypoints,80000,512,8,16,10,10,4,5,1,2.5,2.5,2.5,2.5,2.5,"AMD Ryzen 5 5600GT with Radeon Graphics","Null Device",False
2026-10-08T04:23:20.7556850Z,bandwidth,bw-m512-t8-v16-r2,bw.waypoints.saved,share,80000,512,8,16,10,10,4,5,1,0.822,0.822,0.822,0.822,0.822,"AMD Ryzen 5 5600GT with Radeon Graphics","Null Device",False
2026-10-08T04:23:20.7585990Z,bandwidth,bw-m512-t8-v16-r2,bw.units,units,80000,512,8,16,10,10,4,5,1,79964,79964,79964,79964,79964,"AMD Ryzen 5 5600GT with Radeon Graphics","Null Device",False
2026-10-08T04:23:20.7632860Z,bandwidth,bw-m512-t8-v16-r2,bw.units.engaged,share,80000,512,8,16,10,10,4,5,1,0.077,0.077,0.077,0.077,0.077,"AMD Ryzen 5 5600GT with Radeon Graphics","Null Device",False
2026-10-08T04:23:20.7637880Z,bandwidth,bw-m512-t8-v16-r2,bw.units.ordered,share,80000,512,8,16,10,10,4,5,1,0.971,0.971,0.971,0.971,0.971,"AMD Ryzen 5 5600GT with Radeon Graphics","Null Device",False
2026-10-08T04:23:20.7643940Z,bandwidth,bw-m512-t8-v16-r2,bw.allowed,units,80000,512,8,16,10,10,4,5,1,14997,14997,14997,14997,14997,"AMD Ryzen 5 5600GT with Radeon Graphics","Null Device",False
2026-10-08T04:23:20.7648700Z,bandwidth,bw-m512-t8-v16-r2,bw.corrections.perunit,corrections,80000,512,8,16,10,10,4,5,1,0.074,0.074,0.074,0.074,0.074,"AMD Ryzen 5 5600GT with Radeon Graphics","Null Device",False
2026-10-08T04:23:20.7659270Z,bandwidth,bw-m512-t8-v16-r2,bw.error.all.mean,tiles,80000,512,8,16,10,10,4,5,1,0.36,0.36,0.36,0.36,0.36,"AMD Ryzen 5 5600GT with Radeon Graphics","Null Device",False
2026-10-08T04:23:20.7664900Z,bandwidth,bw-m512-t8-v16-r2,bw.error.all.p50,tiles,80000,512,8,16,10,10,4,5,1,0.078,0.078,0.078,0.078,0.078,"AMD Ryzen 5 5600GT with Radeon Graphics","Null Device",False
2026-10-08T04:23:20.7669580Z,bandwidth,bw-m512-t8-v16-r2,bw.error.all.p95,tiles,80000,512,8,16,10,10,4,5,1,1.641,1.641,1.641,1.641,1.641,"AMD Ryzen 5 5600GT with Radeon Graphics","Null Device",False
2026-10-08T04:23:20.7674170Z,bandwidth,bw-m512-t8-v16-r2,bw.error.all.p99,tiles,80000,512,8,16,10,10,4,5,1,1.938,1.938,1.938,1.938,1.938,"AMD Ryzen 5 5600GT with Radeon Graphics","Null Device",False
2026-10-08T04:23:20.7679320Z,bandwidth,bw-m512-t8-v16-r2,bw.error.view.mean,tiles,80000,512,8,16,10,10,4,5,1,0.063,0.063,0.063,0.063,0.063,"AMD Ryzen 5 5600GT with Radeon Graphics","Null Device",False
2026-10-08T04:23:20.7683860Z,bandwidth,bw-m512-t8-v16-r2,bw.error.view.p50,tiles,80000,512,8,16,10,10,4,5,1,0.063,0.063,0.063,0.063,0.063,"AMD Ryzen 5 5600GT with Radeon Graphics","Null Device",False
2026-10-08T04:23:20.7688240Z,bandwidth,bw-m512-t8-v16-r2,bw.error.view.p95,tiles,80000,512,8,16,10,10,4,5,1,0.203,0.203,0.203,0.203,0.203,"AMD Ryzen 5 5600GT with Radeon Graphics","Null Device",False
2026-10-08T04:23:20.7692600Z,bandwidth,bw-m512-t8-v16-r2,bw.error.view.p99,tiles,80000,512,8,16,10,10,4,5,1,0.25,0.25,0.25,0.25,0.25,"AMD Ryzen 5 5600GT with Radeon Graphics","Null Device",False
2026-10-08T04:23:20.7697620Z,bandwidth,bw-m512-t8-v16-r2,bw.error.raw.mean,tiles,80000,512,8,16,10,10,4,5,1,0.849,0.849,0.849,0.849,0.849,"AMD Ryzen 5 5600GT with Radeon Graphics","Null Device",False
2026-10-08T04:23:20.7702070Z,bandwidth,bw-m512-t8-v16-r2,bw.error.raw.p50,tiles,80000,512,8,16,10,10,4,5,1,0.734,0.734,0.734,0.734,0.734,"AMD Ryzen 5 5600GT with Radeon Graphics","Null Device",False
2026-10-08T04:23:20.7706410Z,bandwidth,bw-m512-t8-v16-r2,bw.error.raw.p95,tiles,80000,512,8,16,10,10,4,5,1,1.891,1.891,1.891,1.891,1.891,"AMD Ryzen 5 5600GT with Radeon Graphics","Null Device",False
2026-10-08T04:23:20.7710630Z,bandwidth,bw-m512-t8-v16-r2,bw.error.raw.p99,tiles,80000,512,8,16,10,10,4,5,1,2.438,2.438,2.438,2.438,2.438,"AMD Ryzen 5 5600GT with Radeon Graphics","Null Device",False
2026-10-08T04:23:20.7715510Z,bandwidth,bw-m512-t8-v16-r2,bw.error.rawanchored.mean,tiles,80000,512,8,16,10,10,4,5,1,0.823,0.823,0.823,0.823,0.823,"AMD Ryzen 5 5600GT with Radeon Graphics","Null Device",False
2026-10-08T04:23:20.7719850Z,bandwidth,bw-m512-t8-v16-r2,bw.error.rawanchored.p50,tiles,80000,512,8,16,10,10,4,5,1,0.734,0.734,0.734,0.734,0.734,"AMD Ryzen 5 5600GT with Radeon Graphics","Null Device",False
2026-10-08T04:23:20.7724100Z,bandwidth,bw-m512-t8-v16-r2,bw.error.rawanchored.p95,tiles,80000,512,8,16,10,10,4,5,1,1.875,1.875,1.875,1.875,1.875,"AMD Ryzen 5 5600GT with Radeon Graphics","Null Device",False
2026-10-08T04:23:20.7728270Z,bandwidth,bw-m512-t8-v16-r2,bw.error.rawanchored.p99,tiles,80000,512,8,16,10,10,4,5,1,2.391,2.391,2.391,2.391,2.391,"AMD Ryzen 5 5600GT with Radeon Graphics","Null Device",False
2026-10-08T04:23:20.7733260Z,bandwidth,bw-m512-t8-v16-r2,bw.checks.anchored,share,80000,512,8,16,10,10,4,5,1,0.947,0.947,0.947,0.947,0.947,"AMD Ryzen 5 5600GT with Radeon Graphics","Null Device",False
2026-10-08T04:23:20.7738680Z,bandwidth,bw-m512-t8-v16-r2,bw.route.live,waypoints,80000,512,8,16,10,10,4,5,1,3552134,3552134,3552134,3552134,3552134,"AMD Ryzen 5 5600GT with Radeon Graphics","Null Device",False
2026-10-08T04:23:20.7743220Z,bandwidth,bw-m512-t8-v16-r2,bw.route.arena,MB,80000,512,8,16,10,10,4,5,1,32,32,32,32,32,"AMD Ryzen 5 5600GT with Radeon Graphics","Null Device",False
2026-10-08T04:23:24.3222800Z,bandwidth,bw-m512-t8-v32-r2,bw.snapshot.bytes,KB,80000,512,8,32,10,10,4,5,8,398.31,403.205,404.088,404.125,404.135,"AMD Ryzen 5 5600GT with Radeon Graphics","Null Device",False
2026-10-08T04:23:24.3348590Z,bandwidth,bw-m512-t8-v32-r2,bw.snapshot.wire,KB,80000,512,8,32,10,10,4,5,8,416.027,421.136,422.073,422.11,422.119,"AMD Ryzen 5 5600GT with Radeon Graphics","Null Device",False
2026-10-08T04:23:24.3353650Z,bandwidth,bw-m512-t8-v32-r2,bw.snapshot.units,units,80000,512,8,32,10,10,4,5,8,20000,20000,20000,20000,20000,"AMD Ryzen 5 5600GT with Radeon Graphics","Null Device",False
2026-10-08T04:23:24.3358190Z,bandwidth,bw-m512-t8-v32-r2,bw.snapshot.seconds,s,80000,512,8,32,10,10,4,5,8,1.625,1.645,1.649,1.649,1.649,"AMD Ryzen 5 5600GT with Radeon Graphics","Null Device",False
2026-10-08T04:24:07.8758740Z,bandwidth,bw-m512-t8-v32-r2,bw.avg,KB/s,80000,512,8,32,10,10,4,5,8,273.768,270.643,317.926,326.322,328.421,"AMD Ryzen 5 5600GT with Radeon Graphics","Null Device",False
2026-10-08T04:24:07.8766500Z,bandwidth,bw-m512-t8-v32-r2,bw.peak1s,KB/s,80000,512,8,32,10,10,4,5,8,445.681,436.383,565.105,580.312,584.114,"AMD Ryzen 5 5600GT with Radeon Graphics","Null Device",False
2026-10-08T04:24:07.8774610Z,bandwidth,bw-m512-t8-v32-r2,bw.wire.avg,KB/s,80000,512,8,32,10,10,4,5,8,293.259,289.293,338.912,347.617,349.793,"AMD Ryzen 5 5600GT with Radeon Graphics","Null Device",False
2026-10-08T04:24:07.8779520Z,bandwidth,bw-m512-t8-v32-r2,bw.wire.peak1s,KB/s,80000,512,8,32,10,10,4,5,8,475.098,464.669,599.962,616.776,620.979,"AMD Ryzen 5 5600GT with Radeon Graphics","Null Device",False
2026-10-08T04:24:07.8785780Z,bandwidth,bw-m512-t8-v32-r2,bw.encode.ms,ms,80000,512,8,32,10,10,4,5,1200,2.139,2.258,2.878,3.146,5.99,"AMD Ryzen 5 5600GT with Radeon Graphics","Null Device",False
2026-10-08T04:24:07.8795630Z,bandwidth,bw-m512-t8-v32-r2,bw.interest.ms,ms,80000,512,8,32,10,10,4,5,1200,5.123,5.072,5.656,5.964,7.004,"AMD Ryzen 5 5600GT with Radeon Graphics","Null Device",False
2026-10-08T04:24:07.8809960Z,bandwidth,bw-m512-t8-v32-r2,bw.routes.ms,ms,80000,512,8,32,10,10,4,5,1200,1.422,0.947,1.392,24.937,53.727,"AMD Ryzen 5 5600GT with Radeon Graphics","Null Device",False
2026-10-08T04:24:07.8819630Z,bandwidth,bw-m512-t8-v32-r2,bw.routes.deferred,units,80000,512,8,32,10,10,4,5,1200,0,0,0,0,0,"AMD Ryzen 5 5600GT with Radeon Graphics","Null Device",False
2026-10-08T04:24:07.8841190Z,bandwidth,bw-m512-t8-v32-r2,bw.bytype.moveorder,share,80000,512,8,32,10,10,4,5,8,0.082,0.078,0.097,0.098,0.099,"AMD Ryzen 5 5600GT with Radeon Graphics","Null Device",False
2026-10-08T04:24:07.8846250Z,bandwidth,bw-m512-t8-v32-r2,bw.moveorder,count,80000,512,8,32,10,10,4,5,8,31055.5,31110.5,34929.45,34933.09,34934,"AMD Ryzen 5 5600GT with Radeon Graphics","Null Device",False
2026-10-08T04:24:07.8850990Z,bandwidth,bw-m512-t8-v32-r2,bw.bytype.correction,share,80000,512,8,32,10,10,4,5,8,0.494,0.473,0.667,0.687,0.692,"AMD Ryzen 5 5600GT with Radeon Graphics","Null Device",False
2026-10-08T04:24:07.8855730Z,bandwidth,bw-m512-t8-v32-r2,bw.correction,count,80000,512,8,32,10,10,4,5,8,1614016,1534737.5,1932119.05,1945110.21,1948358,"AMD Ryzen 5 5600GT with Radeon Graphics","Null Device",False
2026-10-08T04:24:07.8860440Z,bandwidth,bw-m512-t8-v32-r2,bw.bytype.health,share,80000,512,8,32,10,10,4,5,8,0.02,0.02,0.023,0.023,0.023,"AMD Ryzen 5 5600GT with Radeon Graphics","Null Device",False
2026-10-08T04:24:07.8865180Z,bandwidth,bw-m512-t8-v32-r2,bw.health,count,80000,512,8,32,10,10,4,5,8,154950.75,154184.5,165680.25,165704.05,165710,"AMD Ryzen 5 5600GT with Radeon Graphics","Null Device",False
2026-10-08T04:24:07.8869730Z,bandwidth,bw-m512-t8-v32-r2,bw.bytype.enter,share,80000,512,8,32,10,10,4,5,8,0.375,0.388,0.487,0.496,0.498,"AMD Ryzen 5 5600GT with Radeon Graphics","Null Device",False
2026-10-08T04:24:07.8874460Z,bandwidth,bw-m512-t8-v32-r2,bw.enter,count,80000,512,8,32,10,10,4,5,8,140531.625,140879.5,192276.1,199168.02,200891,"AMD Ryzen 5 5600GT with Radeon Graphics","Null Device",False
2026-10-08T04:24:07.8879500Z,bandwidth,bw-m512-t8-v32-r2,bw.bytype.leave,share,80000,512,8,32,10,10,4,5,8,0.019,0.02,0.024,0.025,0.025,"AMD Ryzen 5 5600GT with Radeon Graphics","Null Device",False
2026-10-08T04:24:07.8884070Z,bandwidth,bw-m512-t8-v32-r2,bw.leave,count,80000,512,8,32,10,10,4,5,8,124339.625,122695,175526.15,182378.03,184091,"AMD Ryzen 5 5600GT with Radeon Graphics","Null Device",False
2026-10-08T04:24:07.8888590Z,bandwidth,bw-m512-t8-v32-r2,bw.bytype.explosion,share,80000,512,8,32,10,10,4,5,8,0.006,0.006,0.007,0.007,0.007,"AMD Ryzen 5 5600GT with Radeon Graphics","Null Device",False
2026-10-08T04:24:07.8893870Z,bandwidth,bw-m512-t8-v32-r2,bw.explosion,count,80000,512,8,32,10,10,4,5,8,23869.5,23678.5,25422.1,25426.02,25427,"AMD Ryzen 5 5600GT with Radeon Graphics","Null Device",False
2026-10-08T04:24:07.8899540Z,bandwidth,bw-m512-t8-v32-r2,bw.bytype.fogdelta,share,80000,512,8,32,10,10,4,5,8,0.004,0.004,0.007,0.008,0.008,"AMD Ryzen 5 5600GT with Radeon Graphics","Null Device",False
2026-10-08T04:24:07.8905270Z,bandwidth,bw-m512-t8-v32-r2,bw.fogdelta,count,80000,512,8,32,10,10,4,5,8,54836.75,42499.5,98657.45,109155.49,111780,"AMD Ryzen 5 5600GT with Radeon Graphics","Null Device",False
2026-10-08T04:24:07.8909810Z,bandwidth,bw-m512-t8-v32-r2,bw.waypoints,waypoints,80000,512,8,32,10,10,4,5,1,14.076,14.076,14.076,14.076,14.076,"AMD Ryzen 5 5600GT with Radeon Graphics","Null Device",False
2026-10-08T04:24:07.8914380Z,bandwidth,bw-m512-t8-v32-r2,bw.waypoints.smoothed,waypoints,80000,512,8,32,10,10,4,5,1,2.5,2.5,2.5,2.5,2.5,"AMD Ryzen 5 5600GT with Radeon Graphics","Null Device",False
2026-10-08T04:24:07.8918860Z,bandwidth,bw-m512-t8-v32-r2,bw.waypoints.saved,share,80000,512,8,32,10,10,4,5,1,0.822,0.822,0.822,0.822,0.822,"AMD Ryzen 5 5600GT with Radeon Graphics","Null Device",False
2026-10-08T04:24:07.8948920Z,bandwidth,bw-m512-t8-v32-r2,bw.units,units,80000,512,8,32,10,10,4,5,1,79964,79964,79964,79964,79964,"AMD Ryzen 5 5600GT with Radeon Graphics","Null Device",False
2026-10-08T04:24:07.8992040Z,bandwidth,bw-m512-t8-v32-r2,bw.units.engaged,share,80000,512,8,32,10,10,4,5,1,0.077,0.077,0.077,0.077,0.077,"AMD Ryzen 5 5600GT with Radeon Graphics","Null Device",False
2026-10-08T04:24:07.8996760Z,bandwidth,bw-m512-t8-v32-r2,bw.units.ordered,share,80000,512,8,32,10,10,4,5,1,0.971,0.971,0.971,0.971,0.971,"AMD Ryzen 5 5600GT with Radeon Graphics","Null Device",False
2026-10-08T04:24:07.9002630Z,bandwidth,bw-m512-t8-v32-r2,bw.allowed,units,80000,512,8,32,10,10,4,5,1,16847,16847,16847,16847,16847,"AMD Ryzen 5 5600GT with Radeon Graphics","Null Device",False
2026-10-08T04:24:07.9007340Z,bandwidth,bw-m512-t8-v32-r2,bw.corrections.perunit,corrections,80000,512,8,32,10,10,4,5,1,0.068,0.068,0.068,0.068,0.068,"AMD Ryzen 5 5600GT with Radeon Graphics","Null Device",False
2026-10-08T04:24:07.9017920Z,bandwidth,bw-m512-t8-v32-r2,bw.error.all.mean,tiles,80000,512,8,32,10,10,4,5,1,0.387,0.387,0.387,0.387,0.387,"AMD Ryzen 5 5600GT with Radeon Graphics","Null Device",False
2026-10-08T04:24:07.9023990Z,bandwidth,bw-m512-t8-v32-r2,bw.error.all.p50,tiles,80000,512,8,32,10,10,4,5,1,0.078,0.078,0.078,0.078,0.078,"AMD Ryzen 5 5600GT with Radeon Graphics","Null Device",False
2026-10-08T04:24:07.9029770Z,bandwidth,bw-m512-t8-v32-r2,bw.error.all.p95,tiles,80000,512,8,32,10,10,4,5,1,1.688,1.688,1.688,1.688,1.688,"AMD Ryzen 5 5600GT with Radeon Graphics","Null Device",False
2026-10-08T04:24:07.9034780Z,bandwidth,bw-m512-t8-v32-r2,bw.error.all.p99,tiles,80000,512,8,32,10,10,4,5,1,1.938,1.938,1.938,1.938,1.938,"AMD Ryzen 5 5600GT with Radeon Graphics","Null Device",False
2026-10-08T04:24:07.9039840Z,bandwidth,bw-m512-t8-v32-r2,bw.error.view.mean,tiles,80000,512,8,32,10,10,4,5,1,0.063,0.063,0.063,0.063,0.063,"AMD Ryzen 5 5600GT with Radeon Graphics","Null Device",False
2026-10-08T04:24:07.9044280Z,bandwidth,bw-m512-t8-v32-r2,bw.error.view.p50,tiles,80000,512,8,32,10,10,4,5,1,0.063,0.063,0.063,0.063,0.063,"AMD Ryzen 5 5600GT with Radeon Graphics","Null Device",False
2026-10-08T04:24:07.9048460Z,bandwidth,bw-m512-t8-v32-r2,bw.error.view.p95,tiles,80000,512,8,32,10,10,4,5,1,0.203,0.203,0.203,0.203,0.203,"AMD Ryzen 5 5600GT with Radeon Graphics","Null Device",False
2026-10-08T04:24:07.9052700Z,bandwidth,bw-m512-t8-v32-r2,bw.error.view.p99,tiles,80000,512,8,32,10,10,4,5,1,0.25,0.25,0.25,0.25,0.25,"AMD Ryzen 5 5600GT with Radeon Graphics","Null Device",False
2026-10-08T04:24:07.9057500Z,bandwidth,bw-m512-t8-v32-r2,bw.error.raw.mean,tiles,80000,512,8,32,10,10,4,5,1,0.849,0.849,0.849,0.849,0.849,"AMD Ryzen 5 5600GT with Radeon Graphics","Null Device",False
2026-10-08T04:24:07.9061830Z,bandwidth,bw-m512-t8-v32-r2,bw.error.raw.p50,tiles,80000,512,8,32,10,10,4,5,1,0.734,0.734,0.734,0.734,0.734,"AMD Ryzen 5 5600GT with Radeon Graphics","Null Device",False
2026-10-08T04:24:07.9067020Z,bandwidth,bw-m512-t8-v32-r2,bw.error.raw.p95,tiles,80000,512,8,32,10,10,4,5,1,1.891,1.891,1.891,1.891,1.891,"AMD Ryzen 5 5600GT with Radeon Graphics","Null Device",False
2026-10-08T04:24:07.9071680Z,bandwidth,bw-m512-t8-v32-r2,bw.error.raw.p99,tiles,80000,512,8,32,10,10,4,5,1,2.438,2.438,2.438,2.438,2.438,"AMD Ryzen 5 5600GT with Radeon Graphics","Null Device",False
2026-10-08T04:24:07.9076630Z,bandwidth,bw-m512-t8-v32-r2,bw.error.rawanchored.mean,tiles,80000,512,8,32,10,10,4,5,1,0.824,0.824,0.824,0.824,0.824,"AMD Ryzen 5 5600GT with Radeon Graphics","Null Device",False
2026-10-08T04:24:07.9080930Z,bandwidth,bw-m512-t8-v32-r2,bw.error.rawanchored.p50,tiles,80000,512,8,32,10,10,4,5,1,0.734,0.734,0.734,0.734,0.734,"AMD Ryzen 5 5600GT with Radeon Graphics","Null Device",False
2026-10-08T04:24:07.9085170Z,bandwidth,bw-m512-t8-v32-r2,bw.error.rawanchored.p95,tiles,80000,512,8,32,10,10,4,5,1,1.891,1.891,1.891,1.891,1.891,"AMD Ryzen 5 5600GT with Radeon Graphics","Null Device",False
2026-10-08T04:24:07.9089300Z,bandwidth,bw-m512-t8-v32-r2,bw.error.rawanchored.p99,tiles,80000,512,8,32,10,10,4,5,1,2.391,2.391,2.391,2.391,2.391,"AMD Ryzen 5 5600GT with Radeon Graphics","Null Device",False
2026-10-08T04:24:07.9094020Z,bandwidth,bw-m512-t8-v32-r2,bw.checks.anchored,share,80000,512,8,32,10,10,4,5,1,0.947,0.947,0.947,0.947,0.947,"AMD Ryzen 5 5600GT with Radeon Graphics","Null Device",False
2026-10-08T04:24:07.9098280Z,bandwidth,bw-m512-t8-v32-r2,bw.route.live,waypoints,80000,512,8,32,10,10,4,5,1,3552134,3552134,3552134,3552134,3552134,"AMD Ryzen 5 5600GT with Radeon Graphics","Null Device",False
2026-10-08T04:24:07.9102690Z,bandwidth,bw-m512-t8-v32-r2,bw.route.arena,MB,80000,512,8,32,10,10,4,5,1,32,32,32,32,32,"AMD Ryzen 5 5600GT with Radeon Graphics","Null Device",False
2026-10-08T04:24:11.4343770Z,bandwidth,bw-plan-m512-t2-v8-r2,bw.snapshot.bytes,KB,80000,512,2,8,10,10,4,5,8,799.978,799.978,813.665,813.665,813.665,"AMD Ryzen 5 5600GT with Radeon Graphics","Null Device",False
2026-10-08T04:24:11.4443480Z,bandwidth,bw-plan-m512-t2-v8-r2,bw.snapshot.wire,KB,80000,512,2,8,10,10,4,5,8,835.561,835.561,849.884,849.884,849.884,"AMD Ryzen 5 5600GT with Radeon Graphics","Null Device",False
2026-10-08T04:24:11.4448260Z,bandwidth,bw-plan-m512-t2-v8-r2,bw.snapshot.units,units,80000,512,2,8,10,10,4,5,8,40000,40000,40000,40000,40000,"AMD Ryzen 5 5600GT with Radeon Graphics","Null Device",False
2026-10-08T04:24:11.4452830Z,bandwidth,bw-plan-m512-t2-v8-r2,bw.snapshot.seconds,s,80000,512,2,8,10,10,4,5,8,3.264,3.264,3.32,3.32,3.32,"AMD Ryzen 5 5600GT with Radeon Graphics","Null Device",False
2026-10-08T04:24:53.2912410Z,bandwidth,bw-plan-m512-t2-v8-r2,bw.avg,KB/s,80000,512,2,8,10,10,4,5,8,1863.134,1863.134,1922.374,1922.374,1922.374,"AMD Ryzen 5 5600GT with Radeon Graphics","Null Device",False
2026-10-08T04:24:53.2918770Z,bandwidth,bw-plan-m512-t2-v8-r2,bw.peak1s,KB/s,80000,512,2,8,10,10,4,5,8,2232.383,2232.383,2241.262,2241.262,2241.262,"AMD Ryzen 5 5600GT with Radeon Graphics","Null Device",False
2026-10-08T04:24:53.2923900Z,bandwidth,bw-plan-m512-t2-v8-r2,bw.wire.avg,KB/s,80000,512,2,8,10,10,4,5,8,2026.848,2026.848,2091.453,2091.453,2091.453,"AMD Ryzen 5 5600GT with Radeon Graphics","Null Device",False
2026-10-08T04:24:53.2929060Z,bandwidth,bw-plan-m512-t2-v8-r2,bw.wire.peak1s,KB/s,80000,512,2,8,10,10,4,5,8,2430.049,2430.049,2438.828,2438.828,2438.828,"AMD Ryzen 5 5600GT with Radeon Graphics","Null Device",False
2026-10-08T04:24:53.2934330Z,bandwidth,bw-plan-m512-t2-v8-r2,bw.encode.ms,ms,80000,512,2,8,10,10,4,5,1200,7.529,8.104,9.646,10.202,13.691,"AMD Ryzen 5 5600GT with Radeon Graphics","Null Device",False
2026-10-08T04:24:53.2944790Z,bandwidth,bw-plan-m512-t2-v8-r2,bw.interest.ms,ms,80000,512,2,8,10,10,4,5,1200,2.258,2.157,2.96,3.385,4.422,"AMD Ryzen 5 5600GT with Radeon Graphics","Null Device",False
2026-10-08T04:24:53.2955820Z,bandwidth,bw-plan-m512-t2-v8-r2,bw.routes.ms,ms,80000,512,2,8,10,10,4,5,1200,1.446,0.973,1.452,23.902,53.246,"AMD Ryzen 5 5600GT with Radeon Graphics","Null Device",False
2026-10-08T04:24:53.2966350Z,bandwidth,bw-plan-m512-t2-v8-r2,bw.routes.deferred,units,80000,512,2,8,10,10,4,5,1200,0,0,0,0,0,"AMD Ryzen 5 5600GT with Radeon Graphics","Null Device",False
2026-10-08T04:24:53.2989660Z,bandwidth,bw-plan-m512-t2-v8-r2,bw.bytype.moveorder,share,80000,512,2,8,10,10,4,5,8,0.031,0.031,0.032,0.032,0.032,"AMD Ryzen 5 5600GT with Radeon Graphics","Null Device",False
2026-10-08T04:24:53.2994860Z,bandwidth,bw-plan-m512-t2-v8-r2,bw.moveorder,count,80000,512,2,8,10,10,4,5,8,74222.5,74222.5,74925,74925,74925,"AMD Ryzen 5 5600GT with Radeon Graphics","Null Device",False
2026-10-08T04:24:53.3000080Z,bandwidth,bw-plan-m512-t2-v8-r2,bw.bytype.correction,share,80000,512,2,8,10,10,4,5,8,0.947,0.947,0.949,0.949,0.949,"AMD Ryzen 5 5600GT with Radeon Graphics","Null Device",False
2026-10-08T04:24:53.3005250Z,bandwidth,bw-plan-m512-t2-v8-r2,bw.correction,count,80000,512,2,8,10,10,4,5,8,18068560.5,18068560.5,18671807,18671807,18671807,"AMD Ryzen 5 5600GT with Radeon Graphics","Null Device",False
2026-10-08T04:24:53.3010530Z,bandwidth,bw-plan-m512-t2-v8-r2,bw.bytype.health,share,80000,512,2,8,10,10,4,5,8,0.006,0.006,0.006,0.006,0.006,"AMD Ryzen 5 5600GT with Radeon Graphics","Null Device",False
2026-10-08T04:24:53.3015690Z,bandwidth,bw-plan-m512-t2-v8-r2,bw.health,count,80000,512,2,8,10,10,4,5,8,310000,310000,316727,316727,316727,"AMD Ryzen 5 5600GT with Radeon Graphics","Null Device",False
2026-10-08T04:24:53.3020920Z,bandwidth,bw-plan-m512-t2-v8-r2,bw.bytype.enter,share,80000,512,2,8,10,10,4,5,8,0.013,0.013,0.013,0.013,0.013,"AMD Ryzen 5 5600GT with Radeon Graphics","Null Device",False
2026-10-08T04:24:53.3026080Z,bandwidth,bw-plan-m512-t2-v8-r2,bw.enter,count,80000,512,2,8,10,10,4,5,8,87738,87738,88544,88544,88544,"AMD Ryzen 5 5600GT with Radeon Graphics","Null Device",False
2026-10-08T04:24:53.3031200Z,bandwidth,bw-plan-m512-t2-v8-r2,bw.bytype.leave,share,80000,512,2,8,10,10,4,5,8,0.001,0.001,0.001,0.001,0.001,"AMD Ryzen 5 5600GT with Radeon Graphics","Null Device",False
2026-10-08T04:24:53.3036340Z,bandwidth,bw-plan-m512-t2-v8-r2,bw.leave,count,80000,512,2,8,10,10,4,5,8,47756,47756,48571,48571,48571,"AMD Ryzen 5 5600GT with Radeon Graphics","Null Device",False
2026-10-08T04:24:53.3041240Z,bandwidth,bw-plan-m512-t2-v8-r2,bw.bytype.explosion,share,80000,512,2,8,10,10,4,5,8,0.002,0.002,0.002,0.002,0.002,"AMD Ryzen 5 5600GT with Radeon Graphics","Null Device",False
2026-10-08T04:24:53.3046340Z,bandwidth,bw-plan-m512-t2-v8-r2,bw.explosion,count,80000,512,2,8,10,10,4,5,8,47525,47525,48518,48518,48518,"AMD Ryzen 5 5600GT with Radeon Graphics","Null Device",False
2026-10-08T04:24:53.3051350Z,bandwidth,bw-plan-m512-t2-v8-r2,bw.bytype.fogdelta,share,80000,512,2,8,10,10,4,5,8,0.001,0.001,0.001,0.001,0.001,"AMD Ryzen 5 5600GT with Radeon Graphics","Null Device",False
2026-10-08T04:24:53.3056390Z,bandwidth,bw-plan-m512-t2-v8-r2,bw.fogdelta,count,80000,512,2,8,10,10,4,5,8,87328,87328,119743,119743,119743,"AMD Ryzen 5 5600GT with Radeon Graphics","Null Device",False
2026-10-08T04:24:53.3061430Z,bandwidth,bw-plan-m512-t2-v8-r2,bw.waypoints,waypoints,80000,512,2,8,10,10,4,5,1,14.076,14.076,14.076,14.076,14.076,"AMD Ryzen 5 5600GT with Radeon Graphics","Null Device",False
2026-10-08T04:24:53.3066500Z,bandwidth,bw-plan-m512-t2-v8-r2,bw.waypoints.smoothed,waypoints,80000,512,2,8,10,10,4,5,1,2.5,2.5,2.5,2.5,2.5,"AMD Ryzen 5 5600GT with Radeon Graphics","Null Device",False
2026-10-08T04:24:53.3086060Z,bandwidth,bw-plan-m512-t2-v8-r2,bw.waypoints.saved,share,80000,512,2,8,10,10,4,5,1,0.822,0.822,0.822,0.822,0.822,"AMD Ryzen 5 5600GT with Radeon Graphics","Null Device",False
2026-10-08T04:24:53.3115070Z,bandwidth,bw-plan-m512-t2-v8-r2,bw.units,units,80000,512,2,8,10,10,4,5,1,79964,79964,79964,79964,79964,"AMD Ryzen 5 5600GT with Radeon Graphics","Null Device",False
2026-10-08T04:24:53.3161300Z,bandwidth,bw-plan-m512-t2-v8-r2,bw.units.engaged,share,80000,512,2,8,10,10,4,5,1,0.077,0.077,0.077,0.077,0.077,"AMD Ryzen 5 5600GT with Radeon Graphics","Null Device",False
2026-10-08T04:24:53.3166380Z,bandwidth,bw-plan-m512-t2-v8-r2,bw.units.ordered,share,80000,512,2,8,10,10,4,5,1,0.971,0.971,0.971,0.971,0.971,"AMD Ryzen 5 5600GT with Radeon Graphics","Null Device",False
2026-10-08T04:24:53.3172920Z,bandwidth,bw-plan-m512-t2-v8-r2,bw.allowed,units,80000,512,2,8,10,10,4,5,1,39973,39973,39973,39973,39973,"AMD Ryzen 5 5600GT with Radeon Graphics","Null Device",False
2026-10-08T04:24:53.3177960Z,bandwidth,bw-plan-m512-t2-v8-r2,bw.corrections.perunit,corrections,80000,512,2,8,10,10,4,5,1,0.389,0.389,0.389,0.389,0.389,"AMD Ryzen 5 5600GT with Radeon Graphics","Null Device",False
2026-10-08T04:24:53.3189700Z,bandwidth,bw-plan-m512-t2-v8-r2,bw.error.all.mean,tiles,80000,512,2,8,10,10,4,5,1,0.04,0.04,0.04,0.04,0.04,"AMD Ryzen 5 5600GT with Radeon Graphics","Null Device",False
2026-10-08T04:24:53.3195660Z,bandwidth,bw-plan-m512-t2-v8-r2,bw.error.all.p50,tiles,80000,512,2,8,10,10,4,5,1,0.031,0.031,0.031,0.031,0.031,"AMD Ryzen 5 5600GT with Radeon Graphics","Null Device",False
2026-10-08T04:24:53.3200700Z,bandwidth,bw-plan-m512-t2-v8-r2,bw.error.all.p95,tiles,80000,512,2,8,10,10,4,5,1,0.188,0.188,0.188,0.188,0.188,"AMD Ryzen 5 5600GT with Radeon Graphics","Null Device",False
2026-10-08T04:24:53.3205740Z,bandwidth,bw-plan-m512-t2-v8-r2,bw.error.all.p99,tiles,80000,512,2,8,10,10,4,5,1,0.25,0.25,0.25,0.25,0.25,"AMD Ryzen 5 5600GT with Radeon Graphics","Null Device",False
2026-10-08T04:24:53.3211290Z,bandwidth,bw-plan-m512-t2-v8-r2,bw.error.view.mean,tiles,80000,512,2,8,10,10,4,5,1,0.04,0.04,0.04,0.04,0.04,"AMD Ryzen 5 5600GT with Radeon Graphics","Null Device",False
2026-10-08T04:24:53.3216280Z,bandwidth,bw-plan-m512-t2-v8-r2,bw.error.view.p50,tiles,80000,512,2,8,10,10,4,5,1,0.031,0.031,0.031,0.031,0.031,"AMD Ryzen 5 5600GT with Radeon Graphics","Null Device",False
2026-10-08T04:24:53.3221080Z,bandwidth,bw-plan-m512-t2-v8-r2,bw.error.view.p95,tiles,80000,512,2,8,10,10,4,5,1,0.188,0.188,0.188,0.188,0.188,"AMD Ryzen 5 5600GT with Radeon Graphics","Null Device",False
2026-10-08T04:24:53.3225890Z,bandwidth,bw-plan-m512-t2-v8-r2,bw.error.view.p99,tiles,80000,512,2,8,10,10,4,5,1,0.25,0.25,0.25,0.25,0.25,"AMD Ryzen 5 5600GT with Radeon Graphics","Null Device",False
2026-10-08T04:24:53.3231250Z,bandwidth,bw-plan-m512-t2-v8-r2,bw.error.raw.mean,tiles,80000,512,2,8,10,10,4,5,1,0.641,0.641,0.641,0.641,0.641,"AMD Ryzen 5 5600GT with Radeon Graphics","Null Device",False
2026-10-08T04:24:53.3236230Z,bandwidth,bw-plan-m512-t2-v8-r2,bw.error.raw.p50,tiles,80000,512,2,8,10,10,4,5,1,0.594,0.594,0.594,0.594,0.594,"AMD Ryzen 5 5600GT with Radeon Graphics","Null Device",False
2026-10-08T04:24:53.3241030Z,bandwidth,bw-plan-m512-t2-v8-r2,bw.error.raw.p95,tiles,80000,512,2,8,10,10,4,5,1,1.266,1.266,1.266,1.266,1.266,"AMD Ryzen 5 5600GT with Radeon Graphics","Null Device",False
2026-10-08T04:24:53.3245810Z,bandwidth,bw-plan-m512-t2-v8-r2,bw.error.raw.p99,tiles,80000,512,2,8,10,10,4,5,1,1.453,1.453,1.453,1.453,1.453,"AMD Ryzen 5 5600GT with Radeon Graphics","Null Device",False
2026-10-08T04:24:53.3251260Z,bandwidth,bw-plan-m512-t2-v8-r2,bw.error.rawanchored.mean,tiles,80000,512,2,8,10,10,4,5,1,0.647,0.647,0.647,0.647,0.647,"AMD Ryzen 5 5600GT with Radeon Graphics","Null Device",False
2026-10-08T04:24:53.3256220Z,bandwidth,bw-plan-m512-t2-v8-r2,bw.error.rawanchored.p50,tiles,80000,512,2,8,10,10,4,5,1,0.594,0.594,0.594,0.594,0.594,"AMD Ryzen 5 5600GT with Radeon Graphics","Null Device",False
2026-10-08T04:24:53.3260970Z,bandwidth,bw-plan-m512-t2-v8-r2,bw.error.rawanchored.p95,tiles,80000,512,2,8,10,10,4,5,1,1.266,1.266,1.266,1.266,1.266,"AMD Ryzen 5 5600GT with Radeon Graphics","Null Device",False
2026-10-08T04:24:53.3265760Z,bandwidth,bw-plan-m512-t2-v8-r2,bw.error.rawanchored.p99,tiles,80000,512,2,8,10,10,4,5,1,1.453,1.453,1.453,1.453,1.453,"AMD Ryzen 5 5600GT with Radeon Graphics","Null Device",False
2026-10-08T04:24:53.3271110Z,bandwidth,bw-plan-m512-t2-v8-r2,bw.checks.anchored,share,80000,512,2,8,10,10,4,5,1,0.981,0.981,0.981,0.981,0.981,"AMD Ryzen 5 5600GT with Radeon Graphics","Null Device",False
2026-10-08T04:24:53.3275980Z,bandwidth,bw-plan-m512-t2-v8-r2,bw.route.live,waypoints,80000,512,2,8,10,10,4,5,1,3552134,3552134,3552134,3552134,3552134,"AMD Ryzen 5 5600GT with Radeon Graphics","Null Device",False
2026-10-08T04:24:53.3280780Z,bandwidth,bw-plan-m512-t2-v8-r2,bw.route.arena,MB,80000,512,2,8,10,10,4,5,1,32,32,32,32,32,"AMD Ryzen 5 5600GT with Radeon Graphics","Null Device",False
2026-10-08T04:24:56.8835280Z,bandwidth,bw-m512-t2-v8-r2,bw.snapshot.bytes,KB,80000,512,2,8,10,10,4,5,8,799.978,799.978,813.665,813.665,813.665,"AMD Ryzen 5 5600GT with Radeon Graphics","Null Device",False
2026-10-08T04:24:56.8943980Z,bandwidth,bw-m512-t2-v8-r2,bw.snapshot.wire,KB,80000,512,2,8,10,10,4,5,8,835.561,835.561,849.884,849.884,849.884,"AMD Ryzen 5 5600GT with Radeon Graphics","Null Device",False
2026-10-08T04:24:56.8949210Z,bandwidth,bw-m512-t2-v8-r2,bw.snapshot.units,units,80000,512,2,8,10,10,4,5,8,40000,40000,40000,40000,40000,"AMD Ryzen 5 5600GT with Radeon Graphics","Null Device",False
2026-10-08T04:24:56.8954280Z,bandwidth,bw-m512-t2-v8-r2,bw.snapshot.seconds,s,80000,512,2,8,10,10,4,5,8,3.264,3.264,3.32,3.32,3.32,"AMD Ryzen 5 5600GT with Radeon Graphics","Null Device",False
2026-10-08T04:25:34.0981100Z,bandwidth,bw-m512-t2-v8-r2,bw.avg,KB/s,80000,512,2,8,10,10,4,5,8,263.184,256.451,292.881,294.069,294.366,"AMD Ryzen 5 5600GT with Radeon Graphics","Null Device",False
2026-10-08T04:25:34.0990600Z,bandwidth,bw-m512-t2-v8-r2,bw.peak1s,KB/s,80000,512,2,8,10,10,4,5,8,513.27,513.576,528.472,532.767,533.841,"AMD Ryzen 5 5600GT with Radeon Graphics","Null Device",False
2026-10-08T04:25:34.0999020Z,bandwidth,bw-m512-t2-v8-r2,bw.wire.avg,KB/s,80000,512,2,8,10,10,4,5,8,283.683,276.338,316.023,317.251,317.558,"AMD Ryzen 5 5600GT with Radeon Graphics","Null Device",False
2026-10-08T04:25:34.1005450Z,bandwidth,bw-m512-t2-v8-r2,bw.wire.peak1s,KB/s,80000,512,2,8,10,10,4,5,8,541.346,541.575,557.978,562.617,563.777,"AMD Ryzen 5 5600GT with Radeon Graphics","Null Device",False
2026-10-08T04:25:34.1010570Z,bandwidth,bw-m512-t2-v8-r2,bw.encode.ms,ms,80000,512,2,8,10,10,4,5,1200,3.594,3.855,4.824,5.316,12.303,"AMD Ryzen 5 5600GT with Radeon Graphics","Null Device",False
2026-10-08T04:25:34.1020980Z,bandwidth,bw-m512-t2-v8-r2,bw.interest.ms,ms,80000,512,2,8,10,10,4,5,1200,2.261,2.158,2.969,3.389,4.204,"AMD Ryzen 5 5600GT with Radeon Graphics","Null Device",False
2026-10-08T04:25:34.1032340Z,bandwidth,bw-m512-t2-v8-r2,bw.routes.ms,ms,80000,512,2,8,10,10,4,5,1200,1.442,0.963,1.446,23.55,54.193,"AMD Ryzen 5 5600GT with Radeon Graphics","Null Device",False
2026-10-08T04:25:34.1043020Z,bandwidth,bw-m512-t2-v8-r2,bw.routes.deferred,units,80000,512,2,8,10,10,4,5,1200,0,0,0,0,0,"AMD Ryzen 5 5600GT with Radeon Graphics","Null Device",False
2026-10-08T04:25:34.1066560Z,bandwidth,bw-m512-t2-v8-r2,bw.bytype.moveorder,share,80000,512,2,8,10,10,4,5,8,0.208,0.212,0.226,0.228,0.229,"AMD Ryzen 5 5600GT with Radeon Graphics","Null Device",False
2026-10-08T04:25:34.1072210Z,bandwidth,bw-m512-t2-v8-r2,bw.moveorder,count,80000,512,2,8,10,10,4,5,8,74222.5,74222.5,74925,74925,74925,"AMD Ryzen 5 5600GT with Radeon Graphics","Null Device",False
2026-10-08T04:25:34.1077560Z,bandwidth,bw-m512-t2-v8-r2,bw.bytype.correction,share,80000,512,2,8,10,10,4,5,8,0.64,0.633,0.676,0.677,0.677,"AMD Ryzen 5 5600GT with Radeon Graphics","Null Device",False
2026-10-08T04:25:34.1082780Z,bandwidth,bw-m512-t2-v8-r2,bw.correction,count,80000,512,2,8,10,10,4,5,8,2140052.5,2058282.5,2504958.9,2517056.58,2520081,"AMD Ryzen 5 5600GT with Radeon Graphics","Null Device",False
2026-10-08T04:25:34.1087990Z,bandwidth,bw-m512-t2-v8-r2,bw.bytype.health,share,80000,512,2,8,10,10,4,5,8,0.04,0.041,0.043,0.043,0.043,"AMD Ryzen 5 5600GT with Radeon Graphics","Null Device",False
2026-10-08T04:25:34.1093220Z,bandwidth,bw-m512-t2-v8-r2,bw.health,count,80000,512,2,8,10,10,4,5,8,310000,310000,316727,316727,316727,"AMD Ryzen 5 5600GT with Radeon Graphics","Null Device",False
2026-10-08T04:25:34.1098290Z,bandwidth,bw-m512-t2-v8-r2,bw.bytype.enter,share,80000,512,2,8,10,10,4,5,8,0.086,0.087,0.093,0.093,0.093,"AMD Ryzen 5 5600GT with Radeon Graphics","Null Device",False
2026-10-08T04:25:34.1103440Z,bandwidth,bw-m512-t2-v8-r2,bw.enter,count,80000,512,2,8,10,10,4,5,8,87738,87738,88544,88544,88544,"AMD Ryzen 5 5600GT with Radeon Graphics","Null Device",False
2026-10-08T04:25:34.1108520Z,bandwidth,bw-m512-t2-v8-r2,bw.bytype.leave,share,80000,512,2,8,10,10,4,5,8,0.007,0.007,0.008,0.008,0.008,"AMD Ryzen 5 5600GT with Radeon Graphics","Null Device",False
2026-10-08T04:25:34.1113680Z,bandwidth,bw-m512-t2-v8-r2,bw.leave,count,80000,512,2,8,10,10,4,5,8,47756,47756,48571,48571,48571,"AMD Ryzen 5 5600GT with Radeon Graphics","Null Device",False
2026-10-08T04:25:34.1118710Z,bandwidth,bw-m512-t2-v8-r2,bw.bytype.explosion,share,80000,512,2,8,10,10,4,5,8,0.011,0.012,0.012,0.012,0.012,"AMD Ryzen 5 5600GT with Radeon Graphics","Null Device",False
2026-10-08T04:25:34.1123800Z,bandwidth,bw-m512-t2-v8-r2,bw.explosion,count,80000,512,2,8,10,10,4,5,8,47525,47525,48518,48518,48518,"AMD Ryzen 5 5600GT with Radeon Graphics","Null Device",False
2026-10-08T04:25:34.1128840Z,bandwidth,bw-m512-t2-v8-r2,bw.bytype.fogdelta,share,80000,512,2,8,10,10,4,5,8,0.008,0.007,0.011,0.011,0.011,"AMD Ryzen 5 5600GT with Radeon Graphics","Null Device",False
2026-10-08T04:25:34.1133990Z,bandwidth,bw-m512-t2-v8-r2,bw.fogdelta,count,80000,512,2,8,10,10,4,5,8,87328,87328,119743,119743,119743,"AMD Ryzen 5 5600GT with Radeon Graphics","Null Device",False
2026-10-08T04:25:34.1139120Z,bandwidth,bw-m512-t2-v8-r2,bw.waypoints,waypoints,80000,512,2,8,10,10,4,5,1,14.076,14.076,14.076,14.076,14.076,"AMD Ryzen 5 5600GT with Radeon Graphics","Null Device",False
2026-10-08T04:25:34.1144230Z,bandwidth,bw-m512-t2-v8-r2,bw.waypoints.smoothed,waypoints,80000,512,2,8,10,10,4,5,1,2.5,2.5,2.5,2.5,2.5,"AMD Ryzen 5 5600GT with Radeon Graphics","Null Device",False
2026-10-08T04:25:34.1149210Z,bandwidth,bw-m512-t2-v8-r2,bw.waypoints.saved,share,80000,512,2,8,10,10,4,5,1,0.822,0.822,0.822,0.822,0.822,"AMD Ryzen 5 5600GT with Radeon Graphics","Null Device",False
2026-10-08T04:25:34.1180400Z,bandwidth,bw-m512-t2-v8-r2,bw.units,units,80000,512,2,8,10,10,4,5,1,79964,79964,79964,79964,79964,"AMD Ryzen 5 5600GT with Radeon Graphics","Null Device",False
2026-10-08T04:25:34.1229530Z,bandwidth,bw-m512-t2-v8-r2,bw.units.engaged,share,80000,512,2,8,10,10,4,5,1,0.077,0.077,0.077,0.077,0.077,"AMD Ryzen 5 5600GT with Radeon Graphics","Null Device",False
2026-10-08T04:25:34.1234520Z,bandwidth,bw-m512-t2-v8-r2,bw.units.ordered,share,80000,512,2,8,10,10,4,5,1,0.971,0.971,0.971,0.971,0.971,"AMD Ryzen 5 5600GT with Radeon Graphics","Null Device",False
2026-10-08T04:25:34.1240690Z,bandwidth,bw-m512-t2-v8-r2,bw.allowed,units,80000,512,2,8,10,10,4,5,1,39973,39973,39973,39973,39973,"AMD Ryzen 5 5600GT with Radeon Graphics","Null Device",False
2026-10-08T04:25:34.1245850Z,bandwidth,bw-m512-t2-v8-r2,bw.corrections.perunit,corrections,80000,512,2,8,10,10,4,5,1,0.04,0.04,0.04,0.04,0.04,"AMD Ryzen 5 5600GT with Radeon Graphics","Null Device",False
2026-10-08T04:25:34.1256720Z,bandwidth,bw-m512-t2-v8-r2,bw.error.all.mean,tiles,80000,512,2,8,10,10,4,5,1,0.526,0.526,0.526,0.526,0.526,"AMD Ryzen 5 5600GT with Radeon Graphics","Null Device",False
2026-10-08T04:25:34.1262580Z,bandwidth,bw-m512-t2-v8-r2,bw.error.all.p50,tiles,80000,512,2,8,10,10,4,5,1,0.078,0.078,0.078,0.078,0.078,"AMD Ryzen 5 5600GT with Radeon Graphics","Null Device",False
2026-10-08T04:25:34.1267500Z,bandwidth,bw-m512-t2-v8-r2,bw.error.all.p95,tiles,80000,512,2,8,10,10,4,5,1,1.797,1.797,1.797,1.797,1.797,"AMD Ryzen 5 5600GT with Radeon Graphics","Null Device",False
2026-10-08T04:25:34.1272330Z,bandwidth,bw-m512-t2-v8-r2,bw.error.all.p99,tiles,80000,512,2,8,10,10,4,5,1,1.969,1.969,1.969,1.969,1.969,"AMD Ryzen 5 5600GT with Radeon Graphics","Null Device",False
2026-10-08T04:25:34.1277840Z,bandwidth,bw-m512-t2-v8-r2,bw.error.view.mean,tiles,80000,512,2,8,10,10,4,5,1,0.063,0.063,0.063,0.063,0.063,"AMD Ryzen 5 5600GT with Radeon Graphics","Null Device",False
2026-10-08T04:25:34.1282850Z,bandwidth,bw-m512-t2-v8-r2,bw.error.view.p50,tiles,80000,512,2,8,10,10,4,5,1,0.063,0.063,0.063,0.063,0.063,"AMD Ryzen 5 5600GT with Radeon Graphics","Null Device",False
2026-10-08T04:25:34.1287690Z,bandwidth,bw-m512-t2-v8-r2,bw.error.view.p95,tiles,80000,512,2,8,10,10,4,5,1,0.203,0.203,0.203,0.203,0.203,"AMD Ryzen 5 5600GT with Radeon Graphics","Null Device",False
2026-10-08T04:25:34.1292560Z,bandwidth,bw-m512-t2-v8-r2,bw.error.view.p99,tiles,80000,512,2,8,10,10,4,5,1,0.25,0.25,0.25,0.25,0.25,"AMD Ryzen 5 5600GT with Radeon Graphics","Null Device",False
2026-10-08T04:25:34.1298080Z,bandwidth,bw-m512-t2-v8-r2,bw.error.raw.mean,tiles,80000,512,2,8,10,10,4,5,1,0.821,0.821,0.821,0.821,0.821,"AMD Ryzen 5 5600GT with Radeon Graphics","Null Device",False
2026-10-08T04:25:34.1302970Z,bandwidth,bw-m512-t2-v8-r2,bw.error.raw.p50,tiles,80000,512,2,8,10,10,4,5,1,0.734,0.734,0.734,0.734,0.734,"AMD Ryzen 5 5600GT with Radeon Graphics","Null Device",False
2026-10-08T04:25:34.1307700Z,bandwidth,bw-m512-t2-v8-r2,bw.error.raw.p95,tiles,80000,512,2,8,10,10,4,5,1,1.891,1.891,1.891,1.891,1.891,"AMD Ryzen 5 5600GT with Radeon Graphics","Null Device",False
2026-10-08T04:25:34.1312470Z,bandwidth,bw-m512-t2-v8-r2,bw.error.raw.p99,tiles,80000,512,2,8,10,10,4,5,1,2.406,2.406,2.406,2.406,2.406,"AMD Ryzen 5 5600GT with Radeon Graphics","Null Device",False
2026-10-08T04:25:34.1317800Z,bandwidth,bw-m512-t2-v8-r2,bw.error.rawanchored.mean,tiles,80000,512,2,8,10,10,4,5,1,0.824,0.824,0.824,0.824,0.824,"AMD Ryzen 5 5600GT with Radeon Graphics","Null Device",False
2026-10-08T04:25:34.1322710Z,bandwidth,bw-m512-t2-v8-r2,bw.error.rawanchored.p50,tiles,80000,512,2,8,10,10,4,5,1,0.734,0.734,0.734,0.734,0.734,"AMD Ryzen 5 5600GT with Radeon Graphics","Null Device",False
2026-10-08T04:25:34.1327350Z,bandwidth,bw-m512-t2-v8-r2,bw.error.rawanchored.p95,tiles,80000,512,2,8,10,10,4,5,1,1.875,1.875,1.875,1.875,1.875,"AMD Ryzen 5 5600GT with Radeon Graphics","Null Device",False
2026-10-08T04:25:34.1332030Z,bandwidth,bw-m512-t2-v8-r2,bw.error.rawanchored.p99,tiles,80000,512,2,8,10,10,4,5,1,2.391,2.391,2.391,2.391,2.391,"AMD Ryzen 5 5600GT with Radeon Graphics","Null Device",False
2026-10-08T04:25:34.1337200Z,bandwidth,bw-m512-t2-v8-r2,bw.checks.anchored,share,80000,512,2,8,10,10,4,5,1,0.948,0.948,0.948,0.948,0.948,"AMD Ryzen 5 5600GT with Radeon Graphics","Null Device",False
2026-10-08T04:25:34.1341890Z,bandwidth,bw-m512-t2-v8-r2,bw.route.live,waypoints,80000,512,2,8,10,10,4,5,1,3552134,3552134,3552134,3552134,3552134,"AMD Ryzen 5 5600GT with Radeon Graphics","Null Device",False
2026-10-08T04:25:34.1346570Z,bandwidth,bw-m512-t2-v8-r2,bw.route.arena,MB,80000,512,2,8,10,10,4,5,1,32,32,32,32,32,"AMD Ryzen 5 5600GT with Radeon Graphics","Null Device",False
2026-10-08T04:25:37.6549600Z,bandwidth,bw-m512-t2-v16-r2,bw.snapshot.bytes,KB,80000,512,2,16,10,10,4,5,8,801.849,801.849,817.407,817.407,817.407,"AMD Ryzen 5 5600GT with Radeon Graphics","Null Device",False
2026-10-08T04:25:37.6658740Z,bandwidth,bw-m512-t2-v16-r2,bw.snapshot.wire,KB,80000,512,2,16,10,10,4,5,8,837.508,837.508,853.778,853.778,853.778,"AMD Ryzen 5 5600GT with Radeon Graphics","Null Device",False
2026-10-08T04:25:37.6663620Z,bandwidth,bw-m512-t2-v16-r2,bw.snapshot.units,units,80000,512,2,16,10,10,4,5,8,40000,40000,40000,40000,40000,"AMD Ryzen 5 5600GT with Radeon Graphics","Null Device",False
2026-10-08T04:25:37.6668390Z,bandwidth,bw-m512-t2-v16-r2,bw.snapshot.seconds,s,80000,512,2,16,10,10,4,5,8,3.272,3.272,3.335,3.335,3.335,"AMD Ryzen 5 5600GT with Radeon Graphics","Null Device",False
2026-10-08T04:26:16.2453800Z,bandwidth,bw-m512-t2-v16-r2,bw.avg,KB/s,80000,512,2,16,10,10,4,5,8,263.323,256.589,293.069,294.349,294.669,"AMD Ryzen 5 5600GT with Radeon Graphics","Null Device",False
2026-10-08T04:26:16.2461480Z,bandwidth,bw-m512-t2-v16-r2,bw.peak1s,KB/s,80000,512,2,16,10,10,4,5,8,513.608,513.617,528.68,532.841,533.882,"AMD Ryzen 5 5600GT with Radeon Graphics","Null Device",False
2026-10-08T04:26:16.2468350Z,bandwidth,bw-m512-t2-v16-r2,bw.wire.avg,KB/s,80000,512,2,16,10,10,4,5,8,283.829,276.483,316.219,317.541,317.872,"AMD Ryzen 5 5600GT with Radeon Graphics","Null Device",False
2026-10-08T04:26:16.2475130Z,bandwidth,bw-m512-t2-v16-r2,bw.wire.peak1s,KB/s,80000,512,2,16,10,10,4,5,8,541.69,541.616,558.186,562.692,563.818,"AMD Ryzen 5 5600GT with Radeon Graphics","Null Device",False
2026-10-08T04:26:16.2482330Z,bandwidth,bw-m512-t2-v16-r2,bw.encode.ms,ms,80000,512,2,16,10,10,4,5,1200,3.584,3.859,4.789,5.242,11.635,"AMD Ryzen 5 5600GT with Radeon Graphics","Null Device",False
2026-10-08T04:26:16.2497670Z,bandwidth,bw-m512-t2-v16-r2,bw.interest.ms,ms,80000,512,2,16,10,10,4,5,1200,2.244,2.148,2.935,3.308,4.018,"AMD Ryzen 5 5600GT with Radeon Graphics","Null Device",False
2026-10-08T04:26:16.2513210Z,bandwidth,bw-m512-t2-v16-r2,bw.routes.ms,ms,80000,512,2,16,10,10,4,5,1200,1.449,0.977,1.488,22.749,53.272,"AMD Ryzen 5 5600GT with Radeon Graphics","Null Device",False
2026-10-08T04:26:16.2528580Z,bandwidth,bw-m512-t2-v16-r2,bw.routes.deferred,units,80000,512,2,16,10,10,4,5,1200,0,0,0,0,0,"AMD Ryzen 5 5600GT with Radeon Graphics","Null Device",False
2026-10-08T04:26:16.2557620Z,bandwidth,bw-m512-t2-v16-r2,bw.bytype.moveorder,share,80000,512,2,16,10,10,4,5,8,0.208,0.212,0.226,0.228,0.228,"AMD Ryzen 5 5600GT with Radeon Graphics","Null Device",False
2026-10-08T04:26:16.2562740Z,bandwidth,bw-m512-t2-v16-r2,bw.moveorder,count,80000,512,2,16,10,10,4,5,8,74222.5,74222.5,74925,74925,74925,"AMD Ryzen 5 5600GT with Radeon Graphics","Null Device",False
2026-10-08T04:26:16.2567470Z,bandwidth,bw-m512-t2-v16-r2,bw.bytype.correction,share,80000,512,2,16,10,10,4,5,8,0.64,0.632,0.676,0.676,0.676,"AMD Ryzen 5 5600GT with Radeon Graphics","Null Device",False
2026-10-08T04:26:16.2572080Z,bandwidth,bw-m512-t2-v16-r2,bw.correction,count,80000,512,2,16,10,10,4,5,8,2140052.5,2058282.5,2504958.9,2517056.58,2520081,"AMD Ryzen 5 5600GT with Radeon Graphics","Null Device",False
2026-10-08T04:26:16.2576740Z,bandwidth,bw-m512-t2-v16-r2,bw.bytype.health,share,80000,512,2,16,10,10,4,5,8,0.04,0.041,0.043,0.043,0.043,"AMD Ryzen 5 5600GT with Radeon Graphics","Null Device",False
2026-10-08T04:26:16.2581260Z,bandwidth,bw-m512-t2-v16-r2,bw.health,count,80000,512,2,16,10,10,4,5,8,310000,310000,316727,316727,316727,"AMD Ryzen 5 5600GT with Radeon Graphics","Null Device",False
2026-10-08T04:26:16.2585850Z,bandwidth,bw-m512-t2-v16-r2,bw.bytype.enter,share,80000,512,2,16,10,10,4,5,8,0.086,0.087,0.093,0.093,0.093,"AMD Ryzen 5 5600GT with Radeon Graphics","Null Device",False
2026-10-08T04:26:16.2590290Z,bandwidth,bw-m512-t2-v16-r2,bw.enter,count,80000,512,2,16,10,10,4,5,8,87738,87738,88544,88544,88544,"AMD Ryzen 5 5600GT with Radeon Graphics","Null Device",False
2026-10-08T04:26:16.2594850Z,bandwidth,bw-m512-t2-v16-r2,bw.bytype.leave,share,80000,512,2,16,10,10,4,5,8,0.007,0.007,0.008,0.008,0.008,"AMD Ryzen 5 5600GT with Radeon Graphics","Null Device",False
2026-10-08T04:26:16.2599290Z,bandwidth,bw-m512-t2-v16-r2,bw.leave,count,80000,512,2,16,10,10,4,5,8,47756,47756,48571,48571,48571,"AMD Ryzen 5 5600GT with Radeon Graphics","Null Device",False
2026-10-08T04:26:16.2603830Z,bandwidth,bw-m512-t2-v16-r2,bw.bytype.explosion,share,80000,512,2,16,10,10,4,5,8,0.011,0.012,0.012,0.012,0.012,"AMD Ryzen 5 5600GT with Radeon Graphics","Null Device",False
2026-10-08T04:26:16.2608230Z,bandwidth,bw-m512-t2-v16-r2,bw.explosion,count,80000,512,2,16,10,10,4,5,8,47525,47525,48518,48518,48518,"AMD Ryzen 5 5600GT with Radeon Graphics","Null Device",False
2026-10-08T04:26:16.2614660Z,bandwidth,bw-m512-t2-v16-r2,bw.bytype.fogdelta,share,80000,512,2,16,10,10,4,5,8,0.008,0.008,0.012,0.012,0.012,"AMD Ryzen 5 5600GT with Radeon Graphics","Null Device",False
2026-10-08T04:26:16.2620290Z,bandwidth,bw-m512-t2-v16-r2,bw.fogdelta,count,80000,512,2,16,10,10,4,5,8,96900.5,96900.5,139111,139111,139111,"AMD Ryzen 5 5600GT with Radeon Graphics","Null Device",False
2026-10-08T04:26:16.2625610Z,bandwidth,bw-m512-t2-v16-r2,bw.waypoints,waypoints,80000,512,2,16,10,10,4,5,1,14.076,14.076,14.076,14.076,14.076,"AMD Ryzen 5 5600GT with Radeon Graphics","Null Device",False
2026-10-08T04:26:16.2630600Z,bandwidth,bw-m512-t2-v16-r2,bw.waypoints.smoothed,waypoints,80000,512,2,16,10,10,4,5,1,2.5,2.5,2.5,2.5,2.5,"AMD Ryzen 5 5600GT with Radeon Graphics","Null Device",False
2026-10-08T04:26:16.2635810Z,bandwidth,bw-m512-t2-v16-r2,bw.waypoints.saved,share,80000,512,2,16,10,10,4,5,1,0.822,0.822,0.822,0.822,0.822,"AMD Ryzen 5 5600GT with Radeon Graphics","Null Device",False
2026-10-08T04:26:16.2665090Z,bandwidth,bw-m512-t2-v16-r2,bw.units,units,80000,512,2,16,10,10,4,5,1,79964,79964,79964,79964,79964,"AMD Ryzen 5 5600GT with Radeon Graphics","Null Device",False
2026-10-08T04:26:16.2711860Z,bandwidth,bw-m512-t2-v16-r2,bw.units.engaged,share,80000,512,2,16,10,10,4,5,1,0.077,0.077,0.077,0.077,0.077,"AMD Ryzen 5 5600GT with Radeon Graphics","Null Device",False
2026-10-08T04:26:16.2716810Z,bandwidth,bw-m512-t2-v16-r2,bw.units.ordered,share,80000,512,2,16,10,10,4,5,1,0.971,0.971,0.971,0.971,0.971,"AMD Ryzen 5 5600GT with Radeon Graphics","Null Device",False
2026-10-08T04:26:16.2723380Z,bandwidth,bw-m512-t2-v16-r2,bw.allowed,units,80000,512,2,16,10,10,4,5,1,39973,39973,39973,39973,39973,"AMD Ryzen 5 5600GT with Radeon Graphics","Null Device",False
2026-10-08T04:26:16.2728440Z,bandwidth,bw-m512-t2-v16-r2,bw.corrections.perunit,corrections,80000,512,2,16,10,10,4,5,1,0.04,0.04,0.04,0.04,0.04,"AMD Ryzen 5 5600GT with Radeon Graphics","Null Device",False
2026-10-08T04:26:16.2739970Z,bandwidth,bw-m512-t2-v16-r2,bw.error.all.mean,tiles,80000,512,2,16,10,10,4,5,1,0.526,0.526,0.526,0.526,0.526,"AMD Ryzen 5 5600GT with Radeon Graphics","Null Device",False
2026-10-08T04:26:16.2745780Z,bandwidth,bw-m512-t2-v16-r2,bw.error.all.p50,tiles,80000,512,2,16,10,10,4,5,1,0.078,0.078,0.078,0.078,0.078,"AMD Ryzen 5 5600GT with Radeon Graphics","Null Device",False
2026-10-08T04:26:16.2750280Z,bandwidth,bw-m512-t2-v16-r2,bw.error.all.p95,tiles,80000,512,2,16,10,10,4,5,1,1.797,1.797,1.797,1.797,1.797,"AMD Ryzen 5 5600GT with Radeon Graphics","Null Device",False
2026-10-08T04:26:16.2754660Z,bandwidth,bw-m512-t2-v16-r2,bw.error.all.p99,tiles,80000,512,2,16,10,10,4,5,1,1.969,1.969,1.969,1.969,1.969,"AMD Ryzen 5 5600GT with Radeon Graphics","Null Device",False
2026-10-08T04:26:16.2760100Z,bandwidth,bw-m512-t2-v16-r2,bw.error.view.mean,tiles,80000,512,2,16,10,10,4,5,1,0.063,0.063,0.063,0.063,0.063,"AMD Ryzen 5 5600GT with Radeon Graphics","Null Device",False
2026-10-08T04:26:16.2764650Z,bandwidth,bw-m512-t2-v16-r2,bw.error.view.p50,tiles,80000,512,2,16,10,10,4,5,1,0.063,0.063,0.063,0.063,0.063,"AMD Ryzen 5 5600GT with Radeon Graphics","Null Device",False
2026-10-08T04:26:16.2768830Z,bandwidth,bw-m512-t2-v16-r2,bw.error.view.p95,tiles,80000,512,2,16,10,10,4,5,1,0.203,0.203,0.203,0.203,0.203,"AMD Ryzen 5 5600GT with Radeon Graphics","Null Device",False
2026-10-08T04:26:16.2773400Z,bandwidth,bw-m512-t2-v16-r2,bw.error.view.p99,tiles,80000,512,2,16,10,10,4,5,1,0.25,0.25,0.25,0.25,0.25,"AMD Ryzen 5 5600GT with Radeon Graphics","Null Device",False
2026-10-08T04:26:16.2778350Z,bandwidth,bw-m512-t2-v16-r2,bw.error.raw.mean,tiles,80000,512,2,16,10,10,4,5,1,0.821,0.821,0.821,0.821,0.821,"AMD Ryzen 5 5600GT with Radeon Graphics","Null Device",False
2026-10-08T04:26:16.2782780Z,bandwidth,bw-m512-t2-v16-r2,bw.error.raw.p50,tiles,80000,512,2,16,10,10,4,5,1,0.734,0.734,0.734,0.734,0.734,"AMD Ryzen 5 5600GT with Radeon Graphics","Null Device",False
2026-10-08T04:26:16.2786940Z,bandwidth,bw-m512-t2-v16-r2,bw.error.raw.p95,tiles,80000,512,2,16,10,10,4,5,1,1.891,1.891,1.891,1.891,1.891,"AMD Ryzen 5 5600GT with Radeon Graphics","Null Device",False
2026-10-08T04:26:16.2791030Z,bandwidth,bw-m512-t2-v16-r2,bw.error.raw.p99,tiles,80000,512,2,16,10,10,4,5,1,2.406,2.406,2.406,2.406,2.406,"AMD Ryzen 5 5600GT with Radeon Graphics","Null Device",False
2026-10-08T04:26:16.2795830Z,bandwidth,bw-m512-t2-v16-r2,bw.error.rawanchored.mean,tiles,80000,512,2,16,10,10,4,5,1,0.824,0.824,0.824,0.824,0.824,"AMD Ryzen 5 5600GT with Radeon Graphics","Null Device",False
2026-10-08T04:26:16.2800070Z,bandwidth,bw-m512-t2-v16-r2,bw.error.rawanchored.p50,tiles,80000,512,2,16,10,10,4,5,1,0.734,0.734,0.734,0.734,0.734,"AMD Ryzen 5 5600GT with Radeon Graphics","Null Device",False
2026-10-08T04:26:16.2804270Z,bandwidth,bw-m512-t2-v16-r2,bw.error.rawanchored.p95,tiles,80000,512,2,16,10,10,4,5,1,1.875,1.875,1.875,1.875,1.875,"AMD Ryzen 5 5600GT with Radeon Graphics","Null Device",False
2026-10-08T04:26:16.2808370Z,bandwidth,bw-m512-t2-v16-r2,bw.error.rawanchored.p99,tiles,80000,512,2,16,10,10,4,5,1,2.391,2.391,2.391,2.391,2.391,"AMD Ryzen 5 5600GT with Radeon Graphics","Null Device",False
2026-10-08T04:26:16.2813100Z,bandwidth,bw-m512-t2-v16-r2,bw.checks.anchored,share,80000,512,2,16,10,10,4,5,1,0.948,0.948,0.948,0.948,0.948,"AMD Ryzen 5 5600GT with Radeon Graphics","Null Device",False
2026-10-08T04:26:16.2817290Z,bandwidth,bw-m512-t2-v16-r2,bw.route.live,waypoints,80000,512,2,16,10,10,4,5,1,3552134,3552134,3552134,3552134,3552134,"AMD Ryzen 5 5600GT with Radeon Graphics","Null Device",False
2026-10-08T04:26:16.2821510Z,bandwidth,bw-m512-t2-v16-r2,bw.route.arena,MB,80000,512,2,16,10,10,4,5,1,32,32,32,32,32,"AMD Ryzen 5 5600GT with Radeon Graphics","Null Device",False
2026-10-08T04:26:19.7868630Z,bandwidth,bw-m512-t2-v32-r2,bw.snapshot.bytes,KB,80000,512,2,32,10,10,4,5,8,804.452,804.452,822.613,822.613,822.613,"AMD Ryzen 5 5600GT with Radeon Graphics","Null Device",False
2026-10-08T04:26:19.7966810Z,bandwidth,bw-m512-t2-v32-r2,bw.snapshot.wire,KB,80000,512,2,32,10,10,4,5,8,840.238,840.238,859.238,859.238,859.238,"AMD Ryzen 5 5600GT with Radeon Graphics","Null Device",False
2026-10-08T04:26:19.7972100Z,bandwidth,bw-m512-t2-v32-r2,bw.snapshot.units,units,80000,512,2,32,10,10,4,5,8,40000,40000,40000,40000,40000,"AMD Ryzen 5 5600GT with Radeon Graphics","Null Device",False
2026-10-08T04:26:19.7976670Z,bandwidth,bw-m512-t2-v32-r2,bw.snapshot.seconds,s,80000,512,2,32,10,10,4,5,8,3.282,3.282,3.356,3.356,3.356,"AMD Ryzen 5 5600GT with Radeon Graphics","Null Device",False
2026-10-08T04:27:00.1018240Z,bandwidth,bw-m512-t2-v32-r2,bw.avg,KB/s,80000,512,2,32,10,10,4,5,8,264.111,257.377,293.982,295.495,295.874,"AMD Ryzen 5 5600GT with Radeon Graphics","Null Device",False
2026-10-08T04:27:00.1024530Z,bandwidth,bw-m512-t2-v32-r2,bw.peak1s,KB/s,80000,512,2,32,10,10,4,5,8,513.975,513.721,528.92,532.973,533.986,"AMD Ryzen 5 5600GT with Radeon Graphics","Null Device",False
2026-10-08T04:27:00.1030030Z,bandwidth,bw-m512-t2-v32-r2,bw.wire.avg,KB/s,80000,512,2,32,10,10,4,5,8,284.648,277.302,317.17,318.738,319.131,"AMD Ryzen 5 5600GT with Radeon Graphics","Null Device",False
2026-10-08T04:27:00.1035150Z,bandwidth,bw-m512-t2-v32-r2,bw.wire.peak1s,KB/s,80000,512,2,32,10,10,4,5,8,542.083,541.721,558.444,562.827,563.923,"AMD Ryzen 5 5600GT with Radeon Graphics","Null Device",False
2026-10-08T04:27:00.1040040Z,bandwidth,bw-m512-t2-v32-r2,bw.encode.ms,ms,80000,512,2,32,10,10,4,5,1200,3.477,3.728,4.67,5.032,11.153,"AMD Ryzen 5 5600GT with Radeon Graphics","Null Device",False
2026-10-08T04:27:00.1049960Z,bandwidth,bw-m512-t2-v32-r2,bw.interest.ms,ms,80000,512,2,32,10,10,4,5,1200,2.226,2.146,2.656,3.252,3.449,"AMD Ryzen 5 5600GT with Radeon Graphics","Null Device",False
2026-10-08T04:27:00.1060540Z,bandwidth,bw-m512-t2-v32-r2,bw.routes.ms,ms,80000,512,2,32,10,10,4,5,1200,1.432,0.963,1.379,23.543,52.713,"AMD Ryzen 5 5600GT with Radeon Graphics","Null Device",False
2026-10-08T04:27:00.1070920Z,bandwidth,bw-m512-t2-v32-r2,bw.routes.deferred,units,80000,512,2,32,10,10,4,5,1200,0,0,0,0,0,"AMD Ryzen 5 5600GT with Radeon Graphics","Null Device",False
2026-10-08T04:27:00.1092100Z,bandwidth,bw-m512-t2-v32-r2,bw.bytype.moveorder,share,80000,512,2,32,10,10,4,5,8,0.207,0.212,0.225,0.227,0.227,"AMD Ryzen 5 5600GT with Radeon Graphics","Null Device",False
2026-10-08T04:27:00.1097410Z,bandwidth,bw-m512-t2-v32-r2,bw.moveorder,count,80000,512,2,32,10,10,4,5,8,74222.5,74222.5,74925,74925,74925,"AMD Ryzen 5 5600GT with Radeon Graphics","Null Device",False
2026-10-08T04:27:00.1103250Z,bandwidth,bw-m512-t2-v32-r2,bw.bytype.correction,share,80000,512,2,32,10,10,4,5,8,0.638,0.63,0.674,0.674,0.674,"AMD Ryzen 5 5600GT with Radeon Graphics","Null Device",False
2026-10-08T04:27:00.1107750Z,bandwidth,bw-m512-t2-v32-r2,bw.correction,count,80000,512,2,32,10,10,4,5,8,2140052.5,2058282.5,2504958.9,2517056.58,2520081,"AMD Ryzen 5 5600GT with Radeon Graphics","Null Device",False
2026-10-08T04:27:00.1112800Z,bandwidth,bw-m512-t2-v32-r2,bw.bytype.health,share,80000,512,2,32,10,10,4,5,8,0.04,0.041,0.043,0.043,0.043,"AMD Ryzen 5 5600GT with Radeon Graphics","Null Device",False
2026-10-08T04:27:00.1117520Z,bandwidth,bw-m512-t2-v32-r2,bw.health,count,80000,512,2,32,10,10,4,5,8,310000,310000,316727,316727,316727,"AMD Ryzen 5 5600GT with Radeon Graphics","Null Device",False
2026-10-08T04:27:00.1122130Z,bandwidth,bw-m512-t2-v32-r2,bw.bytype.enter,share,80000,512,2,32,10,10,4,5,8,0.085,0.087,0.092,0.093,0.093,"AMD Ryzen 5 5600GT with Radeon Graphics","Null Device",False
2026-10-08T04:27:00.1126400Z,bandwidth,bw-m512-t2-v32-r2,bw.enter,count,80000,512,2,32,10,10,4,5,8,87738,87738,88544,88544,88544,"AMD Ryzen 5 5600GT with Radeon Graphics","Null Device",False
2026-10-08T04:27:00.1130660Z,bandwidth,bw-m512-t2-v32-r2,bw.bytype.leave,share,80000,512,2,32,10,10,4,5,8,0.007,0.007,0.008,0.008,0.008,"AMD Ryzen 5 5600GT with Radeon Graphics","Null Device",False
2026-10-08T04:27:00.1134980Z,bandwidth,bw-m512-t2-v32-r2,bw.leave,count,80000,512,2,32,10,10,4,5,8,47756,47756,48571,48571,48571,"AMD Ryzen 5 5600GT with Radeon Graphics","Null Device",False
2026-10-08T04:27:00.1139220Z,bandwidth,bw-m512-t2-v32-r2,bw.bytype.explosion,share,80000,512,2,32,10,10,4,5,8,0.011,0.012,0.012,0.012,0.012,"AMD Ryzen 5 5600GT with Radeon Graphics","Null Device",False
2026-10-08T04:27:00.1143700Z,bandwidth,bw-m512-t2-v32-r2,bw.explosion,count,80000,512,2,32,10,10,4,5,8,47525,47525,48518,48518,48518,"AMD Ryzen 5 5600GT with Radeon Graphics","Null Device",False
2026-10-08T04:27:00.1148040Z,bandwidth,bw-m512-t2-v32-r2,bw.bytype.fogdelta,share,80000,512,2,32,10,10,4,5,8,0.011,0.01,0.017,0.017,0.017,"AMD Ryzen 5 5600GT with Radeon Graphics","Null Device",False
2026-10-08T04:27:00.1152430Z,bandwidth,bw-m512-t2-v32-r2,bw.fogdelta,count,80000,512,2,32,10,10,4,5,8,137469,137469,204139,204139,204139,"AMD Ryzen 5 5600GT with Radeon Graphics","Null Device",False
2026-10-08T04:27:00.1156720Z,bandwidth,bw-m512-t2-v32-r2,bw.waypoints,waypoints,80000,512,2,32,10,10,4,5,1,14.076,14.076,14.076,14.076,14.076,"AMD Ryzen 5 5600GT with Radeon Graphics","Null Device",False
2026-10-08T04:27:00.1160970Z,bandwidth,bw-m512-t2-v32-r2,bw.waypoints.smoothed,waypoints,80000,512,2,32,10,10,4,5,1,2.5,2.5,2.5,2.5,2.5,"AMD Ryzen 5 5600GT with Radeon Graphics","Null Device",False
2026-10-08T04:27:00.1165280Z,bandwidth,bw-m512-t2-v32-r2,bw.waypoints.saved,share,80000,512,2,32,10,10,4,5,1,0.822,0.822,0.822,0.822,0.822,"AMD Ryzen 5 5600GT with Radeon Graphics","Null Device",False
2026-10-08T04:27:00.1191980Z,bandwidth,bw-m512-t2-v32-r2,bw.units,units,80000,512,2,32,10,10,4,5,1,79964,79964,79964,79964,79964,"AMD Ryzen 5 5600GT with Radeon Graphics","Null Device",False
2026-10-08T04:27:00.1237260Z,bandwidth,bw-m512-t2-v32-r2,bw.units.engaged,share,80000,512,2,32,10,10,4,5,1,0.077,0.077,0.077,0.077,0.077,"AMD Ryzen 5 5600GT with Radeon Graphics","Null Device",False
2026-10-08T04:27:00.1242740Z,bandwidth,bw-m512-t2-v32-r2,bw.units.ordered,share,80000,512,2,32,10,10,4,5,1,0.971,0.971,0.971,0.971,0.971,"AMD Ryzen 5 5600GT with Radeon Graphics","Null Device",False
2026-10-08T04:27:00.1248620Z,bandwidth,bw-m512-t2-v32-r2,bw.allowed,units,80000,512,2,32,10,10,4,5,1,39973,39973,39973,39973,39973,"AMD Ryzen 5 5600GT with Radeon Graphics","Null Device",False
2026-10-08T04:27:00.1253370Z,bandwidth,bw-m512-t2-v32-r2,bw.corrections.perunit,corrections,80000,512,2,32,10,10,4,5,1,0.04,0.04,0.04,0.04,0.04,"AMD Ryzen 5 5600GT with Radeon Graphics","Null Device",False
2026-10-08T04:27:00.1263460Z,bandwidth,bw-m512-t2-v32-r2,bw.error.all.mean,tiles,80000,512,2,32,10,10,4,5,1,0.526,0.526,0.526,0.526,0.526,"AMD Ryzen 5 5600GT with Radeon Graphics","Null Device",False
2026-10-08T04:27:00.1268670Z,bandwidth,bw-m512-t2-v32-r2,bw.error.all.p50,tiles,80000,512,2,32,10,10,4,5,1,0.078,0.078,0.078,0.078,0.078,"AMD Ryzen 5 5600GT with Radeon Graphics","Null Device",False
2026-10-08T04:27:00.1274620Z,bandwidth,bw-m512-t2-v32-r2,bw.error.all.p95,tiles,80000,512,2,32,10,10,4,5,1,1.797,1.797,1.797,1.797,1.797,"AMD Ryzen 5 5600GT with Radeon Graphics","Null Device",False
2026-10-08T04:27:00.1278980Z,bandwidth,bw-m512-t2-v32-r2,bw.error.all.p99,tiles,80000,512,2,32,10,10,4,5,1,1.969,1.969,1.969,1.969,1.969,"AMD Ryzen 5 5600GT with Radeon Graphics","Null Device",False
2026-10-08T04:27:00.1284040Z,bandwidth,bw-m512-t2-v32-r2,bw.error.view.mean,tiles,80000,512,2,32,10,10,4,5,1,0.063,0.063,0.063,0.063,0.063,"AMD Ryzen 5 5600GT with Radeon Graphics","Null Device",False
2026-10-08T04:27:00.1288470Z,bandwidth,bw-m512-t2-v32-r2,bw.error.view.p50,tiles,80000,512,2,32,10,10,4,5,1,0.063,0.063,0.063,0.063,0.063,"AMD Ryzen 5 5600GT with Radeon Graphics","Null Device",False
2026-10-08T04:27:00.1292830Z,bandwidth,bw-m512-t2-v32-r2,bw.error.view.p95,tiles,80000,512,2,32,10,10,4,5,1,0.203,0.203,0.203,0.203,0.203,"AMD Ryzen 5 5600GT with Radeon Graphics","Null Device",False
2026-10-08T04:27:00.1297020Z,bandwidth,bw-m512-t2-v32-r2,bw.error.view.p99,tiles,80000,512,2,32,10,10,4,5,1,0.25,0.25,0.25,0.25,0.25,"AMD Ryzen 5 5600GT with Radeon Graphics","Null Device",False
2026-10-08T04:27:00.1302080Z,bandwidth,bw-m512-t2-v32-r2,bw.error.raw.mean,tiles,80000,512,2,32,10,10,4,5,1,0.821,0.821,0.821,0.821,0.821,"AMD Ryzen 5 5600GT with Radeon Graphics","Null Device",False
2026-10-08T04:27:00.1306420Z,bandwidth,bw-m512-t2-v32-r2,bw.error.raw.p50,tiles,80000,512,2,32,10,10,4,5,1,0.734,0.734,0.734,0.734,0.734,"AMD Ryzen 5 5600GT with Radeon Graphics","Null Device",False
2026-10-08T04:27:00.1310790Z,bandwidth,bw-m512-t2-v32-r2,bw.error.raw.p95,tiles,80000,512,2,32,10,10,4,5,1,1.891,1.891,1.891,1.891,1.891,"AMD Ryzen 5 5600GT with Radeon Graphics","Null Device",False
2026-10-08T04:27:00.1315120Z,bandwidth,bw-m512-t2-v32-r2,bw.error.raw.p99,tiles,80000,512,2,32,10,10,4,5,1,2.406,2.406,2.406,2.406,2.406,"AMD Ryzen 5 5600GT with Radeon Graphics","Null Device",False
2026-10-08T04:27:00.1319980Z,bandwidth,bw-m512-t2-v32-r2,bw.error.rawanchored.mean,tiles,80000,512,2,32,10,10,4,5,1,0.824,0.824,0.824,0.824,0.824,"AMD Ryzen 5 5600GT with Radeon Graphics","Null Device",False
2026-10-08T04:27:00.1324450Z,bandwidth,bw-m512-t2-v32-r2,bw.error.rawanchored.p50,tiles,80000,512,2,32,10,10,4,5,1,0.734,0.734,0.734,0.734,0.734,"AMD Ryzen 5 5600GT with Radeon Graphics","Null Device",False
2026-10-08T04:27:00.1328740Z,bandwidth,bw-m512-t2-v32-r2,bw.error.rawanchored.p95,tiles,80000,512,2,32,10,10,4,5,1,1.875,1.875,1.875,1.875,1.875,"AMD Ryzen 5 5600GT with Radeon Graphics","Null Device",False
2026-10-08T04:27:00.1333060Z,bandwidth,bw-m512-t2-v32-r2,bw.error.rawanchored.p99,tiles,80000,512,2,32,10,10,4,5,1,2.391,2.391,2.391,2.391,2.391,"AMD Ryzen 5 5600GT with Radeon Graphics","Null Device",False
2026-10-08T04:27:00.1338000Z,bandwidth,bw-m512-t2-v32-r2,bw.checks.anchored,share,80000,512,2,32,10,10,4,5,1,0.948,0.948,0.948,0.948,0.948,"AMD Ryzen 5 5600GT with Radeon Graphics","Null Device",False
2026-10-08T04:27:00.1342290Z,bandwidth,bw-m512-t2-v32-r2,bw.route.live,waypoints,80000,512,2,32,10,10,4,5,1,3552134,3552134,3552134,3552134,3552134,"AMD Ryzen 5 5600GT with Radeon Graphics","Null Device",False
2026-10-08T04:27:00.1346800Z,bandwidth,bw-m512-t2-v32-r2,bw.route.arena,MB,80000,512,2,32,10,10,4,5,1,32,32,32,32,32,"AMD Ryzen 5 5600GT with Radeon Graphics","Null Device",False
2026-10-08T04:27:04.2669060Z,bandwidth,bw-plan-m1024-t8-v8-r2,bw.snapshot.bytes,KB,80000,1024,8,8,10,10,4,5,8,488.866,484.752,520.898,520.898,520.898,"AMD Ryzen 5 5600GT with Radeon Graphics","Null Device",False
2026-10-08T04:27:04.2770760Z,bandwidth,bw-plan-m1024-t8-v8-r2,bw.snapshot.wire,KB,80000,1024,8,8,10,10,4,5,8,510.619,506.341,544.061,544.061,544.061,"AMD Ryzen 5 5600GT with Radeon Graphics","Null Device",False
2026-10-08T04:27:04.2775760Z,bandwidth,bw-plan-m1024-t8-v8-r2,bw.snapshot.units,units,80000,1024,8,8,10,10,4,5,8,20000,20000,20000,20000,20000,"AMD Ryzen 5 5600GT with Radeon Graphics","Null Device",False
2026-10-08T04:27:04.2780630Z,bandwidth,bw-plan-m1024-t8-v8-r2,bw.snapshot.seconds,s,80000,1024,8,8,10,10,4,5,8,1.995,1.978,2.125,2.125,2.125,"AMD Ryzen 5 5600GT with Radeon Graphics","Null Device",False
2026-10-08T04:27:45.0982840Z,bandwidth,bw-plan-m1024-t8-v8-r2,bw.avg,KB/s,80000,1024,8,8,10,10,4,5,8,634.92,659.477,677.455,678.971,679.35,"AMD Ryzen 5 5600GT with Radeon Graphics","Null Device",False
2026-10-08T04:27:45.0989260Z,bandwidth,bw-plan-m1024-t8-v8-r2,bw.peak1s,KB/s,80000,1024,8,8,10,10,4,5,8,1119.887,1115.338,1165.018,1166.664,1167.075,"AMD Ryzen 5 5600GT with Radeon Graphics","Null Device",False
2026-10-08T04:27:45.0994160Z,bandwidth,bw-plan-m1024-t8-v8-r2,bw.wire.avg,KB/s,80000,1024,8,8,10,10,4,5,8,689.351,716.008,734.866,736.371,736.747,"AMD Ryzen 5 5600GT with Radeon Graphics","Null Device",False
2026-10-08T04:27:45.0998620Z,bandwidth,bw-plan-m1024-t8-v8-r2,bw.wire.peak1s,KB/s,80000,1024,8,8,10,10,4,5,8,1209.037,1204.083,1256.627,1258.36,1258.793,"AMD Ryzen 5 5600GT with Radeon Graphics","Null Device",False
2026-10-08T04:27:45.1003220Z,bandwidth,bw-plan-m1024-t8-v8-r2,bw.encode.ms,ms,80000,1024,8,8,10,10,4,5,1200,2.677,2.762,3.426,3.9,9.868,"AMD Ryzen 5 5600GT with Radeon Graphics","Null Device",False
2026-10-08T04:27:45.1013600Z,bandwidth,bw-plan-m1024-t8-v8-r2,bw.interest.ms,ms,80000,1024,8,8,10,10,4,5,1200,4.972,4.935,5.438,5.647,6.523,"AMD Ryzen 5 5600GT with Radeon Graphics","Null Device",False
2026-10-08T04:27:45.1024160Z,bandwidth,bw-plan-m1024-t8-v8-r2,bw.routes.ms,ms,80000,1024,8,8,10,10,4,5,1200,1.918,0.961,1.427,48.071,93.396,"AMD Ryzen 5 5600GT with Radeon Graphics","Null Device",False
2026-10-08T04:27:45.1034710Z,bandwidth,bw-plan-m1024-t8-v8-r2,bw.routes.deferred,units,80000,1024,8,8,10,10,4,5,1200,0,0,0,0,0,"AMD Ryzen 5 5600GT with Radeon Graphics","Null Device",False
2026-10-08T04:27:45.1058700Z,bandwidth,bw-plan-m1024-t8-v8-r2,bw.bytype.moveorder,share,80000,1024,8,8,10,10,4,5,8,0.042,0.043,0.047,0.048,0.048,"AMD Ryzen 5 5600GT with Radeon Graphics","Null Device",False
2026-10-08T04:27:45.1064290Z,bandwidth,bw-plan-m1024-t8-v8-r2,bw.moveorder,count,80000,1024,8,8,10,10,4,5,8,24207.375,24252.5,25252,25621.6,25714,"AMD Ryzen 5 5600GT with Radeon Graphics","Null Device",False
2026-10-08T04:27:45.1069340Z,bandwidth,bw-plan-m1024-t8-v8-r2,bw.bytype.correction,share,80000,1024,8,8,10,10,4,5,8,0.865,0.86,0.896,0.898,0.899,"AMD Ryzen 5 5600GT with Radeon Graphics","Null Device",False
2026-10-08T04:27:45.1074440Z,bandwidth,bw-plan-m1024-t8-v8-r2,bw.correction,count,80000,1024,8,8,10,10,4,5,8,5641107,5815226.5,5904728.45,5911048.89,5912629,"AMD Ryzen 5 5600GT with Radeon Graphics","Null Device",False
2026-10-08T04:27:45.1079430Z,bandwidth,bw-plan-m1024-t8-v8-r2,bw.bytype.health,share,80000,1024,8,8,10,10,4,5,8,0.008,0.008,0.009,0.009,0.009,"AMD Ryzen 5 5600GT with Radeon Graphics","Null Device",False
2026-10-08T04:27:45.1084520Z,bandwidth,bw-plan-m1024-t8-v8-r2,bw.health,count,80000,1024,8,8,10,10,4,5,8,143830.25,143879.5,147062.95,147080.59,147085,"AMD Ryzen 5 5600GT with Radeon Graphics","Null Device",False
2026-10-08T04:27:45.1089570Z,bandwidth,bw-plan-m1024-t8-v8-r2,bw.bytype.enter,share,80000,1024,8,8,10,10,4,5,8,0.077,0.08,0.108,0.115,0.116,"AMD Ryzen 5 5600GT with Radeon Graphics","Null Device",False
2026-10-08T04:27:45.1094490Z,bandwidth,bw-plan-m1024-t8-v8-r2,bw.enter,count,80000,1024,8,8,10,10,4,5,8,57312.75,59732,72019.3,74483.86,75100,"AMD Ryzen 5 5600GT with Radeon Graphics","Null Device",False
2026-10-08T04:27:45.1099660Z,bandwidth,bw-plan-m1024-t8-v8-r2,bw.bytype.leave,share,80000,1024,8,8,10,10,4,5,8,0.003,0.003,0.004,0.004,0.004,"AMD Ryzen 5 5600GT with Radeon Graphics","Null Device",False
2026-10-08T04:27:45.1104720Z,bandwidth,bw-plan-m1024-t8-v8-r2,bw.leave,count,80000,1024,8,8,10,10,4,5,8,46393.25,48378.5,61285.9,63818.78,64452,"AMD Ryzen 5 5600GT with Radeon Graphics","Null Device",False
2026-10-08T04:27:45.1109600Z,bandwidth,bw-plan-m1024-t8-v8-r2,bw.bytype.explosion,share,80000,1024,8,8,10,10,4,5,8,0.002,0.002,0.002,0.003,0.003,"AMD Ryzen 5 5600GT with Radeon Graphics","Null Device",False
2026-10-08T04:27:45.1114580Z,bandwidth,bw-plan-m1024-t8-v8-r2,bw.explosion,count,80000,1024,8,8,10,10,4,5,8,21000.75,20955,21358.25,21387.65,21395,"AMD Ryzen 5 5600GT with Radeon Graphics","Null Device",False
2026-10-08T04:27:45.1119420Z,bandwidth,bw-plan-m1024-t8-v8-r2,bw.bytype.fogdelta,share,80000,1024,8,8,10,10,4,5,8,0.002,0.002,0.003,0.003,0.003,"AMD Ryzen 5 5600GT with Radeon Graphics","Null Device",False
2026-10-08T04:27:45.1124260Z,bandwidth,bw-plan-m1024-t8-v8-r2,bw.fogdelta,count,80000,1024,8,8,10,10,4,5,8,55929.75,53561,75774,83065.2,84888,"AMD Ryzen 5 5600GT with Radeon Graphics","Null Device",False
2026-10-08T04:27:45.1129340Z,bandwidth,bw-plan-m1024-t8-v8-r2,bw.waypoints,waypoints,80000,1024,8,8,10,10,4,5,1,23.167,23.167,23.167,23.167,23.167,"AMD Ryzen 5 5600GT with Radeon Graphics","Null Device",False
2026-10-08T04:27:45.1134290Z,bandwidth,bw-plan-m1024-t8-v8-r2,bw.waypoints.smoothed,waypoints,80000,1024,8,8,10,10,4,5,1,2.759,2.759,2.759,2.759,2.759,"AMD Ryzen 5 5600GT with Radeon Graphics","Null Device",False
2026-10-08T04:27:45.1139080Z,bandwidth,bw-plan-m1024-t8-v8-r2,bw.waypoints.saved,share,80000,1024,8,8,10,10,4,5,1,0.881,0.881,0.881,0.881,0.881,"AMD Ryzen 5 5600GT with Radeon Graphics","Null Device",False
2026-10-08T04:27:45.1168600Z,bandwidth,bw-plan-m1024-t8-v8-r2,bw.units,units,80000,1024,8,8,10,10,4,5,1,79979,79979,79979,79979,79979,"AMD Ryzen 5 5600GT with Radeon Graphics","Null Device",False
2026-10-08T04:27:45.1214510Z,bandwidth,bw-plan-m1024-t8-v8-r2,bw.units.engaged,share,80000,1024,8,8,10,10,4,5,1,0.033,0.033,0.033,0.033,0.033,"AMD Ryzen 5 5600GT with Radeon Graphics","Null Device",False
2026-10-08T04:27:45.1219690Z,bandwidth,bw-plan-m1024-t8-v8-r2,bw.units.ordered,share,80000,1024,8,8,10,10,4,5,1,0.985,0.985,0.985,0.985,0.985,"AMD Ryzen 5 5600GT with Radeon Graphics","Null Device",False
2026-10-08T04:27:45.1226120Z,bandwidth,bw-plan-m1024-t8-v8-r2,bw.allowed,units,80000,1024,8,8,10,10,4,5,1,10705,10705,10705,10705,10705,"AMD Ryzen 5 5600GT with Radeon Graphics","Null Device",False
2026-10-08T04:27:45.1230970Z,bandwidth,bw-plan-m1024-t8-v8-r2,bw.corrections.perunit,corrections,80000,1024,8,8,10,10,4,5,1,0.421,0.421,0.421,0.421,0.421,"AMD Ryzen 5 5600GT with Radeon Graphics","Null Device",False
2026-10-08T04:27:45.1242450Z,bandwidth,bw-plan-m1024-t8-v8-r2,bw.error.all.mean,tiles,80000,1024,8,8,10,10,4,5,1,0.041,0.041,0.041,0.041,0.041,"AMD Ryzen 5 5600GT with Radeon Graphics","Null Device",False
2026-10-08T04:27:45.1248290Z,bandwidth,bw-plan-m1024-t8-v8-r2,bw.error.all.p50,tiles,80000,1024,8,8,10,10,4,5,1,0.031,0.031,0.031,0.031,0.031,"AMD Ryzen 5 5600GT with Radeon Graphics","Null Device",False
2026-10-08T04:27:45.1253440Z,bandwidth,bw-plan-m1024-t8-v8-r2,bw.error.all.p95,tiles,80000,1024,8,8,10,10,4,5,1,0.188,0.188,0.188,0.188,0.188,"AMD Ryzen 5 5600GT with Radeon Graphics","Null Device",False
2026-10-08T04:27:45.1258560Z,bandwidth,bw-plan-m1024-t8-v8-r2,bw.error.all.p99,tiles,80000,1024,8,8,10,10,4,5,1,0.25,0.25,0.25,0.25,0.25,"AMD Ryzen 5 5600GT with Radeon Graphics","Null Device",False
2026-10-08T04:27:45.1278420Z,bandwidth,bw-plan-m1024-t8-v8-r2,bw.error.view.mean,tiles,80000,1024,8,8,10,10,4,5,1,0.041,0.041,0.041,0.041,0.041,"AMD Ryzen 5 5600GT with Radeon Graphics","Null Device",False
2026-10-08T04:27:45.1283480Z,bandwidth,bw-plan-m1024-t8-v8-r2,bw.error.view.p50,tiles,80000,1024,8,8,10,10,4,5,1,0.031,0.031,0.031,0.031,0.031,"AMD Ryzen 5 5600GT with Radeon Graphics","Null Device",False
2026-10-08T04:27:45.1288260Z,bandwidth,bw-plan-m1024-t8-v8-r2,bw.error.view.p95,tiles,80000,1024,8,8,10,10,4,5,1,0.188,0.188,0.188,0.188,0.188,"AMD Ryzen 5 5600GT with Radeon Graphics","Null Device",False
2026-10-08T04:27:45.1293030Z,bandwidth,bw-plan-m1024-t8-v8-r2,bw.error.view.p99,tiles,80000,1024,8,8,10,10,4,5,1,0.25,0.25,0.25,0.25,0.25,"AMD Ryzen 5 5600GT with Radeon Graphics","Null Device",False
2026-10-08T04:27:45.1298450Z,bandwidth,bw-plan-m1024-t8-v8-r2,bw.error.raw.mean,tiles,80000,1024,8,8,10,10,4,5,1,0.71,0.71,0.71,0.71,0.71,"AMD Ryzen 5 5600GT with Radeon Graphics","Null Device",False
2026-10-08T04:27:45.1303290Z,bandwidth,bw-plan-m1024-t8-v8-r2,bw.error.raw.p50,tiles,80000,1024,8,8,10,10,4,5,1,0.578,0.578,0.578,0.578,0.578,"AMD Ryzen 5 5600GT with Radeon Graphics","Null Device",False
2026-10-08T04:27:45.1308180Z,bandwidth,bw-plan-m1024-t8-v8-r2,bw.error.raw.p95,tiles,80000,1024,8,8,10,10,4,5,1,1.234,1.234,1.234,1.234,1.234,"AMD Ryzen 5 5600GT with Radeon Graphics","Null Device",False
2026-10-08T04:27:45.1313010Z,bandwidth,bw-plan-m1024-t8-v8-r2,bw.error.raw.p99,tiles,80000,1024,8,8,10,10,4,5,1,1.453,1.453,1.453,1.453,1.453,"AMD Ryzen 5 5600GT with Radeon Graphics","Null Device",False
2026-10-08T04:27:45.1318320Z,bandwidth,bw-plan-m1024-t8-v8-r2,bw.error.rawanchored.mean,tiles,80000,1024,8,8,10,10,4,5,1,0.637,0.637,0.637,0.637,0.637,"AMD Ryzen 5 5600GT with Radeon Graphics","Null Device",False
2026-10-08T04:27:45.1323210Z,bandwidth,bw-plan-m1024-t8-v8-r2,bw.error.rawanchored.p50,tiles,80000,1024,8,8,10,10,4,5,1,0.578,0.578,0.578,0.578,0.578,"AMD Ryzen 5 5600GT with Radeon Graphics","Null Device",False
2026-10-08T04:27:45.1328010Z,bandwidth,bw-plan-m1024-t8-v8-r2,bw.error.rawanchored.p95,tiles,80000,1024,8,8,10,10,4,5,1,1.234,1.234,1.234,1.234,1.234,"AMD Ryzen 5 5600GT with Radeon Graphics","Null Device",False
2026-10-08T04:27:45.1332790Z,bandwidth,bw-plan-m1024-t8-v8-r2,bw.error.rawanchored.p99,tiles,80000,1024,8,8,10,10,4,5,1,1.438,1.438,1.438,1.438,1.438,"AMD Ryzen 5 5600GT with Radeon Graphics","Null Device",False
2026-10-08T04:27:45.1338110Z,bandwidth,bw-plan-m1024-t8-v8-r2,bw.checks.anchored,share,80000,1024,8,8,10,10,4,5,1,0.977,0.977,0.977,0.977,0.977,"AMD Ryzen 5 5600GT with Radeon Graphics","Null Device",False
2026-10-08T04:27:45.1343070Z,bandwidth,bw-plan-m1024-t8-v8-r2,bw.route.live,waypoints,80000,1024,8,8,10,10,4,5,1,5444596,5444596,5444596,5444596,5444596,"AMD Ryzen 5 5600GT with Radeon Graphics","Null Device",False
2026-10-08T04:27:45.1347900Z,bandwidth,bw-plan-m1024-t8-v8-r2,bw.route.arena,MB,80000,1024,8,8,10,10,4,5,1,64,64,64,64,64,"AMD Ryzen 5 5600GT with Radeon Graphics","Null Device",False
2026-10-08T04:27:49.2526260Z,bandwidth,bw-m1024-t8-v8-r2,bw.snapshot.bytes,KB,80000,1024,8,8,10,10,4,5,8,488.866,484.752,520.898,520.898,520.898,"AMD Ryzen 5 5600GT with Radeon Graphics","Null Device",False
2026-10-08T04:27:49.2623550Z,bandwidth,bw-m1024-t8-v8-r2,bw.snapshot.wire,KB,80000,1024,8,8,10,10,4,5,8,510.619,506.341,544.061,544.061,544.061,"AMD Ryzen 5 5600GT with Radeon Graphics","Null Device",False
2026-10-08T04:27:49.2628330Z,bandwidth,bw-m1024-t8-v8-r2,bw.snapshot.units,units,80000,1024,8,8,10,10,4,5,8,20000,20000,20000,20000,20000,"AMD Ryzen 5 5600GT with Radeon Graphics","Null Device",False
2026-10-08T04:27:49.2632980Z,bandwidth,bw-m1024-t8-v8-r2,bw.snapshot.seconds,s,80000,1024,8,8,10,10,4,5,8,1.995,1.978,2.125,2.125,2.125,"AMD Ryzen 5 5600GT with Radeon Graphics","Null Device",False
2026-10-08T04:28:29.0431120Z,bandwidth,bw-m1024-t8-v8-r2,bw.avg,KB/s,80000,1024,8,8,10,10,4,5,8,192.685,198.842,216.871,217.88,218.132,"AMD Ryzen 5 5600GT with Radeon Graphics","Null Device",False
2026-10-08T04:28:29.0436430Z,bandwidth,bw-m1024-t8-v8-r2,bw.peak1s,KB/s,80000,1024,8,8,10,10,4,5,8,386.892,378.244,431.838,432.03,432.078,"AMD Ryzen 5 5600GT with Radeon Graphics","Null Device",False
2026-10-08T04:28:29.0440920Z,bandwidth,bw-m1024-t8-v8-r2,bw.wire.avg,KB/s,80000,1024,8,8,10,10,4,5,8,207.547,214.44,233.29,234.07,234.265,"AMD Ryzen 5 5600GT with Radeon Graphics","Null Device",False
2026-10-08T04:28:29.0446350Z,bandwidth,bw-m1024-t8-v8-r2,bw.wire.peak1s,KB/s,80000,1024,8,8,10,10,4,5,8,409.314,400.263,456.551,456.757,456.809,"AMD Ryzen 5 5600GT with Radeon Graphics","Null Device",False
2026-10-08T04:28:29.0451840Z,bandwidth,bw-m1024-t8-v8-r2,bw.encode.ms,ms,80000,1024,8,8,10,10,4,5,1200,1.717,1.73,2.226,2.565,9.111,"AMD Ryzen 5 5600GT with Radeon Graphics","Null Device",False
2026-10-08T04:28:29.0462590Z,bandwidth,bw-m1024-t8-v8-r2,bw.interest.ms,ms,80000,1024,8,8,10,10,4,5,1200,4.943,4.907,5.377,5.551,6.189,"AMD Ryzen 5 5600GT with Radeon Graphics","Null Device",False
2026-10-08T04:28:29.0474450Z,bandwidth,bw-m1024-t8-v8-r2,bw.routes.ms,ms,80000,1024,8,8,10,10,4,5,1200,1.898,0.95,1.379,48.461,95.231,"AMD Ryzen 5 5600GT with Radeon Graphics","Null Device",False
2026-10-08T04:28:29.0488300Z,bandwidth,bw-m1024-t8-v8-r2,bw.routes.deferred,units,80000,1024,8,8,10,10,4,5,1200,0,0,0,0,0,"AMD Ryzen 5 5600GT with Radeon Graphics","Null Device",False
2026-10-08T04:28:29.0512810Z,bandwidth,bw-m1024-t8-v8-r2,bw.bytype.moveorder,share,80000,1024,8,8,10,10,4,5,8,0.137,0.142,0.155,0.155,0.155,"AMD Ryzen 5 5600GT with Radeon Graphics","Null Device",False
2026-10-08T04:28:29.0518000Z,bandwidth,bw-m1024-t8-v8-r2,bw.moveorder,count,80000,1024,8,8,10,10,4,5,8,24207.375,24252.5,25252,25621.6,25714,"AMD Ryzen 5 5600GT with Radeon Graphics","Null Device",False
2026-10-08T04:28:29.0523260Z,bandwidth,bw-m1024-t8-v8-r2,bw.bytype.correction,share,80000,1024,8,8,10,10,4,5,8,0.565,0.531,0.673,0.696,0.701,"AMD Ryzen 5 5600GT with Radeon Graphics","Null Device",False
2026-10-08T04:28:29.0528170Z,bandwidth,bw-m1024-t8-v8-r2,bw.correction,count,80000,1024,8,8,10,10,4,5,8,1340772.625,1308297.5,1680893.7,1706507.54,1712911,"AMD Ryzen 5 5600GT with Radeon Graphics","Null Device",False
2026-10-08T04:28:29.0533140Z,bandwidth,bw-m1024-t8-v8-r2,bw.bytype.health,share,80000,1024,8,8,10,10,4,5,8,0.026,0.024,0.031,0.032,0.032,"AMD Ryzen 5 5600GT with Radeon Graphics","Null Device",False
2026-10-08T04:28:29.0537570Z,bandwidth,bw-m1024-t8-v8-r2,bw.health,count,80000,1024,8,8,10,10,4,5,8,143830.25,143879.5,147062.95,147080.59,147085,"AMD Ryzen 5 5600GT with Radeon Graphics","Null Device",False
2026-10-08T04:28:29.0542040Z,bandwidth,bw-m1024-t8-v8-r2,bw.bytype.enter,share,80000,1024,8,8,10,10,4,5,8,0.248,0.266,0.338,0.351,0.354,"AMD Ryzen 5 5600GT with Radeon Graphics","Null Device",False
2026-10-08T04:28:29.0546410Z,bandwidth,bw-m1024-t8-v8-r2,bw.enter,count,80000,1024,8,8,10,10,4,5,8,57312.75,59732,72019.3,74483.86,75100,"AMD Ryzen 5 5600GT with Radeon Graphics","Null Device",False
2026-10-08T04:28:29.0550830Z,bandwidth,bw-m1024-t8-v8-r2,bw.bytype.leave,share,80000,1024,8,8,10,10,4,5,8,0.01,0.011,0.012,0.013,0.013,"AMD Ryzen 5 5600GT with Radeon Graphics","Null Device",False
2026-10-08T04:28:29.0555160Z,bandwidth,bw-m1024-t8-v8-r2,bw.leave,count,80000,1024,8,8,10,10,4,5,8,46393.25,48378.5,61285.9,63818.78,64452,"AMD Ryzen 5 5600GT with Radeon Graphics","Null Device",False
2026-10-08T04:28:29.0559510Z,bandwidth,bw-m1024-t8-v8-r2,bw.bytype.explosion,share,80000,1024,8,8,10,10,4,5,8,0.007,0.007,0.009,0.009,0.009,"AMD Ryzen 5 5600GT with Radeon Graphics","Null Device",False
2026-10-08T04:28:29.0563970Z,bandwidth,bw-m1024-t8-v8-r2,bw.explosion,count,80000,1024,8,8,10,10,4,5,8,21000.75,20955,21358.25,21387.65,21395,"AMD Ryzen 5 5600GT with Radeon Graphics","Null Device",False
2026-10-08T04:28:29.0568400Z,bandwidth,bw-m1024-t8-v8-r2,bw.bytype.fogdelta,share,80000,1024,8,8,10,10,4,5,8,0.007,0.006,0.011,0.012,0.013,"AMD Ryzen 5 5600GT with Radeon Graphics","Null Device",False
2026-10-08T04:28:29.0572820Z,bandwidth,bw-m1024-t8-v8-r2,bw.fogdelta,count,80000,1024,8,8,10,10,4,5,8,55929.75,53561,75774,83065.2,84888,"AMD Ryzen 5 5600GT with Radeon Graphics","Null Device",False
2026-10-08T04:28:29.0577250Z,bandwidth,bw-m1024-t8-v8-r2,bw.waypoints,waypoints,80000,1024,8,8,10,10,4,5,1,23.167,23.167,23.167,23.167,23.167,"AMD Ryzen 5 5600GT with Radeon Graphics","Null Device",False
2026-10-08T04:28:29.0581580Z,bandwidth,bw-m1024-t8-v8-r2,bw.waypoints.smoothed,waypoints,80000,1024,8,8,10,10,4,5,1,2.759,2.759,2.759,2.759,2.759,"AMD Ryzen 5 5600GT with Radeon Graphics","Null Device",False
2026-10-08T04:28:29.0586060Z,bandwidth,bw-m1024-t8-v8-r2,bw.waypoints.saved,share,80000,1024,8,8,10,10,4,5,1,0.881,0.881,0.881,0.881,0.881,"AMD Ryzen 5 5600GT with Radeon Graphics","Null Device",False
2026-10-08T04:28:29.0616170Z,bandwidth,bw-m1024-t8-v8-r2,bw.units,units,80000,1024,8,8,10,10,4,5,1,79979,79979,79979,79979,79979,"AMD Ryzen 5 5600GT with Radeon Graphics","Null Device",False
2026-10-08T04:28:29.0662610Z,bandwidth,bw-m1024-t8-v8-r2,bw.units.engaged,share,80000,1024,8,8,10,10,4,5,1,0.033,0.033,0.033,0.033,0.033,"AMD Ryzen 5 5600GT with Radeon Graphics","Null Device",False
2026-10-08T04:28:29.0667580Z,bandwidth,bw-m1024-t8-v8-r2,bw.units.ordered,share,80000,1024,8,8,10,10,4,5,1,0.985,0.985,0.985,0.985,0.985,"AMD Ryzen 5 5600GT with Radeon Graphics","Null Device",False
2026-10-08T04:28:29.0674250Z,bandwidth,bw-m1024-t8-v8-r2,bw.allowed,units,80000,1024,8,8,10,10,4,5,1,10705,10705,10705,10705,10705,"AMD Ryzen 5 5600GT with Radeon Graphics","Null Device",False
2026-10-08T04:28:29.0679330Z,bandwidth,bw-m1024-t8-v8-r2,bw.corrections.perunit,corrections,80000,1024,8,8,10,10,4,5,1,0.097,0.097,0.097,0.097,0.097,"AMD Ryzen 5 5600GT with Radeon Graphics","Null Device",False
2026-10-08T04:28:29.0690890Z,bandwidth,bw-m1024-t8-v8-r2,bw.error.all.mean,tiles,80000,1024,8,8,10,10,4,5,1,0.36,0.36,0.36,0.36,0.36,"AMD Ryzen 5 5600GT with Radeon Graphics","Null Device",False
2026-10-08T04:28:29.0696800Z,bandwidth,bw-m1024-t8-v8-r2,bw.error.all.p50,tiles,80000,1024,8,8,10,10,4,5,1,0.078,0.078,0.078,0.078,0.078,"AMD Ryzen 5 5600GT with Radeon Graphics","Null Device",False
2026-10-08T04:28:29.0701800Z,bandwidth,bw-m1024-t8-v8-r2,bw.error.all.p95,tiles,80000,1024,8,8,10,10,4,5,1,1.625,1.625,1.625,1.625,1.625,"AMD Ryzen 5 5600GT with Radeon Graphics","Null Device",False
2026-10-08T04:28:29.0706570Z,bandwidth,bw-m1024-t8-v8-r2,bw.error.all.p99,tiles,80000,1024,8,8,10,10,4,5,1,1.922,1.922,1.922,1.922,1.922,"AMD Ryzen 5 5600GT with Radeon Graphics","Null Device",False
2026-10-08T04:28:29.0726780Z,bandwidth,bw-m1024-t8-v8-r2,bw.error.view.mean,tiles,80000,1024,8,8,10,10,4,5,1,0.065,0.065,0.065,0.065,0.065,"AMD Ryzen 5 5600GT with Radeon Graphics","Null Device",False
2026-10-08T04:28:29.0733570Z,bandwidth,bw-m1024-t8-v8-r2,bw.error.view.p50,tiles,80000,1024,8,8,10,10,4,5,1,0.063,0.063,0.063,0.063,0.063,"AMD Ryzen 5 5600GT with Radeon Graphics","Null Device",False
2026-10-08T04:28:29.0740000Z,bandwidth,bw-m1024-t8-v8-r2,bw.error.view.p95,tiles,80000,1024,8,8,10,10,4,5,1,0.203,0.203,0.203,0.203,0.203,"AMD Ryzen 5 5600GT with Radeon Graphics","Null Device",False
2026-10-08T04:28:29.0746340Z,bandwidth,bw-m1024-t8-v8-r2,bw.error.view.p99,tiles,80000,1024,8,8,10,10,4,5,1,0.25,0.25,0.25,0.25,0.25,"AMD Ryzen 5 5600GT with Radeon Graphics","Null Device",False
2026-10-08T04:28:29.0753860Z,bandwidth,bw-m1024-t8-v8-r2,bw.error.raw.mean,tiles,80000,1024,8,8,10,10,4,5,1,0.756,0.756,0.756,0.756,0.756,"AMD Ryzen 5 5600GT with Radeon Graphics","Null Device",False
2026-10-08T04:28:29.0760400Z,bandwidth,bw-m1024-t8-v8-r2,bw.error.raw.p50,tiles,80000,1024,8,8,10,10,4,5,1,0.656,0.656,0.656,0.656,0.656,"AMD Ryzen 5 5600GT with Radeon Graphics","Null Device",False
2026-10-08T04:28:29.0766920Z,bandwidth,bw-m1024-t8-v8-r2,bw.error.raw.p95,tiles,80000,1024,8,8,10,10,4,5,1,1.781,1.781,1.781,1.781,1.781,"AMD Ryzen 5 5600GT with Radeon Graphics","Null Device",False
2026-10-08T04:28:29.0773380Z,bandwidth,bw-m1024-t8-v8-r2,bw.error.raw.p99,tiles,80000,1024,8,8,10,10,4,5,1,2.313,2.313,2.313,2.313,2.313,"AMD Ryzen 5 5600GT with Radeon Graphics","Null Device",False
2026-10-08T04:28:29.0780640Z,bandwidth,bw-m1024-t8-v8-r2,bw.error.rawanchored.mean,tiles,80000,1024,8,8,10,10,4,5,1,0.757,0.757,0.757,0.757,0.757,"AMD Ryzen 5 5600GT with Radeon Graphics","Null Device",False
2026-10-08T04:28:29.0787280Z,bandwidth,bw-m1024-t8-v8-r2,bw.error.rawanchored.p50,tiles,80000,1024,8,8,10,10,4,5,1,0.656,0.656,0.656,0.656,0.656,"AMD Ryzen 5 5600GT with Radeon Graphics","Null Device",False
2026-10-08T04:28:29.0793770Z,bandwidth,bw-m1024-t8-v8-r2,bw.error.rawanchored.p95,tiles,80000,1024,8,8,10,10,4,5,1,1.781,1.781,1.781,1.781,1.781,"AMD Ryzen 5 5600GT with Radeon Graphics","Null Device",False
2026-10-08T04:28:29.0800210Z,bandwidth,bw-m1024-t8-v8-r2,bw.error.rawanchored.p99,tiles,80000,1024,8,8,10,10,4,5,1,2.313,2.313,2.313,2.313,2.313,"AMD Ryzen 5 5600GT with Radeon Graphics","Null Device",False
2026-10-08T04:28:29.0807570Z,bandwidth,bw-m1024-t8-v8-r2,bw.checks.anchored,share,80000,1024,8,8,10,10,4,5,1,0.943,0.943,0.943,0.943,0.943,"AMD Ryzen 5 5600GT with Radeon Graphics","Null Device",False
2026-10-08T04:28:29.0814630Z,bandwidth,bw-m1024-t8-v8-r2,bw.route.live,waypoints,80000,1024,8,8,10,10,4,5,1,5444596,5444596,5444596,5444596,5444596,"AMD Ryzen 5 5600GT with Radeon Graphics","Null Device",False
2026-10-08T04:28:29.0820380Z,bandwidth,bw-m1024-t8-v8-r2,bw.route.arena,MB,80000,1024,8,8,10,10,4,5,1,64,64,64,64,64,"AMD Ryzen 5 5600GT with Radeon Graphics","Null Device",False
2026-10-08T04:28:33.2028560Z,bandwidth,bw-m1024-t8-v16-r2,bw.snapshot.bytes,KB,80000,1024,8,16,10,10,4,5,8,489.414,485.844,520.898,520.898,520.898,"AMD Ryzen 5 5600GT with Radeon Graphics","Null Device",False
2026-10-08T04:28:33.2127060Z,bandwidth,bw-m1024-t8-v16-r2,bw.snapshot.wire,KB,80000,1024,8,16,10,10,4,5,8,511.186,507.458,544.061,544.061,544.061,"AMD Ryzen 5 5600GT with Radeon Graphics","Null Device",False
2026-10-08T04:28:33.2131850Z,bandwidth,bw-m1024-t8-v16-r2,bw.snapshot.units,units,80000,1024,8,16,10,10,4,5,8,20000,20000,20000,20000,20000,"AMD Ryzen 5 5600GT with Radeon Graphics","Null Device",False
2026-10-08T04:28:33.2136380Z,bandwidth,bw-m1024-t8-v16-r2,bw.snapshot.seconds,s,80000,1024,8,16,10,10,4,5,8,1.997,1.982,2.125,2.125,2.125,"AMD Ryzen 5 5600GT with Radeon Graphics","Null Device",False
2026-10-08T04:29:15.6154130Z,bandwidth,bw-m1024-t8-v16-r2,bw.avg,KB/s,80000,1024,8,16,10,10,4,5,8,220.592,225.712,259.363,261.101,261.535,"AMD Ryzen 5 5600GT with Radeon Graphics","Null Device",False
2026-10-08T04:29:15.6159800Z,bandwidth,bw-m1024-t8-v16-r2,bw.peak1s,KB/s,80000,1024,8,16,10,10,4,5,8,398.124,394.229,435.171,436.574,436.925,"AMD Ryzen 5 5600GT with Radeon Graphics","Null Device",False
2026-10-08T04:29:15.6164910Z,bandwidth,bw-m1024-t8-v16-r2,bw.wire.avg,KB/s,80000,1024,8,16,10,10,4,5,8,236.843,242.535,277.404,279.324,279.805,"AMD Ryzen 5 5600GT with Radeon Graphics","Null Device",False
2026-10-08T04:29:15.6169640Z,bandwidth,bw-m1024-t8-v16-r2,bw.wire.peak1s,KB/s,80000,1024,8,16,10,10,4,5,8,422.356,420.047,460.949,462.824,463.293,"AMD Ryzen 5 5600GT with Radeon Graphics","Null Device",False
2026-10-08T04:29:15.6174340Z,bandwidth,bw-m1024-t8-v16-r2,bw.encode.ms,ms,80000,1024,8,16,10,10,4,5,1200,1.868,1.917,2.454,2.87,9.209,"AMD Ryzen 5 5600GT with Radeon Graphics","Null Device",False
2026-10-08T04:29:15.6183830Z,bandwidth,bw-m1024-t8-v16-r2,bw.interest.ms,ms,80000,1024,8,16,10,10,4,5,1200,5.065,5.035,5.562,5.812,7.636,"AMD Ryzen 5 5600GT with Radeon Graphics","Null Device",False
2026-10-08T04:29:15.6192930Z,bandwidth,bw-m1024-t8-v16-r2,bw.routes.ms,ms,80000,1024,8,16,10,10,4,5,1200,1.909,0.957,1.376,48.702,94.146,"AMD Ryzen 5 5600GT with Radeon Graphics","Null Device",False
2026-10-08T04:29:15.6202080Z,bandwidth,bw-m1024-t8-v16-r2,bw.routes.deferred,units,80000,1024,8,16,10,10,4,5,1200,0,0,0,0,0,"AMD Ryzen 5 5600GT with Radeon Graphics","Null Device",False
2026-10-08T04:29:15.6223010Z,bandwidth,bw-m1024-t8-v16-r2,bw.bytype.moveorder,share,80000,1024,8,16,10,10,4,5,8,0.121,0.124,0.147,0.153,0.154,"AMD Ryzen 5 5600GT with Radeon Graphics","Null Device",False
2026-10-08T04:29:15.6228030Z,bandwidth,bw-m1024-t8-v16-r2,bw.moveorder,count,80000,1024,8,16,10,10,4,5,8,24245.25,24272.5,25260.45,25633.69,25727,"AMD Ryzen 5 5600GT with Radeon Graphics","Null Device",False
2026-10-08T04:29:15.6232660Z,bandwidth,bw-m1024-t8-v16-r2,bw.bytype.correction,share,80000,1024,8,16,10,10,4,5,8,0.515,0.492,0.652,0.683,0.691,"AMD Ryzen 5 5600GT with Radeon Graphics","Null Device",False
2026-10-08T04:29:15.6236950Z,bandwidth,bw-m1024-t8-v16-r2,bw.correction,count,80000,1024,8,16,10,10,4,5,8,1377115.375,1369765,1706839,1722267,1726124,"AMD Ryzen 5 5600GT with Radeon Graphics","Null Device",False
2026-10-08T04:29:15.6241230Z,bandwidth,bw-m1024-t8-v16-r2,bw.bytype.health,share,80000,1024,8,16,10,10,4,5,8,0.023,0.022,0.029,0.032,0.032,"AMD Ryzen 5 5600GT with Radeon Graphics","Null Device",False
2026-10-08T04:29:15.6245690Z,bandwidth,bw-m1024-t8-v16-r2,bw.health,count,80000,1024,8,16,10,10,4,5,8,143848.625,143903.5,147090.1,147105.22,147109,"AMD Ryzen 5 5600GT with Radeon Graphics","Null Device",False
2026-10-08T04:29:15.6249960Z,bandwidth,bw-m1024-t8-v16-r2,bw.bytype.enter,share,80000,1024,8,16,10,10,4,5,8,0.316,0.34,0.423,0.43,0.431,"AMD Ryzen 5 5600GT with Radeon Graphics","Null Device",False
2026-10-08T04:29:15.6254260Z,bandwidth,bw-m1024-t8-v16-r2,bw.enter,count,80000,1024,8,16,10,10,4,5,8,72575.75,74669.5,95465.55,97080.31,97484,"AMD Ryzen 5 5600GT with Radeon Graphics","Null Device",False
2026-10-08T04:29:15.6258510Z,bandwidth,bw-m1024-t8-v16-r2,bw.bytype.leave,share,80000,1024,8,16,10,10,4,5,8,0.011,0.012,0.014,0.014,0.014,"AMD Ryzen 5 5600GT with Radeon Graphics","Null Device",False
2026-10-08T04:29:15.6262790Z,bandwidth,bw-m1024-t8-v16-r2,bw.leave,count,80000,1024,8,16,10,10,4,5,8,60122.875,61699,82563.45,84599.89,85109,"AMD Ryzen 5 5600GT with Radeon Graphics","Null Device",False
2026-10-08T04:29:15.6267250Z,bandwidth,bw-m1024-t8-v16-r2,bw.bytype.explosion,share,80000,1024,8,16,10,10,4,5,8,0.006,0.006,0.008,0.009,0.009,"AMD Ryzen 5 5600GT with Radeon Graphics","Null Device",False
2026-10-08T04:29:15.6271530Z,bandwidth,bw-m1024-t8-v16-r2,bw.explosion,count,80000,1024,8,16,10,10,4,5,8,21003.25,20957,21352.9,21376.98,21383,"AMD Ryzen 5 5600GT with Radeon Graphics","Null Device",False
2026-10-08T04:29:15.6276000Z,bandwidth,bw-m1024-t8-v16-r2,bw.bytype.fogdelta,share,80000,1024,8,16,10,10,4,5,8,0.007,0.006,0.011,0.013,0.013,"AMD Ryzen 5 5600GT with Radeon Graphics","Null Device",False
2026-10-08T04:29:15.6280450Z,bandwidth,bw-m1024-t8-v16-r2,bw.fogdelta,count,80000,1024,8,16,10,10,4,5,8,63037.75,62924,83471.4,89305.48,90764,"AMD Ryzen 5 5600GT with Radeon Graphics","Null Device",False
2026-10-08T04:29:15.6284990Z,bandwidth,bw-m1024-t8-v16-r2,bw.waypoints,waypoints,80000,1024,8,16,10,10,4,5,1,23.167,23.167,23.167,23.167,23.167,"AMD Ryzen 5 5600GT with Radeon Graphics","Null Device",False
2026-10-08T04:29:15.6289250Z,bandwidth,bw-m1024-t8-v16-r2,bw.waypoints.smoothed,waypoints,80000,1024,8,16,10,10,4,5,1,2.759,2.759,2.759,2.759,2.759,"AMD Ryzen 5 5600GT with Radeon Graphics","Null Device",False
2026-10-08T04:29:15.6293690Z,bandwidth,bw-m1024-t8-v16-r2,bw.waypoints.saved,share,80000,1024,8,16,10,10,4,5,1,0.881,0.881,0.881,0.881,0.881,"AMD Ryzen 5 5600GT with Radeon Graphics","Null Device",False
2026-10-08T04:29:15.6320560Z,bandwidth,bw-m1024-t8-v16-r2,bw.units,units,80000,1024,8,16,10,10,4,5,1,79979,79979,79979,79979,79979,"AMD Ryzen 5 5600GT with Radeon Graphics","Null Device",False
2026-10-08T04:29:15.6363240Z,bandwidth,bw-m1024-t8-v16-r2,bw.units.engaged,share,80000,1024,8,16,10,10,4,5,1,0.033,0.033,0.033,0.033,0.033,"AMD Ryzen 5 5600GT with Radeon Graphics","Null Device",False
2026-10-08T04:29:15.6367690Z,bandwidth,bw-m1024-t8-v16-r2,bw.units.ordered,share,80000,1024,8,16,10,10,4,5,1,0.985,0.985,0.985,0.985,0.985,"AMD Ryzen 5 5600GT with Radeon Graphics","Null Device",False
2026-10-08T04:29:15.6373650Z,bandwidth,bw-m1024-t8-v16-r2,bw.allowed,units,80000,1024,8,16,10,10,4,5,1,11611,11611,11611,11611,11611,"AMD Ryzen 5 5600GT with Radeon Graphics","Null Device",False
2026-10-08T04:29:15.6378190Z,bandwidth,bw-m1024-t8-v16-r2,bw.corrections.perunit,corrections,80000,1024,8,16,10,10,4,5,1,0.09,0.09,0.09,0.09,0.09,"AMD Ryzen 5 5600GT with Radeon Graphics","Null Device",False
2026-10-08T04:29:15.6388260Z,bandwidth,bw-m1024-t8-v16-r2,bw.error.all.mean,tiles,80000,1024,8,16,10,10,4,5,1,0.366,0.366,0.366,0.366,0.366,"AMD Ryzen 5 5600GT with Radeon Graphics","Null Device",False
2026-10-08T04:29:15.6393550Z,bandwidth,bw-m1024-t8-v16-r2,bw.error.all.p50,tiles,80000,1024,8,16,10,10,4,5,1,0.078,0.078,0.078,0.078,0.078,"AMD Ryzen 5 5600GT with Radeon Graphics","Null Device",False
2026-10-08T04:29:15.6397980Z,bandwidth,bw-m1024-t8-v16-r2,bw.error.all.p95,tiles,80000,1024,8,16,10,10,4,5,1,1.641,1.641,1.641,1.641,1.641,"AMD Ryzen 5 5600GT with Radeon Graphics","Null Device",False
2026-10-08T04:29:15.6415600Z,bandwidth,bw-m1024-t8-v16-r2,bw.error.all.p99,tiles,80000,1024,8,16,10,10,4,5,1,1.922,1.922,1.922,1.922,1.922,"AMD Ryzen 5 5600GT with Radeon Graphics","Null Device",False
2026-10-08T04:29:15.6420860Z,bandwidth,bw-m1024-t8-v16-r2,bw.error.view.mean,tiles,80000,1024,8,16,10,10,4,5,1,0.065,0.065,0.065,0.065,0.065,"AMD Ryzen 5 5600GT with Radeon Graphics","Null Device",False
2026-10-08T04:29:15.6425590Z,bandwidth,bw-m1024-t8-v16-r2,bw.error.view.p50,tiles,80000,1024,8,16,10,10,4,5,1,0.063,0.063,0.063,0.063,0.063,"AMD Ryzen 5 5600GT with Radeon Graphics","Null Device",False
2026-10-08T04:29:15.6429830Z,bandwidth,bw-m1024-t8-v16-r2,bw.error.view.p95,tiles,80000,1024,8,16,10,10,4,5,1,0.203,0.203,0.203,0.203,0.203,"AMD Ryzen 5 5600GT with Radeon Graphics","Null Device",False
2026-10-08T04:29:15.6434400Z,bandwidth,bw-m1024-t8-v16-r2,bw.error.view.p99,tiles,80000,1024,8,16,10,10,4,5,1,0.25,0.25,0.25,0.25,0.25,"AMD Ryzen 5 5600GT with Radeon Graphics","Null Device",False
2026-10-08T04:29:15.6439310Z,bandwidth,bw-m1024-t8-v16-r2,bw.error.raw.mean,tiles,80000,1024,8,16,10,10,4,5,1,0.756,0.756,0.756,0.756,0.756,"AMD Ryzen 5 5600GT with Radeon Graphics","Null Device",False
2026-10-08T04:29:15.6443820Z,bandwidth,bw-m1024-t8-v16-r2,bw.error.raw.p50,tiles,80000,1024,8,16,10,10,4,5,1,0.656,0.656,0.656,0.656,0.656,"AMD Ryzen 5 5600GT with Radeon Graphics","Null Device",False
2026-10-08T04:29:15.6448030Z,bandwidth,bw-m1024-t8-v16-r2,bw.error.raw.p95,tiles,80000,1024,8,16,10,10,4,5,1,1.781,1.781,1.781,1.781,1.781,"AMD Ryzen 5 5600GT with Radeon Graphics","Null Device",False
2026-10-08T04:29:15.6452300Z,bandwidth,bw-m1024-t8-v16-r2,bw.error.raw.p99,tiles,80000,1024,8,16,10,10,4,5,1,2.313,2.313,2.313,2.313,2.313,"AMD Ryzen 5 5600GT with Radeon Graphics","Null Device",False
2026-10-08T04:29:15.6457250Z,bandwidth,bw-m1024-t8-v16-r2,bw.error.rawanchored.mean,tiles,80000,1024,8,16,10,10,4,5,1,0.757,0.757,0.757,0.757,0.757,"AMD Ryzen 5 5600GT with Radeon Graphics","Null Device",False
2026-10-08T04:29:15.6461490Z,bandwidth,bw-m1024-t8-v16-r2,bw.error.rawanchored.p50,tiles,80000,1024,8,16,10,10,4,5,1,0.656,0.656,0.656,0.656,0.656,"AMD Ryzen 5 5600GT with Radeon Graphics","Null Device",False
2026-10-08T04:29:15.6465720Z,bandwidth,bw-m1024-t8-v16-r2,bw.error.rawanchored.p95,tiles,80000,1024,8,16,10,10,4,5,1,1.781,1.781,1.781,1.781,1.781,"AMD Ryzen 5 5600GT with Radeon Graphics","Null Device",False
2026-10-08T04:29:15.6469890Z,bandwidth,bw-m1024-t8-v16-r2,bw.error.rawanchored.p99,tiles,80000,1024,8,16,10,10,4,5,1,2.313,2.313,2.313,2.313,2.313,"AMD Ryzen 5 5600GT with Radeon Graphics","Null Device",False
2026-10-08T04:29:15.6474880Z,bandwidth,bw-m1024-t8-v16-r2,bw.checks.anchored,share,80000,1024,8,16,10,10,4,5,1,0.943,0.943,0.943,0.943,0.943,"AMD Ryzen 5 5600GT with Radeon Graphics","Null Device",False
2026-10-08T04:29:15.6479100Z,bandwidth,bw-m1024-t8-v16-r2,bw.route.live,waypoints,80000,1024,8,16,10,10,4,5,1,5444596,5444596,5444596,5444596,5444596,"AMD Ryzen 5 5600GT with Radeon Graphics","Null Device",False
2026-10-08T04:29:15.6483620Z,bandwidth,bw-m1024-t8-v16-r2,bw.route.arena,MB,80000,1024,8,16,10,10,4,5,1,64,64,64,64,64,"AMD Ryzen 5 5600GT with Radeon Graphics","Null Device",False
2026-10-08T04:29:19.7945650Z,bandwidth,bw-m1024-t8-v32-r2,bw.snapshot.bytes,KB,80000,1024,8,32,10,10,4,5,8,490.107,487.236,520.898,520.898,520.898,"AMD Ryzen 5 5600GT with Radeon Graphics","Null Device",False
2026-10-08T04:29:19.8041610Z,bandwidth,bw-m1024-t8-v32-r2,bw.snapshot.wire,KB,80000,1024,8,32,10,10,4,5,8,511.911,508.927,544.061,544.061,544.061,"AMD Ryzen 5 5600GT with Radeon Graphics","Null Device",False
2026-10-08T04:29:19.8046560Z,bandwidth,bw-m1024-t8-v32-r2,bw.snapshot.units,units,80000,1024,8,32,10,10,4,5,8,20000,20000,20000,20000,20000,"AMD Ryzen 5 5600GT with Radeon Graphics","Null Device",False
2026-10-08T04:29:19.8051050Z,bandwidth,bw-m1024-t8-v32-r2,bw.snapshot.seconds,s,80000,1024,8,32,10,10,4,5,8,2,1.988,2.125,2.125,2.125,"AMD Ryzen 5 5600GT with Radeon Graphics","Null Device",False
2026-10-08T04:30:05.3346090Z,bandwidth,bw-m1024-t8-v32-r2,bw.avg,KB/s,80000,1024,8,32,10,10,4,5,8,262.839,272.474,310.354,311.261,311.487,"AMD Ryzen 5 5600GT with Radeon Graphics","Null Device",False
2026-10-08T04:30:05.3351570Z,bandwidth,bw-m1024-t8-v32-r2,bw.peak1s,KB/s,80000,1024,8,32,10,10,4,5,8,466.302,450.919,615.223,657.463,668.022,"AMD Ryzen 5 5600GT with Radeon Graphics","Null Device",False
2026-10-08T04:30:05.3356460Z,bandwidth,bw-m1024-t8-v32-r2,bw.wire.avg,KB/s,80000,1024,8,32,10,10,4,5,8,281.096,290.806,330.955,331.894,332.129,"AMD Ryzen 5 5600GT with Radeon Graphics","Null Device",False
2026-10-08T04:30:05.3360950Z,bandwidth,bw-m1024-t8-v32-r2,bw.wire.peak1s,KB/s,80000,1024,8,32,10,10,4,5,8,494.327,478.431,649.871,694.623,705.811,"AMD Ryzen 5 5600GT with Radeon Graphics","Null Device",False
2026-10-08T04:30:05.3365570Z,bandwidth,bw-m1024-t8-v32-r2,bw.encode.ms,ms,80000,1024,8,32,10,10,4,5,1200,2.002,2.123,2.667,3.038,10,"AMD Ryzen 5 5600GT with Radeon Graphics","Null Device",False
2026-10-08T04:30:05.3374640Z,bandwidth,bw-m1024-t8-v32-r2,bw.interest.ms,ms,80000,1024,8,32,10,10,4,5,1200,5.196,5.2,5.741,6.032,6.35,"AMD Ryzen 5 5600GT with Radeon Graphics","Null Device",False
2026-10-08T04:30:05.3383920Z,bandwidth,bw-m1024-t8-v32-r2,bw.routes.ms,ms,80000,1024,8,32,10,10,4,5,1200,1.909,0.951,1.401,48.763,93.899,"AMD Ryzen 5 5600GT with Radeon Graphics","Null Device",False
2026-10-08T04:30:05.3393820Z,bandwidth,bw-m1024-t8-v32-r2,bw.routes.deferred,units,80000,1024,8,32,10,10,4,5,1200,0,0,0,0,0,"AMD Ryzen 5 5600GT with Radeon Graphics","Null Device",False
2026-10-08T04:30:05.3415070Z,bandwidth,bw-m1024-t8-v32-r2,bw.bytype.moveorder,share,80000,1024,8,32,10,10,4,5,8,0.104,0.098,0.134,0.137,0.138,"AMD Ryzen 5 5600GT with Radeon Graphics","Null Device",False
2026-10-08T04:30:05.3419900Z,bandwidth,bw-m1024-t8-v32-r2,bw.moveorder,count,80000,1024,8,32,10,10,4,5,8,24361.625,24384.5,25340.05,25652.81,25731,"AMD Ryzen 5 5600GT with Radeon Graphics","Null Device",False
2026-10-08T04:30:05.3424620Z,bandwidth,bw-m1024-t8-v32-r2,bw.bytype.correction,share,80000,1024,8,32,10,10,4,5,8,0.451,0.409,0.62,0.654,0.662,"AMD Ryzen 5 5600GT with Radeon Graphics","Null Device",False
2026-10-08T04:30:05.3428960Z,bandwidth,bw-m1024-t8-v32-r2,bw.correction,count,80000,1024,8,32,10,10,4,5,8,1407304.375,1404923.5,1730886,1736603.6,1738033,"AMD Ryzen 5 5600GT with Radeon Graphics","Null Device",False
2026-10-08T04:30:05.3433510Z,bandwidth,bw-m1024-t8-v32-r2,bw.bytype.health,share,80000,1024,8,32,10,10,4,5,8,0.019,0.018,0.027,0.028,0.029,"AMD Ryzen 5 5600GT with Radeon Graphics","Null Device",False
2026-10-08T04:30:05.3437880Z,bandwidth,bw-m1024-t8-v32-r2,bw.health,count,80000,1024,8,32,10,10,4,5,8,143855,143908.5,147097.7,147108.34,147111,"AMD Ryzen 5 5600GT with Radeon Graphics","Null Device",False
2026-10-08T04:30:05.3442800Z,bandwidth,bw-m1024-t8-v32-r2,bw.bytype.enter,share,80000,1024,8,32,10,10,4,5,8,0.399,0.44,0.513,0.517,0.518,"AMD Ryzen 5 5600GT with Radeon Graphics","Null Device",False
2026-10-08T04:30:05.3447150Z,bandwidth,bw-m1024-t8-v32-r2,bw.enter,count,80000,1024,8,32,10,10,4,5,8,95587.75,100132,124573.55,125773.91,126074,"AMD Ryzen 5 5600GT with Radeon Graphics","Null Device",False
2026-10-08T04:30:05.3451490Z,bandwidth,bw-m1024-t8-v32-r2,bw.bytype.leave,share,80000,1024,8,32,10,10,4,5,8,0.013,0.013,0.016,0.016,0.016,"AMD Ryzen 5 5600GT with Radeon Graphics","Null Device",False
2026-10-08T04:30:05.3456100Z,bandwidth,bw-m1024-t8-v32-r2,bw.leave,count,80000,1024,8,32,10,10,4,5,8,81753.5,85976.5,110681.5,112157.1,112526,"AMD Ryzen 5 5600GT with Radeon Graphics","Null Device",False
2026-10-08T04:30:05.3461130Z,bandwidth,bw-m1024-t8-v32-r2,bw.bytype.explosion,share,80000,1024,8,32,10,10,4,5,8,0.005,0.005,0.008,0.008,0.008,"AMD Ryzen 5 5600GT with Radeon Graphics","Null Device",False
2026-10-08T04:30:05.3467970Z,bandwidth,bw-m1024-t8-v32-r2,bw.explosion,count,80000,1024,8,32,10,10,4,5,8,21013,20957.5,21397.1,21440.22,21451,"AMD Ryzen 5 5600GT with Radeon Graphics","Null Device",False
2026-10-08T04:30:05.3472940Z,bandwidth,bw-m1024-t8-v32-r2,bw.bytype.fogdelta,share,80000,1024,8,32,10,10,4,5,8,0.008,0.007,0.014,0.015,0.016,"AMD Ryzen 5 5600GT with Radeon Graphics","Null Device",False
2026-10-08T04:30:05.3477390Z,bandwidth,bw-m1024-t8-v32-r2,bw.fogdelta,count,80000,1024,8,32,10,10,4,5,8,84946.125,85893.5,114067.15,121865.43,123815,"AMD Ryzen 5 5600GT with Radeon Graphics","Null Device",False
2026-10-08T04:30:05.3481890Z,bandwidth,bw-m1024-t8-v32-r2,bw.waypoints,waypoints,80000,1024,8,32,10,10,4,5,1,23.167,23.167,23.167,23.167,23.167,"AMD Ryzen 5 5600GT with Radeon Graphics","Null Device",False
2026-10-08T04:30:05.3486230Z,bandwidth,bw-m1024-t8-v32-r2,bw.waypoints.smoothed,waypoints,80000,1024,8,32,10,10,4,5,1,2.759,2.759,2.759,2.759,2.759,"AMD Ryzen 5 5600GT with Radeon Graphics","Null Device",False
2026-10-08T04:30:05.3490490Z,bandwidth,bw-m1024-t8-v32-r2,bw.waypoints.saved,share,80000,1024,8,32,10,10,4,5,1,0.881,0.881,0.881,0.881,0.881,"AMD Ryzen 5 5600GT with Radeon Graphics","Null Device",False
2026-10-08T04:30:05.3517110Z,bandwidth,bw-m1024-t8-v32-r2,bw.units,units,80000,1024,8,32,10,10,4,5,1,79979,79979,79979,79979,79979,"AMD Ryzen 5 5600GT with Radeon Graphics","Null Device",False
2026-10-08T04:30:05.3558280Z,bandwidth,bw-m1024-t8-v32-r2,bw.units.engaged,share,80000,1024,8,32,10,10,4,5,1,0.033,0.033,0.033,0.033,0.033,"AMD Ryzen 5 5600GT with Radeon Graphics","Null Device",False
2026-10-08T04:30:05.3562770Z,bandwidth,bw-m1024-t8-v32-r2,bw.units.ordered,share,80000,1024,8,32,10,10,4,5,1,0.985,0.985,0.985,0.985,0.985,"AMD Ryzen 5 5600GT with Radeon Graphics","Null Device",False
2026-10-08T04:30:05.3569350Z,bandwidth,bw-m1024-t8-v32-r2,bw.allowed,units,80000,1024,8,32,10,10,4,5,1,12741,12741,12741,12741,12741,"AMD Ryzen 5 5600GT with Radeon Graphics","Null Device",False
2026-10-08T04:30:05.3576690Z,bandwidth,bw-m1024-t8-v32-r2,bw.corrections.perunit,corrections,80000,1024,8,32,10,10,4,5,1,0.084,0.084,0.084,0.084,0.084,"AMD Ryzen 5 5600GT with Radeon Graphics","Null Device",False
2026-10-08T04:30:05.3592470Z,bandwidth,bw-m1024-t8-v32-r2,bw.error.all.mean,tiles,80000,1024,8,32,10,10,4,5,1,0.376,0.376,0.376,0.376,0.376,"AMD Ryzen 5 5600GT with Radeon Graphics","Null Device",False
2026-10-08T04:30:05.3600620Z,bandwidth,bw-m1024-t8-v32-r2,bw.error.all.p50,tiles,80000,1024,8,32,10,10,4,5,1,0.078,0.078,0.078,0.078,0.078,"AMD Ryzen 5 5600GT with Radeon Graphics","Null Device",False
2026-10-08T04:30:05.3607860Z,bandwidth,bw-m1024-t8-v32-r2,bw.error.all.p95,tiles,80000,1024,8,32,10,10,4,5,1,1.656,1.656,1.656,1.656,1.656,"AMD Ryzen 5 5600GT with Radeon Graphics","Null Device",False
2026-10-08T04:30:05.3614980Z,bandwidth,bw-m1024-t8-v32-r2,bw.error.all.p99,tiles,80000,1024,8,32,10,10,4,5,1,1.938,1.938,1.938,1.938,1.938,"AMD Ryzen 5 5600GT with Radeon Graphics","Null Device",False
2026-10-08T04:30:05.3643020Z,bandwidth,bw-m1024-t8-v32-r2,bw.error.view.mean,tiles,80000,1024,8,32,10,10,4,5,1,0.065,0.065,0.065,0.065,0.065,"AMD Ryzen 5 5600GT with Radeon Graphics","Null Device",False
2026-10-08T04:30:05.3650160Z,bandwidth,bw-m1024-t8-v32-r2,bw.error.view.p50,tiles,80000,1024,8,32,10,10,4,5,1,0.063,0.063,0.063,0.063,0.063,"AMD Ryzen 5 5600GT with Radeon Graphics","Null Device",False
2026-10-08T04:30:05.3657110Z,bandwidth,bw-m1024-t8-v32-r2,bw.error.view.p95,tiles,80000,1024,8,32,10,10,4,5,1,0.203,0.203,0.203,0.203,0.203,"AMD Ryzen 5 5600GT with Radeon Graphics","Null Device",False
2026-10-08T04:30:05.3664060Z,bandwidth,bw-m1024-t8-v32-r2,bw.error.view.p99,tiles,80000,1024,8,32,10,10,4,5,1,0.25,0.25,0.25,0.25,0.25,"AMD Ryzen 5 5600GT with Radeon Graphics","Null Device",False
2026-10-08T04:30:05.3671870Z,bandwidth,bw-m1024-t8-v32-r2,bw.error.raw.mean,tiles,80000,1024,8,32,10,10,4,5,1,0.756,0.756,0.756,0.756,0.756,"AMD Ryzen 5 5600GT with Radeon Graphics","Null Device",False
2026-10-08T04:30:05.3677990Z,bandwidth,bw-m1024-t8-v32-r2,bw.error.raw.p50,tiles,80000,1024,8,32,10,10,4,5,1,0.656,0.656,0.656,0.656,0.656,"AMD Ryzen 5 5600GT with Radeon Graphics","Null Device",False
2026-10-08T04:30:05.3683540Z,bandwidth,bw-m1024-t8-v32-r2,bw.error.raw.p95,tiles,80000,1024,8,32,10,10,4,5,1,1.781,1.781,1.781,1.781,1.781,"AMD Ryzen 5 5600GT with Radeon Graphics","Null Device",False
2026-10-08T04:30:05.3687900Z,bandwidth,bw-m1024-t8-v32-r2,bw.error.raw.p99,tiles,80000,1024,8,32,10,10,4,5,1,2.313,2.313,2.313,2.313,2.313,"AMD Ryzen 5 5600GT with Radeon Graphics","Null Device",False
2026-10-08T04:30:05.3692880Z,bandwidth,bw-m1024-t8-v32-r2,bw.error.rawanchored.mean,tiles,80000,1024,8,32,10,10,4,5,1,0.757,0.757,0.757,0.757,0.757,"AMD Ryzen 5 5600GT with Radeon Graphics","Null Device",False
2026-10-08T04:30:05.3697230Z,bandwidth,bw-m1024-t8-v32-r2,bw.error.rawanchored.p50,tiles,80000,1024,8,32,10,10,4,5,1,0.656,0.656,0.656,0.656,0.656,"AMD Ryzen 5 5600GT with Radeon Graphics","Null Device",False
2026-10-08T04:30:05.3701430Z,bandwidth,bw-m1024-t8-v32-r2,bw.error.rawanchored.p95,tiles,80000,1024,8,32,10,10,4,5,1,1.781,1.781,1.781,1.781,1.781,"AMD Ryzen 5 5600GT with Radeon Graphics","Null Device",False
2026-10-08T04:30:05.3705720Z,bandwidth,bw-m1024-t8-v32-r2,bw.error.rawanchored.p99,tiles,80000,1024,8,32,10,10,4,5,1,2.313,2.313,2.313,2.313,2.313,"AMD Ryzen 5 5600GT with Radeon Graphics","Null Device",False
2026-10-08T04:30:05.3710450Z,bandwidth,bw-m1024-t8-v32-r2,bw.checks.anchored,share,80000,1024,8,32,10,10,4,5,1,0.943,0.943,0.943,0.943,0.943,"AMD Ryzen 5 5600GT with Radeon Graphics","Null Device",False
2026-10-08T04:30:05.3714840Z,bandwidth,bw-m1024-t8-v32-r2,bw.route.live,waypoints,80000,1024,8,32,10,10,4,5,1,5444596,5444596,5444596,5444596,5444596,"AMD Ryzen 5 5600GT with Radeon Graphics","Null Device",False
2026-10-08T04:30:05.3719120Z,bandwidth,bw-m1024-t8-v32-r2,bw.route.arena,MB,80000,1024,8,32,10,10,4,5,1,64,64,64,64,64,"AMD Ryzen 5 5600GT with Radeon Graphics","Null Device",False
2026-10-08T04:30:09.5146990Z,bandwidth,bw-plan-m1024-t2-v8-r2,bw.snapshot.bytes,KB,80000,1024,2,8,10,10,4,5,8,983.205,983.205,1019.942,1019.942,1019.942,"AMD Ryzen 5 5600GT with Radeon Graphics","Null Device",False
2026-10-08T04:30:09.5240400Z,bandwidth,bw-plan-m1024-t2-v8-r2,bw.snapshot.wire,KB,80000,1024,2,8,10,10,4,5,8,1026.916,1026.916,1065.305,1065.305,1065.305,"AMD Ryzen 5 5600GT with Radeon Graphics","Null Device",False
2026-10-08T04:30:09.5245440Z,bandwidth,bw-plan-m1024-t2-v8-r2,bw.snapshot.units,units,80000,1024,2,8,10,10,4,5,8,40000,40000,40000,40000,40000,"AMD Ryzen 5 5600GT with Radeon Graphics","Null Device",False
2026-10-08T04:30:09.5250170Z,bandwidth,bw-plan-m1024-t2-v8-r2,bw.snapshot.seconds,s,80000,1024,2,8,10,10,4,5,8,4.011,4.011,4.161,4.161,4.161,"AMD Ryzen 5 5600GT with Radeon Graphics","Null Device",False
2026-10-08T04:30:52.4476030Z,bandwidth,bw-plan-m1024-t2-v8-r2,bw.avg,KB/s,80000,1024,2,8,10,10,4,5,8,1923.717,1923.717,1965.811,1965.811,1965.811,"AMD Ryzen 5 5600GT with Radeon Graphics","Null Device",False
2026-10-08T04:30:52.4482510Z,bandwidth,bw-plan-m1024-t2-v8-r2,bw.peak1s,KB/s,80000,1024,2,8,10,10,4,5,8,2331.895,2331.895,2337.192,2337.192,2337.192,"AMD Ryzen 5 5600GT with Radeon Graphics","Null Device",False
2026-10-08T04:30:52.4489610Z,bandwidth,bw-plan-m1024-t2-v8-r2,bw.wire.avg,KB/s,80000,1024,2,8,10,10,4,5,8,2091.723,2091.723,2137.896,2137.896,2137.896,"AMD Ryzen 5 5600GT with Radeon Graphics","Null Device",False
2026-10-08T04:30:52.4495270Z,bandwidth,bw-plan-m1024-t2-v8-r2,bw.wire.peak1s,KB/s,80000,1024,2,8,10,10,4,5,8,2515.34,2515.34,2520.7,2520.7,2520.7,"AMD Ryzen 5 5600GT with Radeon Graphics","Null Device",False
2026-10-08T04:30:52.4502030Z,bandwidth,bw-plan-m1024-t2-v8-r2,bw.encode.ms,ms,80000,1024,2,8,10,10,4,5,1200,7.952,8.648,9.923,10.409,17.863,"AMD Ryzen 5 5600GT with Radeon Graphics","Null Device",False
2026-10-08T04:30:52.4515870Z,bandwidth,bw-plan-m1024-t2-v8-r2,bw.interest.ms,ms,80000,1024,2,8,10,10,4,5,1200,2.291,2.207,2.94,3.336,3.703,"AMD Ryzen 5 5600GT with Radeon Graphics","Null Device",False
2026-10-08T04:30:52.4529990Z,bandwidth,bw-plan-m1024-t2-v8-r2,bw.routes.ms,ms,80000,1024,2,8,10,10,4,5,1200,1.943,0.986,1.439,49.575,95.095,"AMD Ryzen 5 5600GT with Radeon Graphics","Null Device",False
2026-10-08T04:30:52.4544110Z,bandwidth,bw-plan-m1024-t2-v8-r2,bw.routes.deferred,units,80000,1024,2,8,10,10,4,5,1200,0,0,0,0,0,"AMD Ryzen 5 5600GT with Radeon Graphics","Null Device",False
2026-10-08T04:30:52.4564880Z,bandwidth,bw-plan-m1024-t2-v8-r2,bw.bytype.moveorder,share,80000,1024,2,8,10,10,4,5,8,0.044,0.044,0.046,0.046,0.046,"AMD Ryzen 5 5600GT with Radeon Graphics","Null Device",False
2026-10-08T04:30:52.4569670Z,bandwidth,bw-plan-m1024-t2-v8-r2,bw.moveorder,count,80000,1024,2,8,10,10,4,5,8,69001.5,69001.5,69261,69261,69261,"AMD Ryzen 5 5600GT with Radeon Graphics","Null Device",False
2026-10-08T04:30:52.4574200Z,bandwidth,bw-plan-m1024-t2-v8-r2,bw.bytype.correction,share,80000,1024,2,8,10,10,4,5,8,0.934,0.934,0.938,0.938,0.938,"AMD Ryzen 5 5600GT with Radeon Graphics","Null Device",False
2026-10-08T04:30:52.4578490Z,bandwidth,bw-plan-m1024-t2-v8-r2,bw.correction,count,80000,1024,2,8,10,10,4,5,8,18418769.5,18418769.5,18888136,18888136,18888136,"AMD Ryzen 5 5600GT with Radeon Graphics","Null Device",False
2026-10-08T04:30:52.4582970Z,bandwidth,bw-plan-m1024-t2-v8-r2,bw.bytype.health,share,80000,1024,2,8,10,10,4,5,8,0.005,0.005,0.005,0.005,0.005,"AMD Ryzen 5 5600GT with Radeon Graphics","Null Device",False
2026-10-08T04:30:52.4587240Z,bandwidth,bw-plan-m1024-t2-v8-r2,bw.health,count,80000,1024,2,8,10,10,4,5,8,287747,287747,287845,287845,287845,"AMD Ryzen 5 5600GT with Radeon Graphics","Null Device",False
2026-10-08T04:30:52.4591480Z,bandwidth,bw-plan-m1024-t2-v8-r2,bw.bytype.enter,share,80000,1024,2,8,10,10,4,5,8,0.013,0.013,0.014,0.014,0.014,"AMD Ryzen 5 5600GT with Radeon Graphics","Null Device",False
2026-10-08T04:30:52.4595810Z,bandwidth,bw-plan-m1024-t2-v8-r2,bw.enter,count,80000,1024,2,8,10,10,4,5,8,82027,82027,82563,82563,82563,"AMD Ryzen 5 5600GT with Radeon Graphics","Null Device",False
2026-10-08T04:30:52.4600060Z,bandwidth,bw-plan-m1024-t2-v8-r2,bw.bytype.leave,share,80000,1024,2,8,10,10,4,5,8,0.001,0.001,0.001,0.001,0.001,"AMD Ryzen 5 5600GT with Radeon Graphics","Null Device",False
2026-10-08T04:30:52.4604550Z,bandwidth,bw-plan-m1024-t2-v8-r2,bw.leave,count,80000,1024,2,8,10,10,4,5,8,42038.5,42038.5,42578,42578,42578,"AMD Ryzen 5 5600GT with Radeon Graphics","Null Device",False
2026-10-08T04:30:52.4608820Z,bandwidth,bw-plan-m1024-t2-v8-r2,bw.bytype.explosion,share,80000,1024,2,8,10,10,4,5,8,0.001,0.001,0.001,0.001,0.001,"AMD Ryzen 5 5600GT with Radeon Graphics","Null Device",False
2026-10-08T04:30:52.4613150Z,bandwidth,bw-plan-m1024-t2-v8-r2,bw.explosion,count,80000,1024,2,8,10,10,4,5,8,41939,41939,42381,42381,42381,"AMD Ryzen 5 5600GT with Radeon Graphics","Null Device",False
2026-10-08T04:30:52.4618540Z,bandwidth,bw-plan-m1024-t2-v8-r2,bw.bytype.fogdelta,share,80000,1024,2,8,10,10,4,5,8,0.002,0.002,0.002,0.002,0.002,"AMD Ryzen 5 5600GT with Radeon Graphics","Null Device",False
2026-10-08T04:30:52.4623060Z,bandwidth,bw-plan-m1024-t2-v8-r2,bw.fogdelta,count,80000,1024,2,8,10,10,4,5,8,155819.5,155819.5,183390,183390,183390,"AMD Ryzen 5 5600GT with Radeon Graphics","Null Device",False
2026-10-08T04:30:52.4627480Z,bandwidth,bw-plan-m1024-t2-v8-r2,bw.waypoints,waypoints,80000,1024,2,8,10,10,4,5,1,23.167,23.167,23.167,23.167,23.167,"AMD Ryzen 5 5600GT with Radeon Graphics","Null Device",False
2026-10-08T04:30:52.4631990Z,bandwidth,bw-plan-m1024-t2-v8-r2,bw.waypoints.smoothed,waypoints,80000,1024,2,8,10,10,4,5,1,2.759,2.759,2.759,2.759,2.759,"AMD Ryzen 5 5600GT with Radeon Graphics","Null Device",False
2026-10-08T04:30:52.4636270Z,bandwidth,bw-plan-m1024-t2-v8-r2,bw.waypoints.saved,share,80000,1024,2,8,10,10,4,5,1,0.881,0.881,0.881,0.881,0.881,"AMD Ryzen 5 5600GT with Radeon Graphics","Null Device",False
2026-10-08T04:30:52.4676630Z,bandwidth,bw-plan-m1024-t2-v8-r2,bw.units,units,80000,1024,2,8,10,10,4,5,1,79979,79979,79979,79979,79979,"AMD Ryzen 5 5600GT with Radeon Graphics","Null Device",False
2026-10-08T04:30:52.4743530Z,bandwidth,bw-plan-m1024-t2-v8-r2,bw.units.engaged,share,80000,1024,2,8,10,10,4,5,1,0.033,0.033,0.033,0.033,0.033,"AMD Ryzen 5 5600GT with Radeon Graphics","Null Device",False
2026-10-08T04:30:52.4749100Z,bandwidth,bw-plan-m1024-t2-v8-r2,bw.units.ordered,share,80000,1024,2,8,10,10,4,5,1,0.985,0.985,0.985,0.985,0.985,"AMD Ryzen 5 5600GT with Radeon Graphics","Null Device",False
2026-10-08T04:30:52.4755610Z,bandwidth,bw-plan-m1024-t2-v8-r2,bw.allowed,units,80000,1024,2,8,10,10,4,5,1,39992,39992,39992,39992,39992,"AMD Ryzen 5 5600GT with Radeon Graphics","Null Device",False
2026-10-08T04:30:52.4760220Z,bandwidth,bw-plan-m1024-t2-v8-r2,bw.corrections.perunit,corrections,80000,1024,2,8,10,10,4,5,1,0.394,0.394,0.394,0.394,0.394,"AMD Ryzen 5 5600GT with Radeon Graphics","Null Device",False
2026-10-08T04:30:52.4770390Z,bandwidth,bw-plan-m1024-t2-v8-r2,bw.error.all.mean,tiles,80000,1024,2,8,10,10,4,5,1,0.04,0.04,0.04,0.04,0.04,"AMD Ryzen 5 5600GT with Radeon Graphics","Null Device",False
2026-10-08T04:30:52.4775690Z,bandwidth,bw-plan-m1024-t2-v8-r2,bw.error.all.p50,tiles,80000,1024,2,8,10,10,4,5,1,0.031,0.031,0.031,0.031,0.031,"AMD Ryzen 5 5600GT with Radeon Graphics","Null Device",False
2026-10-08T04:30:52.4780110Z,bandwidth,bw-plan-m1024-t2-v8-r2,bw.error.all.p95,tiles,80000,1024,2,8,10,10,4,5,1,0.188,0.188,0.188,0.188,0.188,"AMD Ryzen 5 5600GT with Radeon Graphics","Null Device",False
2026-10-08T04:30:52.4784430Z,bandwidth,bw-plan-m1024-t2-v8-r2,bw.error.all.p99,tiles,80000,1024,2,8,10,10,4,5,1,0.25,0.25,0.25,0.25,0.25,"AMD Ryzen 5 5600GT with Radeon Graphics","Null Device",False
2026-10-08T04:30:52.4789260Z,bandwidth,bw-plan-m1024-t2-v8-r2,bw.error.view.mean,tiles,80000,1024,2,8,10,10,4,5,1,0.04,0.04,0.04,0.04,0.04,"AMD Ryzen 5 5600GT with Radeon Graphics","Null Device",False
2026-10-08T04:30:52.4793820Z,bandwidth,bw-plan-m1024-t2-v8-r2,bw.error.view.p50,tiles,80000,1024,2,8,10,10,4,5,1,0.031,0.031,0.031,0.031,0.031,"AMD Ryzen 5 5600GT with Radeon Graphics","Null Device",False
2026-10-08T04:30:52.4798010Z,bandwidth,bw-plan-m1024-t2-v8-r2,bw.error.view.p95,tiles,80000,1024,2,8,10,10,4,5,1,0.188,0.188,0.188,0.188,0.188,"AMD Ryzen 5 5600GT with Radeon Graphics","Null Device",False
2026-10-08T04:30:52.4802320Z,bandwidth,bw-plan-m1024-t2-v8-r2,bw.error.view.p99,tiles,80000,1024,2,8,10,10,4,5,1,0.25,0.25,0.25,0.25,0.25,"AMD Ryzen 5 5600GT with Radeon Graphics","Null Device",False
2026-10-08T04:30:52.4807180Z,bandwidth,bw-plan-m1024-t2-v8-r2,bw.error.raw.mean,tiles,80000,1024,2,8,10,10,4,5,1,0.659,0.659,0.659,0.659,0.659,"AMD Ryzen 5 5600GT with Radeon Graphics","Null Device",False
2026-10-08T04:30:52.4811430Z,bandwidth,bw-plan-m1024-t2-v8-r2,bw.error.raw.p50,tiles,80000,1024,2,8,10,10,4,5,1,0.625,0.625,0.625,0.625,0.625,"AMD Ryzen 5 5600GT with Radeon Graphics","Null Device",False
2026-10-08T04:30:52.4815680Z,bandwidth,bw-plan-m1024-t2-v8-r2,bw.error.raw.p95,tiles,80000,1024,2,8,10,10,4,5,1,1.25,1.25,1.25,1.25,1.25,"AMD Ryzen 5 5600GT with Radeon Graphics","Null Device",False
2026-10-08T04:30:52.4822190Z,bandwidth,bw-plan-m1024-t2-v8-r2,bw.error.raw.p99,tiles,80000,1024,2,8,10,10,4,5,1,1.438,1.438,1.438,1.438,1.438,"AMD Ryzen 5 5600GT with Radeon Graphics","Null Device",False
2026-10-08T04:30:52.4829470Z,bandwidth,bw-plan-m1024-t2-v8-r2,bw.error.rawanchored.mean,tiles,80000,1024,2,8,10,10,4,5,1,0.665,0.665,0.665,0.665,0.665,"AMD Ryzen 5 5600GT with Radeon Graphics","Null Device",False
2026-10-08T04:30:52.4836060Z,bandwidth,bw-plan-m1024-t2-v8-r2,bw.error.rawanchored.p50,tiles,80000,1024,2,8,10,10,4,5,1,0.641,0.641,0.641,0.641,0.641,"AMD Ryzen 5 5600GT with Radeon Graphics","Null Device",False
2026-10-08T04:30:52.4842680Z,bandwidth,bw-plan-m1024-t2-v8-r2,bw.error.rawanchored.p95,tiles,80000,1024,2,8,10,10,4,5,1,1.25,1.25,1.25,1.25,1.25,"AMD Ryzen 5 5600GT with Radeon Graphics","Null Device",False
2026-10-08T04:30:52.4849190Z,bandwidth,bw-plan-m1024-t2-v8-r2,bw.error.rawanchored.p99,tiles,80000,1024,2,8,10,10,4,5,1,1.438,1.438,1.438,1.438,1.438,"AMD Ryzen 5 5600GT with Radeon Graphics","Null Device",False
2026-10-08T04:30:52.4856840Z,bandwidth,bw-plan-m1024-t2-v8-r2,bw.checks.anchored,share,80000,1024,2,8,10,10,4,5,1,0.981,0.981,0.981,0.981,0.981,"AMD Ryzen 5 5600GT with Radeon Graphics","Null Device",False
2026-10-08T04:30:52.4863390Z,bandwidth,bw-plan-m1024-t2-v8-r2,bw.route.live,waypoints,80000,1024,2,8,10,10,4,5,1,5444596,5444596,5444596,5444596,5444596,"AMD Ryzen 5 5600GT with Radeon Graphics","Null Device",False
2026-10-08T04:30:52.4869900Z,bandwidth,bw-plan-m1024-t2-v8-r2,bw.route.arena,MB,80000,1024,2,8,10,10,4,5,1,64,64,64,64,64,"AMD Ryzen 5 5600GT with Radeon Graphics","Null Device",False
2026-10-08T04:30:56.5695890Z,bandwidth,bw-m1024-t2-v8-r2,bw.snapshot.bytes,KB,80000,1024,2,8,10,10,4,5,8,983.205,983.205,1019.942,1019.942,1019.942,"AMD Ryzen 5 5600GT with Radeon Graphics","Null Device",False
2026-10-08T04:30:56.5792680Z,bandwidth,bw-m1024-t2-v8-r2,bw.snapshot.wire,KB,80000,1024,2,8,10,10,4,5,8,1026.916,1026.916,1065.305,1065.305,1065.305,"AMD Ryzen 5 5600GT with Radeon Graphics","Null Device",False
2026-10-08T04:30:56.5797490Z,bandwidth,bw-m1024-t2-v8-r2,bw.snapshot.units,units,80000,1024,2,8,10,10,4,5,8,40000,40000,40000,40000,40000,"AMD Ryzen 5 5600GT with Radeon Graphics","Null Device",False
2026-10-08T04:30:56.5801950Z,bandwidth,bw-m1024-t2-v8-r2,bw.snapshot.seconds,s,80000,1024,2,8,10,10,4,5,8,4.011,4.011,4.161,4.161,4.161,"AMD Ryzen 5 5600GT with Radeon Graphics","Null Device",False
2026-10-08T04:31:34.1759520Z,bandwidth,bw-m1024-t2-v8-r2,bw.avg,KB/s,80000,1024,2,8,10,10,4,5,8,276.788,272.817,303.653,307.036,307.882,"AMD Ryzen 5 5600GT with Radeon Graphics","Null Device",False
2026-10-08T04:31:34.1765470Z,bandwidth,bw-m1024-t2-v8-r2,bw.peak1s,KB/s,80000,1024,2,8,10,10,4,5,8,706.331,703.814,742.9,742.969,742.986,"AMD Ryzen 5 5600GT with Radeon Graphics","Null Device",False
2026-10-08T04:31:34.1770250Z,bandwidth,bw-m1024-t2-v8-r2,bw.wire.avg,KB/s,80000,1024,2,8,10,10,4,5,8,297.363,293.12,326.515,330.024,330.902,"AMD Ryzen 5 5600GT with Radeon Graphics","Null Device",False
2026-10-08T04:31:34.1774980Z,bandwidth,bw-m1024-t2-v8-r2,bw.wire.peak1s,KB/s,80000,1024,2,8,10,10,4,5,8,743.594,740.832,782.303,782.372,782.39,"AMD Ryzen 5 5600GT with Radeon Graphics","Null Device",False
2026-10-08T04:31:34.1779690Z,bandwidth,bw-m1024-t2-v8-r2,bw.encode.ms,ms,80000,1024,2,8,10,10,4,5,1200,3.572,3.833,4.691,5.269,14.329,"AMD Ryzen 5 5600GT with Radeon Graphics","Null Device",False
2026-10-08T04:31:34.1789210Z,bandwidth,bw-m1024-t2-v8-r2,bw.interest.ms,ms,80000,1024,2,8,10,10,4,5,1200,2.281,2.193,2.964,3.34,4.13,"AMD Ryzen 5 5600GT with Radeon Graphics","Null Device",False
2026-10-08T04:31:34.1799410Z,bandwidth,bw-m1024-t2-v8-r2,bw.routes.ms,ms,80000,1024,2,8,10,10,4,5,1200,1.927,0.973,1.413,49.002,96.946,"AMD Ryzen 5 5600GT with Radeon Graphics","Null Device",False
2026-10-08T04:31:34.1809570Z,bandwidth,bw-m1024-t2-v8-r2,bw.routes.deferred,units,80000,1024,2,8,10,10,4,5,1200,0,0,0,0,0,"AMD Ryzen 5 5600GT with Radeon Graphics","Null Device",False
2026-10-08T04:31:34.1830790Z,bandwidth,bw-m1024-t2-v8-r2,bw.bytype.moveorder,share,80000,1024,2,8,10,10,4,5,8,0.29,0.282,0.322,0.328,0.329,"AMD Ryzen 5 5600GT with Radeon Graphics","Null Device",False
2026-10-08T04:31:34.1835940Z,bandwidth,bw-m1024-t2-v8-r2,bw.moveorder,count,80000,1024,2,8,10,10,4,5,8,69001.5,69001.5,69261,69261,69261,"AMD Ryzen 5 5600GT with Radeon Graphics","Null Device",False
2026-10-08T04:31:34.1840650Z,bandwidth,bw-m1024-t2-v8-r2,bw.bytype.correction,share,80000,1024,2,8,10,10,4,5,8,0.561,0.57,0.599,0.603,0.604,"AMD Ryzen 5 5600GT with Radeon Graphics","Null Device",False
2026-10-08T04:31:34.1845430Z,bandwidth,bw-m1024-t2-v8-r2,bw.correction,count,80000,1024,2,8,10,10,4,5,8,1985603,1971475,2300617.8,2311020.36,2313621,"AMD Ryzen 5 5600GT with Radeon Graphics","Null Device",False
2026-10-08T04:31:34.1850770Z,bandwidth,bw-m1024-t2-v8-r2,bw.bytype.health,share,80000,1024,2,8,10,10,4,5,8,0.034,0.035,0.037,0.037,0.038,"AMD Ryzen 5 5600GT with Radeon Graphics","Null Device",False
2026-10-08T04:31:34.1855980Z,bandwidth,bw-m1024-t2-v8-r2,bw.health,count,80000,1024,2,8,10,10,4,5,8,287747,287747,287845,287845,287845,"AMD Ryzen 5 5600GT with Radeon Graphics","Null Device",False
2026-10-08T04:31:34.1861180Z,bandwidth,bw-m1024-t2-v8-r2,bw.bytype.enter,share,80000,1024,2,8,10,10,4,5,8,0.087,0.087,0.095,0.097,0.097,"AMD Ryzen 5 5600GT with Radeon Graphics","Null Device",False
2026-10-08T04:31:34.1866360Z,bandwidth,bw-m1024-t2-v8-r2,bw.enter,count,80000,1024,2,8,10,10,4,5,8,82027,82027,82563,82563,82563,"AMD Ryzen 5 5600GT with Radeon Graphics","Null Device",False
2026-10-08T04:31:34.1871510Z,bandwidth,bw-m1024-t2-v8-r2,bw.bytype.leave,share,80000,1024,2,8,10,10,4,5,8,0.006,0.006,0.006,0.006,0.007,"AMD Ryzen 5 5600GT with Radeon Graphics","Null Device",False
2026-10-08T04:31:34.1876730Z,bandwidth,bw-m1024-t2-v8-r2,bw.leave,count,80000,1024,2,8,10,10,4,5,8,42038.5,42038.5,42578,42578,42578,"AMD Ryzen 5 5600GT with Radeon Graphics","Null Device",False
2026-10-08T04:31:34.1881890Z,bandwidth,bw-m1024-t2-v8-r2,bw.bytype.explosion,share,80000,1024,2,8,10,10,4,5,8,0.009,0.01,0.01,0.01,0.01,"AMD Ryzen 5 5600GT with Radeon Graphics","Null Device",False
2026-10-08T04:31:34.1887140Z,bandwidth,bw-m1024-t2-v8-r2,bw.explosion,count,80000,1024,2,8,10,10,4,5,8,41939,41939,42381,42381,42381,"AMD Ryzen 5 5600GT with Radeon Graphics","Null Device",False
2026-10-08T04:31:34.1891980Z,bandwidth,bw-m1024-t2-v8-r2,bw.bytype.fogdelta,share,80000,1024,2,8,10,10,4,5,8,0.013,0.012,0.016,0.016,0.016,"AMD Ryzen 5 5600GT with Radeon Graphics","Null Device",False
2026-10-08T04:31:34.1909800Z,bandwidth,bw-m1024-t2-v8-r2,bw.fogdelta,count,80000,1024,2,8,10,10,4,5,8,155819.5,155819.5,183390,183390,183390,"AMD Ryzen 5 5600GT with Radeon Graphics","Null Device",False
2026-10-08T04:31:34.1915350Z,bandwidth,bw-m1024-t2-v8-r2,bw.waypoints,waypoints,80000,1024,2,8,10,10,4,5,1,23.167,23.167,23.167,23.167,23.167,"AMD Ryzen 5 5600GT with Radeon Graphics","Null Device",False
2026-10-08T04:31:34.1919940Z,bandwidth,bw-m1024-t2-v8-r2,bw.waypoints.smoothed,waypoints,80000,1024,2,8,10,10,4,5,1,2.759,2.759,2.759,2.759,2.759,"AMD Ryzen 5 5600GT with Radeon Graphics","Null Device",False
2026-10-08T04:31:34.1924500Z,bandwidth,bw-m1024-t2-v8-r2,bw.waypoints.saved,share,80000,1024,2,8,10,10,4,5,1,0.881,0.881,0.881,0.881,0.881,"AMD Ryzen 5 5600GT with Radeon Graphics","Null Device",False
2026-10-08T04:31:34.1951250Z,bandwidth,bw-m1024-t2-v8-r2,bw.units,units,80000,1024,2,8,10,10,4,5,1,79979,79979,79979,79979,79979,"AMD Ryzen 5 5600GT with Radeon Graphics","Null Device",False
2026-10-08T04:31:34.1992690Z,bandwidth,bw-m1024-t2-v8-r2,bw.units.engaged,share,80000,1024,2,8,10,10,4,5,1,0.033,0.033,0.033,0.033,0.033,"AMD Ryzen 5 5600GT with Radeon Graphics","Null Device",False
2026-10-08T04:31:34.1997050Z,bandwidth,bw-m1024-t2-v8-r2,bw.units.ordered,share,80000,1024,2,8,10,10,4,5,1,0.985,0.985,0.985,0.985,0.985,"AMD Ryzen 5 5600GT with Radeon Graphics","Null Device",False
2026-10-08T04:31:34.2002500Z,bandwidth,bw-m1024-t2-v8-r2,bw.allowed,units,80000,1024,2,8,10,10,4,5,1,39992,39992,39992,39992,39992,"AMD Ryzen 5 5600GT with Radeon Graphics","Null Device",False
2026-10-08T04:31:34.2006880Z,bandwidth,bw-m1024-t2-v8-r2,bw.corrections.perunit,corrections,80000,1024,2,8,10,10,4,5,1,0.04,0.04,0.04,0.04,0.04,"AMD Ryzen 5 5600GT with Radeon Graphics","Null Device",False
2026-10-08T04:31:34.2016600Z,bandwidth,bw-m1024-t2-v8-r2,bw.error.all.mean,tiles,80000,1024,2,8,10,10,4,5,1,0.535,0.535,0.535,0.535,0.535,"AMD Ryzen 5 5600GT with Radeon Graphics","Null Device",False
2026-10-08T04:31:34.2021810Z,bandwidth,bw-m1024-t2-v8-r2,bw.error.all.p50,tiles,80000,1024,2,8,10,10,4,5,1,0.094,0.094,0.094,0.094,0.094,"AMD Ryzen 5 5600GT with Radeon Graphics","Null Device",False
2026-10-08T04:31:34.2026230Z,bandwidth,bw-m1024-t2-v8-r2,bw.error.all.p95,tiles,80000,1024,2,8,10,10,4,5,1,1.797,1.797,1.797,1.797,1.797,"AMD Ryzen 5 5600GT with Radeon Graphics","Null Device",False
2026-10-08T04:31:34.2030540Z,bandwidth,bw-m1024-t2-v8-r2,bw.error.all.p99,tiles,80000,1024,2,8,10,10,4,5,1,1.969,1.969,1.969,1.969,1.969,"AMD Ryzen 5 5600GT with Radeon Graphics","Null Device",False
2026-10-08T04:31:34.2035530Z,bandwidth,bw-m1024-t2-v8-r2,bw.error.view.mean,tiles,80000,1024,2,8,10,10,4,5,1,0.065,0.065,0.065,0.065,0.065,"AMD Ryzen 5 5600GT with Radeon Graphics","Null Device",False
2026-10-08T04:31:34.2039910Z,bandwidth,bw-m1024-t2-v8-r2,bw.error.view.p50,tiles,80000,1024,2,8,10,10,4,5,1,0.063,0.063,0.063,0.063,0.063,"AMD Ryzen 5 5600GT with Radeon Graphics","Null Device",False
2026-10-08T04:31:34.2044270Z,bandwidth,bw-m1024-t2-v8-r2,bw.error.view.p95,tiles,80000,1024,2,8,10,10,4,5,1,0.203,0.203,0.203,0.203,0.203,"AMD Ryzen 5 5600GT with Radeon Graphics","Null Device",False
2026-10-08T04:31:34.2048480Z,bandwidth,bw-m1024-t2-v8-r2,bw.error.view.p99,tiles,80000,1024,2,8,10,10,4,5,1,0.25,0.25,0.25,0.25,0.25,"AMD Ryzen 5 5600GT with Radeon Graphics","Null Device",False
2026-10-08T04:31:34.2053330Z,bandwidth,bw-m1024-t2-v8-r2,bw.error.raw.mean,tiles,80000,1024,2,8,10,10,4,5,1,0.756,0.756,0.756,0.756,0.756,"AMD Ryzen 5 5600GT with Radeon Graphics","Null Device",False
2026-10-08T04:31:34.2057670Z,bandwidth,bw-m1024-t2-v8-r2,bw.error.raw.p50,tiles,80000,1024,2,8,10,10,4,5,1,0.656,0.656,0.656,0.656,0.656,"AMD Ryzen 5 5600GT with Radeon Graphics","Null Device",False
2026-10-08T04:31:34.2062050Z,bandwidth,bw-m1024-t2-v8-r2,bw.error.raw.p95,tiles,80000,1024,2,8,10,10,4,5,1,1.781,1.781,1.781,1.781,1.781,"AMD Ryzen 5 5600GT with Radeon Graphics","Null Device",False
2026-10-08T04:31:34.2066210Z,bandwidth,bw-m1024-t2-v8-r2,bw.error.raw.p99,tiles,80000,1024,2,8,10,10,4,5,1,2.313,2.313,2.313,2.313,2.313,"AMD Ryzen 5 5600GT with Radeon Graphics","Null Device",False
2026-10-08T04:31:34.2071060Z,bandwidth,bw-m1024-t2-v8-r2,bw.error.rawanchored.mean,tiles,80000,1024,2,8,10,10,4,5,1,0.757,0.757,0.757,0.757,0.757,"AMD Ryzen 5 5600GT with Radeon Graphics","Null Device",False
2026-10-08T04:31:34.2075440Z,bandwidth,bw-m1024-t2-v8-r2,bw.error.rawanchored.p50,tiles,80000,1024,2,8,10,10,4,5,1,0.656,0.656,0.656,0.656,0.656,"AMD Ryzen 5 5600GT with Radeon Graphics","Null Device",False
2026-10-08T04:31:34.2079590Z,bandwidth,bw-m1024-t2-v8-r2,bw.error.rawanchored.p95,tiles,80000,1024,2,8,10,10,4,5,1,1.781,1.781,1.781,1.781,1.781,"AMD Ryzen 5 5600GT with Radeon Graphics","Null Device",False
2026-10-08T04:31:34.2084010Z,bandwidth,bw-m1024-t2-v8-r2,bw.error.rawanchored.p99,tiles,80000,1024,2,8,10,10,4,5,1,2.313,2.313,2.313,2.313,2.313,"AMD Ryzen 5 5600GT with Radeon Graphics","Null Device",False
2026-10-08T04:31:34.2088790Z,bandwidth,bw-m1024-t2-v8-r2,bw.checks.anchored,share,80000,1024,2,8,10,10,4,5,1,0.943,0.943,0.943,0.943,0.943,"AMD Ryzen 5 5600GT with Radeon Graphics","Null Device",False
2026-10-08T04:31:34.2093270Z,bandwidth,bw-m1024-t2-v8-r2,bw.route.live,waypoints,80000,1024,2,8,10,10,4,5,1,5444596,5444596,5444596,5444596,5444596,"AMD Ryzen 5 5600GT with Radeon Graphics","Null Device",False
2026-10-08T04:31:34.2097580Z,bandwidth,bw-m1024-t2-v8-r2,bw.route.arena,MB,80000,1024,2,8,10,10,4,5,1,64,64,64,64,64,"AMD Ryzen 5 5600GT with Radeon Graphics","Null Device",False
2026-10-08T04:31:38.3557400Z,bandwidth,bw-m1024-t2-v16-r2,bw.snapshot.bytes,KB,80000,1024,2,16,10,10,4,5,8,985.335,985.335,1024.202,1024.202,1024.202,"AMD Ryzen 5 5600GT with Radeon Graphics","Null Device",False
2026-10-08T04:31:38.3660420Z,bandwidth,bw-m1024-t2-v16-r2,bw.snapshot.wire,KB,80000,1024,2,16,10,10,4,5,8,1029.147,1029.147,1069.768,1069.768,1069.768,"AMD Ryzen 5 5600GT with Radeon Graphics","Null Device",False
2026-10-08T04:31:38.3666730Z,bandwidth,bw-m1024-t2-v16-r2,bw.snapshot.units,units,80000,1024,2,16,10,10,4,5,8,40000,40000,40000,40000,40000,"AMD Ryzen 5 5600GT with Radeon Graphics","Null Device",False
2026-10-08T04:31:38.3671340Z,bandwidth,bw-m1024-t2-v16-r2,bw.snapshot.seconds,s,80000,1024,2,16,10,10,4,5,8,4.02,4.02,4.179,4.179,4.179,"AMD Ryzen 5 5600GT with Radeon Graphics","Null Device",False
2026-10-08T04:32:17.9743690Z,bandwidth,bw-m1024-t2-v16-r2,bw.avg,KB/s,80000,1024,2,16,10,10,4,5,8,277,273.028,303.896,307.336,308.196,"AMD Ryzen 5 5600GT with Radeon Graphics","Null Device",False
2026-10-08T04:32:17.9749210Z,bandwidth,bw-m1024-t2-v16-r2,bw.peak1s,KB/s,80000,1024,2,16,10,10,4,5,8,707.036,704.519,744.005,744.074,744.092,"AMD Ryzen 5 5600GT with Radeon Graphics","Null Device",False
2026-10-08T04:32:17.9754020Z,bandwidth,bw-m1024-t2-v16-r2,bw.wire.avg,KB/s,80000,1024,2,16,10,10,4,5,8,297.593,293.35,326.779,330.351,331.244,"AMD Ryzen 5 5600GT with Radeon Graphics","Null Device",False
2026-10-08T04:32:17.9758450Z,bandwidth,bw-m1024-t2-v16-r2,bw.wire.peak1s,KB/s,80000,1024,2,16,10,10,4,5,8,744.324,741.563,783.459,783.529,783.546,"AMD Ryzen 5 5600GT with Radeon Graphics","Null Device",False
2026-10-08T04:32:17.9762950Z,bandwidth,bw-m1024-t2-v16-r2,bw.encode.ms,ms,80000,1024,2,16,10,10,4,5,1200,3.565,3.823,4.58,5.835,16.486,"AMD Ryzen 5 5600GT with Radeon Graphics","Null Device",False
2026-10-08T04:32:17.9771880Z,bandwidth,bw-m1024-t2-v16-r2,bw.interest.ms,ms,80000,1024,2,16,10,10,4,5,1200,2.285,2.2,2.933,3.47,3.879,"AMD Ryzen 5 5600GT with Radeon Graphics","Null Device",False
2026-10-08T04:32:17.9781330Z,bandwidth,bw-m1024-t2-v16-r2,bw.routes.ms,ms,80000,1024,2,16,10,10,4,5,1200,1.941,0.989,1.451,48.4,94.549,"AMD Ryzen 5 5600GT with Radeon Graphics","Null Device",False
2026-10-08T04:32:17.9790460Z,bandwidth,bw-m1024-t2-v16-r2,bw.routes.deferred,units,80000,1024,2,16,10,10,4,5,1200,0,0,0,0,0,"AMD Ryzen 5 5600GT with Radeon Graphics","Null Device",False
2026-10-08T04:32:17.9811010Z,bandwidth,bw-m1024-t2-v16-r2,bw.bytype.moveorder,share,80000,1024,2,16,10,10,4,5,8,0.289,0.282,0.322,0.327,0.329,"AMD Ryzen 5 5600GT with Radeon Graphics","Null Device",False
2026-10-08T04:32:17.9815830Z,bandwidth,bw-m1024-t2-v16-r2,bw.moveorder,count,80000,1024,2,16,10,10,4,5,8,69001.5,69001.5,69261,69261,69261,"AMD Ryzen 5 5600GT with Radeon Graphics","Null Device",False
2026-10-08T04:32:17.9820380Z,bandwidth,bw-m1024-t2-v16-r2,bw.bytype.correction,share,80000,1024,2,16,10,10,4,5,8,0.56,0.569,0.599,0.603,0.604,"AMD Ryzen 5 5600GT with Radeon Graphics","Null Device",False
2026-10-08T04:32:17.9824960Z,bandwidth,bw-m1024-t2-v16-r2,bw.correction,count,80000,1024,2,16,10,10,4,5,8,1985603,1971475,2300617.8,2311020.36,2313621,"AMD Ryzen 5 5600GT with Radeon Graphics","Null Device",False
2026-10-08T04:32:17.9829450Z,bandwidth,bw-m1024-t2-v16-r2,bw.bytype.health,share,80000,1024,2,16,10,10,4,5,8,0.034,0.035,0.037,0.037,0.038,"AMD Ryzen 5 5600GT with Radeon Graphics","Null Device",False
2026-10-08T04:32:17.9833940Z,bandwidth,bw-m1024-t2-v16-r2,bw.health,count,80000,1024,2,16,10,10,4,5,8,287747,287747,287845,287845,287845,"AMD Ryzen 5 5600GT with Radeon Graphics","Null Device",False
2026-10-08T04:32:17.9838270Z,bandwidth,bw-m1024-t2-v16-r2,bw.bytype.enter,share,80000,1024,2,16,10,10,4,5,8,0.087,0.087,0.095,0.097,0.097,"AMD Ryzen 5 5600GT with Radeon Graphics","Null Device",False
2026-10-08T04:32:17.9843390Z,bandwidth,bw-m1024-t2-v16-r2,bw.enter,count,80000,1024,2,16,10,10,4,5,8,82027,82027,82563,82563,82563,"AMD Ryzen 5 5600GT with Radeon Graphics","Null Device",False
2026-10-08T04:32:17.9848670Z,bandwidth,bw-m1024-t2-v16-r2,bw.bytype.leave,share,80000,1024,2,16,10,10,4,5,8,0.006,0.006,0.006,0.006,0.007,"AMD Ryzen 5 5600GT with Radeon Graphics","Null Device",False
2026-10-08T04:32:17.9853520Z,bandwidth,bw-m1024-t2-v16-r2,bw.leave,count,80000,1024,2,16,10,10,4,5,8,42038.5,42038.5,42578,42578,42578,"AMD Ryzen 5 5600GT with Radeon Graphics","Null Device",False
2026-10-08T04:32:17.9872030Z,bandwidth,bw-m1024-t2-v16-r2,bw.bytype.explosion,share,80000,1024,2,16,10,10,4,5,8,0.009,0.01,0.01,0.01,0.01,"AMD Ryzen 5 5600GT with Radeon Graphics","Null Device",False
2026-10-08T04:32:17.9876410Z,bandwidth,bw-m1024-t2-v16-r2,bw.explosion,count,80000,1024,2,16,10,10,4,5,8,41939,41939,42381,42381,42381,"AMD Ryzen 5 5600GT with Radeon Graphics","Null Device",False
2026-10-08T04:32:17.9880680Z,bandwidth,bw-m1024-t2-v16-r2,bw.bytype.fogdelta,share,80000,1024,2,16,10,10,4,5,8,0.013,0.013,0.017,0.017,0.017,"AMD Ryzen 5 5600GT with Radeon Graphics","Null Device",False
2026-10-08T04:32:17.9884950Z,bandwidth,bw-m1024-t2-v16-r2,bw.fogdelta,count,80000,1024,2,16,10,10,4,5,8,169699.5,169699.5,204164,204164,204164,"AMD Ryzen 5 5600GT with Radeon Graphics","Null Device",False
2026-10-08T04:32:17.9889280Z,bandwidth,bw-m1024-t2-v16-r2,bw.waypoints,waypoints,80000,1024,2,16,10,10,4,5,1,23.167,23.167,23.167,23.167,23.167,"AMD Ryzen 5 5600GT with Radeon Graphics","Null Device",False
2026-10-08T04:32:17.9893600Z,bandwidth,bw-m1024-t2-v16-r2,bw.waypoints.smoothed,waypoints,80000,1024,2,16,10,10,4,5,1,2.759,2.759,2.759,2.759,2.759,"AMD Ryzen 5 5600GT with Radeon Graphics","Null Device",False
2026-10-08T04:32:17.9897860Z,bandwidth,bw-m1024-t2-v16-r2,bw.waypoints.saved,share,80000,1024,2,16,10,10,4,5,1,0.881,0.881,0.881,0.881,0.881,"AMD Ryzen 5 5600GT with Radeon Graphics","Null Device",False
2026-10-08T04:32:17.9930260Z,bandwidth,bw-m1024-t2-v16-r2,bw.units,units,80000,1024,2,16,10,10,4,5,1,79979,79979,79979,79979,79979,"AMD Ryzen 5 5600GT with Radeon Graphics","Null Device",False
2026-10-08T04:32:17.9986290Z,bandwidth,bw-m1024-t2-v16-r2,bw.units.engaged,share,80000,1024,2,16,10,10,4,5,1,0.033,0.033,0.033,0.033,0.033,"AMD Ryzen 5 5600GT with Radeon Graphics","Null Device",False
2026-10-08T04:32:17.9991360Z,bandwidth,bw-m1024-t2-v16-r2,bw.units.ordered,share,80000,1024,2,16,10,10,4,5,1,0.985,0.985,0.985,0.985,0.985,"AMD Ryzen 5 5600GT with Radeon Graphics","Null Device",False
2026-10-08T04:32:17.9997480Z,bandwidth,bw-m1024-t2-v16-r2,bw.allowed,units,80000,1024,2,16,10,10,4,5,1,39992,39992,39992,39992,39992,"AMD Ryzen 5 5600GT with Radeon Graphics","Null Device",False
2026-10-08T04:32:18.0002170Z,bandwidth,bw-m1024-t2-v16-r2,bw.corrections.perunit,corrections,80000,1024,2,16,10,10,4,5,1,0.04,0.04,0.04,0.04,0.04,"AMD Ryzen 5 5600GT with Radeon Graphics","Null Device",False
2026-10-08T04:32:18.0014250Z,bandwidth,bw-m1024-t2-v16-r2,bw.error.all.mean,tiles,80000,1024,2,16,10,10,4,5,1,0.535,0.535,0.535,0.535,0.535,"AMD Ryzen 5 5600GT with Radeon Graphics","Null Device",False
2026-10-08T04:32:18.0020200Z,bandwidth,bw-m1024-t2-v16-r2,bw.error.all.p50,tiles,80000,1024,2,16,10,10,4,5,1,0.094,0.094,0.094,0.094,0.094,"AMD Ryzen 5 5600GT with Radeon Graphics","Null Device",False
2026-10-08T04:32:18.0025380Z,bandwidth,bw-m1024-t2-v16-r2,bw.error.all.p95,tiles,80000,1024,2,16,10,10,4,5,1,1.797,1.797,1.797,1.797,1.797,"AMD Ryzen 5 5600GT with Radeon Graphics","Null Device",False
2026-10-08T04:32:18.0030450Z,bandwidth,bw-m1024-t2-v16-r2,bw.error.all.p99,tiles,80000,1024,2,16,10,10,4,5,1,1.969,1.969,1.969,1.969,1.969,"AMD Ryzen 5 5600GT with Radeon Graphics","Null Device",False
2026-10-08T04:32:18.0036110Z,bandwidth,bw-m1024-t2-v16-r2,bw.error.view.mean,tiles,80000,1024,2,16,10,10,4,5,1,0.065,0.065,0.065,0.065,0.065,"AMD Ryzen 5 5600GT with Radeon Graphics","Null Device",False
2026-10-08T04:32:18.0040930Z,bandwidth,bw-m1024-t2-v16-r2,bw.error.view.p50,tiles,80000,1024,2,16,10,10,4,5,1,0.063,0.063,0.063,0.063,0.063,"AMD Ryzen 5 5600GT with Radeon Graphics","Null Device",False
2026-10-08T04:32:18.0045910Z,bandwidth,bw-m1024-t2-v16-r2,bw.error.view.p95,tiles,80000,1024,2,16,10,10,4,5,1,0.203,0.203,0.203,0.203,0.203,"AMD Ryzen 5 5600GT with Radeon Graphics","Null Device",False
2026-10-08T04:32:18.0050630Z,bandwidth,bw-m1024-t2-v16-r2,bw.error.view.p99,tiles,80000,1024,2,16,10,10,4,5,1,0.25,0.25,0.25,0.25,0.25,"AMD Ryzen 5 5600GT with Radeon Graphics","Null Device",False
2026-10-08T04:32:18.0056240Z,bandwidth,bw-m1024-t2-v16-r2,bw.error.raw.mean,tiles,80000,1024,2,16,10,10,4,5,1,0.756,0.756,0.756,0.756,0.756,"AMD Ryzen 5 5600GT with Radeon Graphics","Null Device",False
2026-10-08T04:32:18.0061100Z,bandwidth,bw-m1024-t2-v16-r2,bw.error.raw.p50,tiles,80000,1024,2,16,10,10,4,5,1,0.656,0.656,0.656,0.656,0.656,"AMD Ryzen 5 5600GT with Radeon Graphics","Null Device",False
2026-10-08T04:32:18.0065890Z,bandwidth,bw-m1024-t2-v16-r2,bw.error.raw.p95,tiles,80000,1024,2,16,10,10,4,5,1,1.781,1.781,1.781,1.781,1.781,"AMD Ryzen 5 5600GT with Radeon Graphics","Null Device",False
2026-10-08T04:32:18.0070560Z,bandwidth,bw-m1024-t2-v16-r2,bw.error.raw.p99,tiles,80000,1024,2,16,10,10,4,5,1,2.313,2.313,2.313,2.313,2.313,"AMD Ryzen 5 5600GT with Radeon Graphics","Null Device",False
2026-10-08T04:32:18.0076100Z,bandwidth,bw-m1024-t2-v16-r2,bw.error.rawanchored.mean,tiles,80000,1024,2,16,10,10,4,5,1,0.757,0.757,0.757,0.757,0.757,"AMD Ryzen 5 5600GT with Radeon Graphics","Null Device",False
2026-10-08T04:32:18.0080870Z,bandwidth,bw-m1024-t2-v16-r2,bw.error.rawanchored.p50,tiles,80000,1024,2,16,10,10,4,5,1,0.656,0.656,0.656,0.656,0.656,"AMD Ryzen 5 5600GT with Radeon Graphics","Null Device",False
2026-10-08T04:32:18.0085630Z,bandwidth,bw-m1024-t2-v16-r2,bw.error.rawanchored.p95,tiles,80000,1024,2,16,10,10,4,5,1,1.781,1.781,1.781,1.781,1.781,"AMD Ryzen 5 5600GT with Radeon Graphics","Null Device",False
2026-10-08T04:32:18.0090370Z,bandwidth,bw-m1024-t2-v16-r2,bw.error.rawanchored.p99,tiles,80000,1024,2,16,10,10,4,5,1,2.313,2.313,2.313,2.313,2.313,"AMD Ryzen 5 5600GT with Radeon Graphics","Null Device",False
2026-10-08T04:32:18.0095710Z,bandwidth,bw-m1024-t2-v16-r2,bw.checks.anchored,share,80000,1024,2,16,10,10,4,5,1,0.943,0.943,0.943,0.943,0.943,"AMD Ryzen 5 5600GT with Radeon Graphics","Null Device",False
2026-10-08T04:32:18.0100470Z,bandwidth,bw-m1024-t2-v16-r2,bw.route.live,waypoints,80000,1024,2,16,10,10,4,5,1,5444596,5444596,5444596,5444596,5444596,"AMD Ryzen 5 5600GT with Radeon Graphics","Null Device",False
2026-10-08T04:32:18.0105350Z,bandwidth,bw-m1024-t2-v16-r2,bw.route.arena,MB,80000,1024,2,16,10,10,4,5,1,64,64,64,64,64,"AMD Ryzen 5 5600GT with Radeon Graphics","Null Device",False
2026-10-08T04:32:22.1313830Z,bandwidth,bw-m1024-t2-v32-r2,bw.snapshot.bytes,KB,80000,1024,2,32,10,10,4,5,8,988.447,988.447,1030.427,1030.427,1030.427,"AMD Ryzen 5 5600GT with Radeon Graphics","Null Device",False
2026-10-08T04:32:22.1420080Z,bandwidth,bw-m1024-t2-v32-r2,bw.snapshot.wire,KB,80000,1024,2,32,10,10,4,5,8,1032.386,1032.386,1076.246,1076.246,1076.246,"AMD Ryzen 5 5600GT with Radeon Graphics","Null Device",False
2026-10-08T04:32:22.1427660Z,bandwidth,bw-m1024-t2-v32-r2,bw.snapshot.units,units,80000,1024,2,32,10,10,4,5,8,40000,40000,40000,40000,40000,"AMD Ryzen 5 5600GT with Radeon Graphics","Null Device",False
2026-10-08T04:32:22.1434840Z,bandwidth,bw-m1024-t2-v32-r2,bw.snapshot.seconds,s,80000,1024,2,32,10,10,4,5,8,4.033,4.033,4.204,4.204,4.204,"AMD Ryzen 5 5600GT with Radeon Graphics","Null Device",False
2026-10-08T04:33:03.8709050Z,bandwidth,bw-m1024-t2-v32-r2,bw.avg,KB/s,80000,1024,2,32,10,10,4,5,8,278.248,274.276,305.222,308.808,309.705,"AMD Ryzen 5 5600GT with Radeon Graphics","Null Device",False
2026-10-08T04:33:03.8714660Z,bandwidth,bw-m1024-t2-v32-r2,bw.peak1s,KB/s,80000,1024,2,32,10,10,4,5,8,708.009,705.493,745.202,745.272,745.289,"AMD Ryzen 5 5600GT with Radeon Graphics","Null Device",False
2026-10-08T04:33:03.8719210Z,bandwidth,bw-m1024-t2-v32-r2,bw.wire.avg,KB/s,80000,1024,2,32,10,10,4,5,8,298.956,294.713,328.232,331.97,332.905,"AMD Ryzen 5 5600GT with Radeon Graphics","Null Device",False
2026-10-08T04:33:03.8723840Z,bandwidth,bw-m1024-t2-v32-r2,bw.wire.peak1s,KB/s,80000,1024,2,32,10,10,4,5,8,745.298,742.536,784.656,784.726,784.743,"AMD Ryzen 5 5600GT with Radeon Graphics","Null Device",False
2026-10-08T04:33:03.8728160Z,bandwidth,bw-m1024-t2-v32-r2,bw.encode.ms,ms,80000,1024,2,32,10,10,4,5,1200,3.593,3.779,4.679,5.548,15.409,"AMD Ryzen 5 5600GT with Radeon Graphics","Null Device",False
2026-10-08T04:33:03.8737390Z,bandwidth,bw-m1024-t2-v32-r2,bw.interest.ms,ms,80000,1024,2,32,10,10,4,5,1200,2.279,2.196,2.864,3.311,3.661,"AMD Ryzen 5 5600GT with Radeon Graphics","Null Device",False
2026-10-08T04:33:03.8746870Z,bandwidth,bw-m1024-t2-v32-r2,bw.routes.ms,ms,80000,1024,2,32,10,10,4,5,1200,1.922,0.974,1.424,48.849,93.74,"AMD Ryzen 5 5600GT with Radeon Graphics","Null Device",False
2026-10-08T04:33:03.8755910Z,bandwidth,bw-m1024-t2-v32-r2,bw.routes.deferred,units,80000,1024,2,32,10,10,4,5,1200,0,0,0,0,0,"AMD Ryzen 5 5600GT with Radeon Graphics","Null Device",False
2026-10-08T04:33:03.8776370Z,bandwidth,bw-m1024-t2-v32-r2,bw.bytype.moveorder,share,80000,1024,2,32,10,10,4,5,8,0.288,0.281,0.32,0.325,0.327,"AMD Ryzen 5 5600GT with Radeon Graphics","Null Device",False
2026-10-08T04:33:03.8781150Z,bandwidth,bw-m1024-t2-v32-r2,bw.moveorder,count,80000,1024,2,32,10,10,4,5,8,69001.5,69001.5,69261,69261,69261,"AMD Ryzen 5 5600GT with Radeon Graphics","Null Device",False
2026-10-08T04:33:03.8785790Z,bandwidth,bw-m1024-t2-v32-r2,bw.bytype.correction,share,80000,1024,2,32,10,10,4,5,8,0.558,0.568,0.596,0.601,0.602,"AMD Ryzen 5 5600GT with Radeon Graphics","Null Device",False
2026-10-08T04:33:03.8790190Z,bandwidth,bw-m1024-t2-v32-r2,bw.correction,count,80000,1024,2,32,10,10,4,5,8,1985603,1971475,2300617.8,2311020.36,2313621,"AMD Ryzen 5 5600GT with Radeon Graphics","Null Device",False
2026-10-08T04:33:03.8794640Z,bandwidth,bw-m1024-t2-v32-r2,bw.bytype.health,share,80000,1024,2,32,10,10,4,5,8,0.034,0.034,0.037,0.037,0.037,"AMD Ryzen 5 5600GT with Radeon Graphics","Null Device",False
2026-10-08T04:33:03.8811730Z,bandwidth,bw-m1024-t2-v32-r2,bw.health,count,80000,1024,2,32,10,10,4,5,8,287747,287747,287845,287845,287845,"AMD Ryzen 5 5600GT with Radeon Graphics","Null Device",False
2026-10-08T04:33:03.8816270Z,bandwidth,bw-m1024-t2-v32-r2,bw.bytype.enter,share,80000,1024,2,32,10,10,4,5,8,0.087,0.087,0.095,0.096,0.097,"AMD Ryzen 5 5600GT with Radeon Graphics","Null Device",False
2026-10-08T04:33:03.8820590Z,bandwidth,bw-m1024-t2-v32-r2,bw.enter,count,80000,1024,2,32,10,10,4,5,8,82027,82027,82563,82563,82563,"AMD Ryzen 5 5600GT with Radeon Graphics","Null Device",False
2026-10-08T04:33:03.8824960Z,bandwidth,bw-m1024-t2-v32-r2,bw.bytype.leave,share,80000,1024,2,32,10,10,4,5,8,0.006,0.006,0.006,0.006,0.006,"AMD Ryzen 5 5600GT with Radeon Graphics","Null Device",False
2026-10-08T04:33:03.8829140Z,bandwidth,bw-m1024-t2-v32-r2,bw.leave,count,80000,1024,2,32,10,10,4,5,8,42038.5,42038.5,42578,42578,42578,"AMD Ryzen 5 5600GT with Radeon Graphics","Null Device",False
2026-10-08T04:33:03.8833480Z,bandwidth,bw-m1024-t2-v32-r2,bw.bytype.explosion,share,80000,1024,2,32,10,10,4,5,8,0.009,0.01,0.01,0.01,0.01,"AMD Ryzen 5 5600GT with Radeon Graphics","Null Device",False
2026-10-08T04:33:03.8837690Z,bandwidth,bw-m1024-t2-v32-r2,bw.explosion,count,80000,1024,2,32,10,10,4,5,8,41939,41939,42381,42381,42381,"AMD Ryzen 5 5600GT with Radeon Graphics","Null Device",False
2026-10-08T04:33:03.8842060Z,bandwidth,bw-m1024-t2-v32-r2,bw.bytype.fogdelta,share,80000,1024,2,32,10,10,4,5,8,0.018,0.017,0.023,0.023,0.023,"AMD Ryzen 5 5600GT with Radeon Graphics","Null Device",False
2026-10-08T04:33:03.8846270Z,bandwidth,bw-m1024-t2-v32-r2,bw.fogdelta,count,80000,1024,2,32,10,10,4,5,8,233907,233907,283480,283480,283480,"AMD Ryzen 5 5600GT with Radeon Graphics","Null Device",False
2026-10-08T04:33:03.8850640Z,bandwidth,bw-m1024-t2-v32-r2,bw.waypoints,waypoints,80000,1024,2,32,10,10,4,5,1,23.167,23.167,23.167,23.167,23.167,"AMD Ryzen 5 5600GT with Radeon Graphics","Null Device",False
2026-10-08T04:33:03.8854940Z,bandwidth,bw-m1024-t2-v32-r2,bw.waypoints.smoothed,waypoints,80000,1024,2,32,10,10,4,5,1,2.759,2.759,2.759,2.759,2.759,"AMD Ryzen 5 5600GT with Radeon Graphics","Null Device",False
2026-10-08T04:33:03.8859110Z,bandwidth,bw-m1024-t2-v32-r2,bw.waypoints.saved,share,80000,1024,2,32,10,10,4,5,1,0.881,0.881,0.881,0.881,0.881,"AMD Ryzen 5 5600GT with Radeon Graphics","Null Device",False
2026-10-08T04:33:03.8885970Z,bandwidth,bw-m1024-t2-v32-r2,bw.units,units,80000,1024,2,32,10,10,4,5,1,79979,79979,79979,79979,79979,"AMD Ryzen 5 5600GT with Radeon Graphics","Null Device",False
2026-10-08T04:33:03.8927350Z,bandwidth,bw-m1024-t2-v32-r2,bw.units.engaged,share,80000,1024,2,32,10,10,4,5,1,0.033,0.033,0.033,0.033,0.033,"AMD Ryzen 5 5600GT with Radeon Graphics","Null Device",False
2026-10-08T04:33:03.8931820Z,bandwidth,bw-m1024-t2-v32-r2,bw.units.ordered,share,80000,1024,2,32,10,10,4,5,1,0.985,0.985,0.985,0.985,0.985,"AMD Ryzen 5 5600GT with Radeon Graphics","Null Device",False
2026-10-08T04:33:03.8938050Z,bandwidth,bw-m1024-t2-v32-r2,bw.allowed,units,80000,1024,2,32,10,10,4,5,1,39992,39992,39992,39992,39992,"AMD Ryzen 5 5600GT with Radeon Graphics","Null Device",False
2026-10-08T04:33:03.8942640Z,bandwidth,bw-m1024-t2-v32-r2,bw.corrections.perunit,corrections,80000,1024,2,32,10,10,4,5,1,0.04,0.04,0.04,0.04,0.04,"AMD Ryzen 5 5600GT with Radeon Graphics","Null Device",False
2026-10-08T04:33:03.8952660Z,bandwidth,bw-m1024-t2-v32-r2,bw.error.all.mean,tiles,80000,1024,2,32,10,10,4,5,1,0.535,0.535,0.535,0.535,0.535,"AMD Ryzen 5 5600GT with Radeon Graphics","Null Device",False
2026-10-08T04:33:03.8957870Z,bandwidth,bw-m1024-t2-v32-r2,bw.error.all.p50,tiles,80000,1024,2,32,10,10,4,5,1,0.094,0.094,0.094,0.094,0.094,"AMD Ryzen 5 5600GT with Radeon Graphics","Null Device",False
2026-10-08T04:33:03.8962420Z,bandwidth,bw-m1024-t2-v32-r2,bw.error.all.p95,tiles,80000,1024,2,32,10,10,4,5,1,1.797,1.797,1.797,1.797,1.797,"AMD Ryzen 5 5600GT with Radeon Graphics","Null Device",False
2026-10-08T04:33:03.8966730Z,bandwidth,bw-m1024-t2-v32-r2,bw.error.all.p99,tiles,80000,1024,2,32,10,10,4,5,1,1.969,1.969,1.969,1.969,1.969,"AMD Ryzen 5 5600GT with Radeon Graphics","Null Device",False
2026-10-08T04:33:03.8971510Z,bandwidth,bw-m1024-t2-v32-r2,bw.error.view.mean,tiles,80000,1024,2,32,10,10,4,5,1,0.065,0.065,0.065,0.065,0.065,"AMD Ryzen 5 5600GT with Radeon Graphics","Null Device",False
2026-10-08T04:33:03.8975900Z,bandwidth,bw-m1024-t2-v32-r2,bw.error.view.p50,tiles,80000,1024,2,32,10,10,4,5,1,0.063,0.063,0.063,0.063,0.063,"AMD Ryzen 5 5600GT with Radeon Graphics","Null Device",False
2026-10-08T04:33:03.8980060Z,bandwidth,bw-m1024-t2-v32-r2,bw.error.view.p95,tiles,80000,1024,2,32,10,10,4,5,1,0.203,0.203,0.203,0.203,0.203,"AMD Ryzen 5 5600GT with Radeon Graphics","Null Device",False
2026-10-08T04:33:03.8985120Z,bandwidth,bw-m1024-t2-v32-r2,bw.error.view.p99,tiles,80000,1024,2,32,10,10,4,5,1,0.25,0.25,0.25,0.25,0.25,"AMD Ryzen 5 5600GT with Radeon Graphics","Null Device",False
2026-10-08T04:33:03.8989950Z,bandwidth,bw-m1024-t2-v32-r2,bw.error.raw.mean,tiles,80000,1024,2,32,10,10,4,5,1,0.756,0.756,0.756,0.756,0.756,"AMD Ryzen 5 5600GT with Radeon Graphics","Null Device",False
2026-10-08T04:33:03.8994410Z,bandwidth,bw-m1024-t2-v32-r2,bw.error.raw.p50,tiles,80000,1024,2,32,10,10,4,5,1,0.656,0.656,0.656,0.656,0.656,"AMD Ryzen 5 5600GT with Radeon Graphics","Null Device",False
2026-10-08T04:33:03.8999210Z,bandwidth,bw-m1024-t2-v32-r2,bw.error.raw.p95,tiles,80000,1024,2,32,10,10,4,5,1,1.781,1.781,1.781,1.781,1.781,"AMD Ryzen 5 5600GT with Radeon Graphics","Null Device",False
2026-10-08T04:33:03.9003970Z,bandwidth,bw-m1024-t2-v32-r2,bw.error.raw.p99,tiles,80000,1024,2,32,10,10,4,5,1,2.313,2.313,2.313,2.313,2.313,"AMD Ryzen 5 5600GT with Radeon Graphics","Null Device",False
2026-10-08T04:33:03.9008980Z,bandwidth,bw-m1024-t2-v32-r2,bw.error.rawanchored.mean,tiles,80000,1024,2,32,10,10,4,5,1,0.757,0.757,0.757,0.757,0.757,"AMD Ryzen 5 5600GT with Radeon Graphics","Null Device",False
2026-10-08T04:33:03.9014070Z,bandwidth,bw-m1024-t2-v32-r2,bw.error.rawanchored.p50,tiles,80000,1024,2,32,10,10,4,5,1,0.656,0.656,0.656,0.656,0.656,"AMD Ryzen 5 5600GT with Radeon Graphics","Null Device",False
2026-10-08T04:33:03.9019150Z,bandwidth,bw-m1024-t2-v32-r2,bw.error.rawanchored.p95,tiles,80000,1024,2,32,10,10,4,5,1,1.781,1.781,1.781,1.781,1.781,"AMD Ryzen 5 5600GT with Radeon Graphics","Null Device",False
2026-10-08T04:33:03.9023510Z,bandwidth,bw-m1024-t2-v32-r2,bw.error.rawanchored.p99,tiles,80000,1024,2,32,10,10,4,5,1,2.313,2.313,2.313,2.313,2.313,"AMD Ryzen 5 5600GT with Radeon Graphics","Null Device",False
2026-10-08T04:33:03.9028260Z,bandwidth,bw-m1024-t2-v32-r2,bw.checks.anchored,share,80000,1024,2,32,10,10,4,5,1,0.943,0.943,0.943,0.943,0.943,"AMD Ryzen 5 5600GT with Radeon Graphics","Null Device",False
2026-10-08T04:33:03.9032720Z,bandwidth,bw-m1024-t2-v32-r2,bw.route.live,waypoints,80000,1024,2,32,10,10,4,5,1,5444596,5444596,5444596,5444596,5444596,"AMD Ryzen 5 5600GT with Radeon Graphics","Null Device",False
2026-10-08T04:33:03.9037280Z,bandwidth,bw-m1024-t2-v32-r2,bw.route.arena,MB,80000,1024,2,32,10,10,4,5,1,64,64,64,64,64,"AMD Ryzen 5 5600GT with Radeon Graphics","Null Device",False
2026-10-08T04:33:07.4555070Z,bandwidth,bw-plan-m512-t8-v8-r3,bw.snapshot.bytes,KB,80000,512,8,8,10,10,4,5,8,397.208,401.281,403.532,403.532,403.532,"AMD Ryzen 5 5600GT with Radeon Graphics","Null Device",False
2026-10-08T04:33:07.4667200Z,bandwidth,bw-plan-m512-t8-v8-r3,bw.snapshot.wire,KB,80000,512,8,8,10,10,4,5,8,414.873,419.137,421.464,421.464,421.464,"AMD Ryzen 5 5600GT with Radeon Graphics","Null Device",False
2026-10-08T04:33:07.4672490Z,bandwidth,bw-plan-m512-t8-v8-r3,bw.snapshot.units,units,80000,512,8,8,10,10,4,5,8,20000,20000,20000,20000,20000,"AMD Ryzen 5 5600GT with Radeon Graphics","Null Device",False
2026-10-08T04:33:07.4677420Z,bandwidth,bw-plan-m512-t8-v8-r3,bw.snapshot.seconds,s,80000,512,8,8,10,10,4,5,8,1.621,1.637,1.646,1.646,1.646,"AMD Ryzen 5 5600GT with Radeon Graphics","Null Device",False
2026-10-08T04:33:47.0840310Z,bandwidth,bw-plan-m512-t8-v8-r3,bw.avg,KB/s,80000,512,8,8,10,10,4,5,8,652.968,657.2,680.697,683.586,684.308,"AMD Ryzen 5 5600GT with Radeon Graphics","Null Device",False
2026-10-08T04:33:47.0846640Z,bandwidth,bw-plan-m512-t8-v8-r3,bw.peak1s,KB/s,80000,512,8,8,10,10,4,5,8,1048.905,1048.225,1070.169,1072.196,1072.703,"AMD Ryzen 5 5600GT with Radeon Graphics","Null Device",False
2026-10-08T04:33:47.0851080Z,bandwidth,bw-plan-m512-t8-v8-r3,bw.wire.avg,KB/s,80000,512,8,8,10,10,4,5,8,709.288,714.221,739.152,742.39,743.199,"AMD Ryzen 5 5600GT with Radeon Graphics","Null Device",False
2026-10-08T04:33:47.0855670Z,bandwidth,bw-plan-m512-t8-v8-r3,bw.wire.peak1s,KB/s,80000,512,8,8,10,10,4,5,8,1135.209,1134.624,1157.694,1159.791,1160.315,"AMD Ryzen 5 5600GT with Radeon Graphics","Null Device",False
2026-10-08T04:33:47.0860050Z,bandwidth,bw-plan-m512-t8-v8-r3,bw.encode.ms,ms,80000,512,8,8,10,10,4,5,1200,2.679,2.688,3.402,3.816,7.729,"AMD Ryzen 5 5600GT with Radeon Graphics","Null Device",False
2026-10-08T04:33:47.0869920Z,bandwidth,bw-plan-m512-t8-v8-r3,bw.interest.ms,ms,80000,512,8,8,10,10,4,5,1200,4.882,4.835,5.33,5.646,6.145,"AMD Ryzen 5 5600GT with Radeon Graphics","Null Device",False
2026-10-08T04:33:47.0880740Z,bandwidth,bw-plan-m512-t8-v8-r3,bw.routes.ms,ms,80000,512,8,8,10,10,4,5,1200,1.414,0.952,1.345,23.402,53.21,"AMD Ryzen 5 5600GT with Radeon Graphics","Null Device",False
2026-10-08T04:33:47.0893000Z,bandwidth,bw-plan-m512-t8-v8-r3,bw.routes.deferred,units,80000,512,8,8,10,10,4,5,1200,0,0,0,0,0,"AMD Ryzen 5 5600GT with Radeon Graphics","Null Device",False
2026-10-08T04:33:47.0914260Z,bandwidth,bw-plan-m512-t8-v8-r3,bw.bytype.moveorder,share,80000,512,8,8,10,10,4,5,8,0.028,0.028,0.033,0.034,0.034,"AMD Ryzen 5 5600GT with Radeon Graphics","Null Device",False
2026-10-08T04:33:47.0919320Z,bandwidth,bw-plan-m512-t8-v8-r3,bw.moveorder,count,80000,512,8,8,10,10,4,5,8,25839.75,25710.5,26645.85,26833.17,26880,"AMD Ryzen 5 5600GT with Radeon Graphics","Null Device",False
2026-10-08T04:33:47.0926610Z,bandwidth,bw-plan-m512-t8-v8-r3,bw.bytype.correction,share,80000,512,8,8,10,10,4,5,8,0.875,0.877,0.904,0.908,0.909,"AMD Ryzen 5 5600GT with Radeon Graphics","Null Device",False
2026-10-08T04:33:47.0933630Z,bandwidth,bw-plan-m512-t8-v8-r3,bw.correction,count,80000,512,8,8,10,10,4,5,8,5858313.375,5945304.5,6095890.55,6124217.31,6131299,"AMD Ryzen 5 5600GT with Radeon Graphics","Null Device",False
2026-10-08T04:33:47.0940680Z,bandwidth,bw-plan-m512-t8-v8-r3,bw.bytype.health,share,80000,512,8,8,10,10,4,5,8,0.008,0.008,0.009,0.009,0.009,"AMD Ryzen 5 5600GT with Radeon Graphics","Null Device",False
2026-10-08T04:33:47.0947680Z,bandwidth,bw-plan-m512-t8-v8-r3,bw.health,count,80000,512,8,8,10,10,4,5,8,154873.75,154123,165548.15,165584.83,165594,"AMD Ryzen 5 5600GT with Radeon Graphics","Null Device",False
2026-10-08T04:33:47.0954810Z,bandwidth,bw-plan-m512-t8-v8-r3,bw.bytype.enter,share,80000,512,8,8,10,10,4,5,8,0.08,0.076,0.118,0.128,0.13,"AMD Ryzen 5 5600GT with Radeon Graphics","Null Device",False
2026-10-08T04:33:47.0962010Z,bandwidth,bw-plan-m512-t8-v8-r3,bw.enter,count,80000,512,8,8,10,10,4,5,8,77559.875,73264,105148.25,113975.25,116182,"AMD Ryzen 5 5600GT with Radeon Graphics","Null Device",False
2026-10-08T04:33:47.0968970Z,bandwidth,bw-plan-m512-t8-v8-r3,bw.bytype.leave,share,80000,512,8,8,10,10,4,5,8,0.004,0.004,0.006,0.007,0.007,"AMD Ryzen 5 5600GT with Radeon Graphics","Null Device",False
2026-10-08T04:33:47.0976300Z,bandwidth,bw-plan-m512-t8-v8-r3,bw.leave,count,80000,512,8,8,10,10,4,5,8,65540.5,60896,93141.35,102241.07,104516,"AMD Ryzen 5 5600GT with Radeon Graphics","Null Device",False
2026-10-08T04:33:47.0983370Z,bandwidth,bw-plan-m512-t8-v8-r3,bw.bytype.explosion,share,80000,512,8,8,10,10,4,5,8,0.002,0.002,0.003,0.003,0.003,"AMD Ryzen 5 5600GT with Radeon Graphics","Null Device",False
2026-10-08T04:33:47.0990340Z,bandwidth,bw-plan-m512-t8-v8-r3,bw.explosion,count,80000,512,8,8,10,10,4,5,8,23823.5,23535.5,25396.25,25408.85,25412,"AMD Ryzen 5 5600GT with Radeon Graphics","Null Device",False
2026-10-08T04:33:47.0995560Z,bandwidth,bw-plan-m512-t8-v8-r3,bw.bytype.fogdelta,share,80000,512,8,8,10,10,4,5,8,0.001,0.001,0.002,0.002,0.002,"AMD Ryzen 5 5600GT with Radeon Graphics","Null Device",False
2026-10-08T04:33:47.0999860Z,bandwidth,bw-plan-m512-t8-v8-r3,bw.fogdelta,count,80000,512,8,8,10,10,4,5,8,36779.375,33971.5,58635.6,66661.52,68668,"AMD Ryzen 5 5600GT with Radeon Graphics","Null Device",False
2026-10-08T04:33:47.1004350Z,bandwidth,bw-plan-m512-t8-v8-r3,bw.waypoints,waypoints,80000,512,8,8,10,10,4,5,1,14.076,14.076,14.076,14.076,14.076,"AMD Ryzen 5 5600GT with Radeon Graphics","Null Device",False
2026-10-08T04:33:47.1008690Z,bandwidth,bw-plan-m512-t8-v8-r3,bw.waypoints.smoothed,waypoints,80000,512,8,8,10,10,4,5,1,2.5,2.5,2.5,2.5,2.5,"AMD Ryzen 5 5600GT with Radeon Graphics","Null Device",False
2026-10-08T04:33:47.1013550Z,bandwidth,bw-plan-m512-t8-v8-r3,bw.waypoints.saved,share,80000,512,8,8,10,10,4,5,1,0.822,0.822,0.822,0.822,0.822,"AMD Ryzen 5 5600GT with Radeon Graphics","Null Device",False
2026-10-08T04:33:47.1039870Z,bandwidth,bw-plan-m512-t8-v8-r3,bw.units,units,80000,512,8,8,10,10,4,5,1,79964,79964,79964,79964,79964,"AMD Ryzen 5 5600GT with Radeon Graphics","Null Device",False
2026-10-08T04:33:47.1080960Z,bandwidth,bw-plan-m512-t8-v8-r3,bw.units.engaged,share,80000,512,8,8,10,10,4,5,1,0.077,0.077,0.077,0.077,0.077,"AMD Ryzen 5 5600GT with Radeon Graphics","Null Device",False
2026-10-08T04:33:47.1085750Z,bandwidth,bw-plan-m512-t8-v8-r3,bw.units.ordered,share,80000,512,8,8,10,10,4,5,1,0.971,0.971,0.971,0.971,0.971,"AMD Ryzen 5 5600GT with Radeon Graphics","Null Device",False
2026-10-08T04:33:47.1091590Z,bandwidth,bw-plan-m512-t8-v8-r3,bw.allowed,units,80000,512,8,8,10,10,4,5,1,12736,12736,12736,12736,12736,"AMD Ryzen 5 5600GT with Radeon Graphics","Null Device",False
2026-10-08T04:33:47.1096240Z,bandwidth,bw-plan-m512-t8-v8-r3,bw.corrections.perunit,corrections,80000,512,8,8,10,10,4,5,1,0.387,0.387,0.387,0.387,0.387,"AMD Ryzen 5 5600GT with Radeon Graphics","Null Device",False
2026-10-08T04:33:47.1106670Z,bandwidth,bw-plan-m512-t8-v8-r3,bw.error.all.mean,tiles,80000,512,8,8,10,10,4,5,1,0.041,0.041,0.041,0.041,0.041,"AMD Ryzen 5 5600GT with Radeon Graphics","Null Device",False
2026-10-08T04:33:47.1111990Z,bandwidth,bw-plan-m512-t8-v8-r3,bw.error.all.p50,tiles,80000,512,8,8,10,10,4,5,1,0.031,0.031,0.031,0.031,0.031,"AMD Ryzen 5 5600GT with Radeon Graphics","Null Device",False
2026-10-08T04:33:47.1116580Z,bandwidth,bw-plan-m512-t8-v8-r3,bw.error.all.p95,tiles,80000,512,8,8,10,10,4,5,1,0.188,0.188,0.188,0.188,0.188,"AMD Ryzen 5 5600GT with Radeon Graphics","Null Device",False
2026-10-08T04:33:47.1120900Z,bandwidth,bw-plan-m512-t8-v8-r3,bw.error.all.p99,tiles,80000,512,8,8,10,10,4,5,1,0.25,0.25,0.25,0.25,0.25,"AMD Ryzen 5 5600GT with Radeon Graphics","Null Device",False
2026-10-08T04:33:47.1126010Z,bandwidth,bw-plan-m512-t8-v8-r3,bw.error.view.mean,tiles,80000,512,8,8,10,10,4,5,1,0.041,0.041,0.041,0.041,0.041,"AMD Ryzen 5 5600GT with Radeon Graphics","Null Device",False
2026-10-08T04:33:47.1130350Z,bandwidth,bw-plan-m512-t8-v8-r3,bw.error.view.p50,tiles,80000,512,8,8,10,10,4,5,1,0.031,0.031,0.031,0.031,0.031,"AMD Ryzen 5 5600GT with Radeon Graphics","Null Device",False
2026-10-08T04:33:47.1134930Z,bandwidth,bw-plan-m512-t8-v8-r3,bw.error.view.p95,tiles,80000,512,8,8,10,10,4,5,1,0.188,0.188,0.188,0.188,0.188,"AMD Ryzen 5 5600GT with Radeon Graphics","Null Device",False
2026-10-08T04:33:47.1139170Z,bandwidth,bw-plan-m512-t8-v8-r3,bw.error.view.p99,tiles,80000,512,8,8,10,10,4,5,1,0.25,0.25,0.25,0.25,0.25,"AMD Ryzen 5 5600GT with Radeon Graphics","Null Device",False
2026-10-08T04:33:47.1144390Z,bandwidth,bw-plan-m512-t8-v8-r3,bw.error.raw.mean,tiles,80000,512,8,8,10,10,4,5,1,0.719,0.719,0.719,0.719,0.719,"AMD Ryzen 5 5600GT with Radeon Graphics","Null Device",False
2026-10-08T04:33:47.1148950Z,bandwidth,bw-plan-m512-t8-v8-r3,bw.error.raw.p50,tiles,80000,512,8,8,10,10,4,5,1,0.563,0.563,0.563,0.563,0.563,"AMD Ryzen 5 5600GT with Radeon Graphics","Null Device",False
2026-10-08T04:33:47.1153330Z,bandwidth,bw-plan-m512-t8-v8-r3,bw.error.raw.p95,tiles,80000,512,8,8,10,10,4,5,1,1.266,1.266,1.266,1.266,1.266,"AMD Ryzen 5 5600GT with Radeon Graphics","Null Device",False
2026-10-08T04:33:47.1157590Z,bandwidth,bw-plan-m512-t8-v8-r3,bw.error.raw.p99,tiles,80000,512,8,8,10,10,4,5,1,1.469,1.469,1.469,1.469,1.469,"AMD Ryzen 5 5600GT with Radeon Graphics","Null Device",False
2026-10-08T04:33:47.1162630Z,bandwidth,bw-plan-m512-t8-v8-r3,bw.error.rawanchored.mean,tiles,80000,512,8,8,10,10,4,5,1,0.626,0.626,0.626,0.626,0.626,"AMD Ryzen 5 5600GT with Radeon Graphics","Null Device",False
2026-10-08T04:33:47.1167200Z,bandwidth,bw-plan-m512-t8-v8-r3,bw.error.rawanchored.p50,tiles,80000,512,8,8,10,10,4,5,1,0.563,0.563,0.563,0.563,0.563,"AMD Ryzen 5 5600GT with Radeon Graphics","Null Device",False
2026-10-08T04:33:47.1171440Z,bandwidth,bw-plan-m512-t8-v8-r3,bw.error.rawanchored.p95,tiles,80000,512,8,8,10,10,4,5,1,1.25,1.25,1.25,1.25,1.25,"AMD Ryzen 5 5600GT with Radeon Graphics","Null Device",False
2026-10-08T04:33:47.1175780Z,bandwidth,bw-plan-m512-t8-v8-r3,bw.error.rawanchored.p99,tiles,80000,512,8,8,10,10,4,5,1,1.438,1.438,1.438,1.438,1.438,"AMD Ryzen 5 5600GT with Radeon Graphics","Null Device",False
2026-10-08T04:33:47.1180850Z,bandwidth,bw-plan-m512-t8-v8-r3,bw.checks.anchored,share,80000,512,8,8,10,10,4,5,1,0.976,0.976,0.976,0.976,0.976,"AMD Ryzen 5 5600GT with Radeon Graphics","Null Device",False
2026-10-08T04:33:47.1186000Z,bandwidth,bw-plan-m512-t8-v8-r3,bw.route.live,waypoints,80000,512,8,8,10,10,4,5,1,3552134,3552134,3552134,3552134,3552134,"AMD Ryzen 5 5600GT with Radeon Graphics","Null Device",False
2026-10-08T04:33:47.1191020Z,bandwidth,bw-plan-m512-t8-v8-r3,bw.route.arena,MB,80000,512,8,8,10,10,4,5,1,32,32,32,32,32,"AMD Ryzen 5 5600GT with Radeon Graphics","Null Device",False
2026-10-08T04:33:50.6295470Z,bandwidth,bw-m512-t8-v8-r3,bw.snapshot.bytes,KB,80000,512,8,8,10,10,4,5,8,397.208,401.281,403.532,403.532,403.532,"AMD Ryzen 5 5600GT with Radeon Graphics","Null Device",False
2026-10-08T04:33:50.6391800Z,bandwidth,bw-m512-t8-v8-r3,bw.snapshot.wire,KB,80000,512,8,8,10,10,4,5,8,414.873,419.137,421.464,421.464,421.464,"AMD Ryzen 5 5600GT with Radeon Graphics","Null Device",False
2026-10-08T04:33:50.6396580Z,bandwidth,bw-m512-t8-v8-r3,bw.snapshot.units,units,80000,512,8,8,10,10,4,5,8,20000,20000,20000,20000,20000,"AMD Ryzen 5 5600GT with Radeon Graphics","Null Device",False
2026-10-08T04:33:50.6401090Z,bandwidth,bw-m512-t8-v8-r3,bw.snapshot.seconds,s,80000,512,8,8,10,10,4,5,8,1.621,1.637,1.646,1.646,1.646,"AMD Ryzen 5 5600GT with Radeon Graphics","Null Device",False
2026-10-08T04:34:29.3315400Z,bandwidth,bw-m512-t8-v8-r3,bw.avg,KB/s,80000,512,8,8,10,10,4,5,8,201.711,203.983,213.139,215.477,216.062,"AMD Ryzen 5 5600GT with Radeon Graphics","Null Device",False
2026-10-08T04:34:29.3322680Z,bandwidth,bw-m512-t8-v8-r3,bw.peak1s,KB/s,80000,512,8,8,10,10,4,5,8,305.124,299.185,349.197,360.296,363.071,"AMD Ryzen 5 5600GT with Radeon Graphics","Null Device",False
2026-10-08T04:34:29.3329060Z,bandwidth,bw-m512-t8-v8-r3,bw.wire.avg,KB/s,80000,512,8,8,10,10,4,5,8,217.656,219.938,230.565,233.27,233.946,"AMD Ryzen 5 5600GT with Radeon Graphics","Null Device",False
2026-10-08T04:34:29.3335060Z,bandwidth,bw-m512-t8-v8-r3,bw.wire.peak1s,KB/s,80000,512,8,8,10,10,4,5,8,326.76,317.464,373.929,385.496,388.388,"AMD Ryzen 5 5600GT with Radeon Graphics","Null Device",False
2026-10-08T04:34:29.3340620Z,bandwidth,bw-m512-t8-v8-r3,bw.encode.ms,ms,80000,512,8,8,10,10,4,5,1200,1.759,1.804,2.312,2.676,6.035,"AMD Ryzen 5 5600GT with Radeon Graphics","Null Device",False
2026-10-08T04:34:29.3349790Z,bandwidth,bw-m512-t8-v8-r3,bw.interest.ms,ms,80000,512,8,8,10,10,4,5,1200,4.881,4.819,5.372,5.619,6.136,"AMD Ryzen 5 5600GT with Radeon Graphics","Null Device",False
2026-10-08T04:34:29.3359210Z,bandwidth,bw-m512-t8-v8-r3,bw.routes.ms,ms,80000,512,8,8,10,10,4,5,1200,1.428,0.951,1.412,24.375,54.063,"AMD Ryzen 5 5600GT with Radeon Graphics","Null Device",False
2026-10-08T04:34:29.3371800Z,bandwidth,bw-m512-t8-v8-r3,bw.routes.deferred,units,80000,512,8,8,10,10,4,5,1200,0,0,0,0,0,"AMD Ryzen 5 5600GT with Radeon Graphics","Null Device",False
2026-10-08T04:34:29.3403040Z,bandwidth,bw-m512-t8-v8-r3,bw.bytype.moveorder,share,80000,512,8,8,10,10,4,5,8,0.089,0.089,0.11,0.116,0.118,"AMD Ryzen 5 5600GT with Radeon Graphics","Null Device",False
2026-10-08T04:34:29.3410180Z,bandwidth,bw-m512-t8-v8-r3,bw.moveorder,count,80000,512,8,8,10,10,4,5,8,25839.75,25710.5,26645.85,26833.17,26880,"AMD Ryzen 5 5600GT with Radeon Graphics","Null Device",False
2026-10-08T04:34:29.3417250Z,bandwidth,bw-m512-t8-v8-r3,bw.bytype.correction,share,80000,512,8,8,10,10,4,5,8,0.603,0.585,0.723,0.739,0.742,"AMD Ryzen 5 5600GT with Radeon Graphics","Null Device",False
2026-10-08T04:34:29.3422750Z,bandwidth,bw-m512-t8-v8-r3,bw.correction,count,80000,512,8,8,10,10,4,5,8,1492135.625,1427568.5,1866005.25,1881989.05,1885985,"AMD Ryzen 5 5600GT with Radeon Graphics","Null Device",False
2026-10-08T04:34:29.3427350Z,bandwidth,bw-m512-t8-v8-r3,bw.bytype.health,share,80000,512,8,8,10,10,4,5,8,0.027,0.026,0.031,0.032,0.032,"AMD Ryzen 5 5600GT with Radeon Graphics","Null Device",False
2026-10-08T04:34:29.3432240Z,bandwidth,bw-m512-t8-v8-r3,bw.health,count,80000,512,8,8,10,10,4,5,8,154873.75,154123,165548.15,165584.83,165594,"AMD Ryzen 5 5600GT with Radeon Graphics","Null Device",False
2026-10-08T04:34:29.3436510Z,bandwidth,bw-m512-t8-v8-r3,bw.bytype.enter,share,80000,512,8,8,10,10,4,5,8,0.255,0.257,0.369,0.396,0.403,"AMD Ryzen 5 5600GT with Radeon Graphics","Null Device",False
2026-10-08T04:34:29.3442290Z,bandwidth,bw-m512-t8-v8-r3,bw.enter,count,80000,512,8,8,10,10,4,5,8,77559.875,73264,105148.25,113975.25,116182,"AMD Ryzen 5 5600GT with Radeon Graphics","Null Device",False
2026-10-08T04:34:29.3446790Z,bandwidth,bw-m512-t8-v8-r3,bw.bytype.leave,share,80000,512,8,8,10,10,4,5,8,0.014,0.013,0.02,0.022,0.022,"AMD Ryzen 5 5600GT with Radeon Graphics","Null Device",False
2026-10-08T04:34:29.3451210Z,bandwidth,bw-m512-t8-v8-r3,bw.leave,count,80000,512,8,8,10,10,4,5,8,65540.5,60896,93141.35,102241.07,104516,"AMD Ryzen 5 5600GT with Radeon Graphics","Null Device",False
2026-10-08T04:34:29.3455750Z,bandwidth,bw-m512-t8-v8-r3,bw.bytype.explosion,share,80000,512,8,8,10,10,4,5,8,0.008,0.007,0.009,0.009,0.009,"AMD Ryzen 5 5600GT with Radeon Graphics","Null Device",False
2026-10-08T04:34:29.3460180Z,bandwidth,bw-m512-t8-v8-r3,bw.explosion,count,80000,512,8,8,10,10,4,5,8,23823.5,23535.5,25396.25,25408.85,25412,"AMD Ryzen 5 5600GT with Radeon Graphics","Null Device",False
2026-10-08T04:34:29.3464730Z,bandwidth,bw-m512-t8-v8-r3,bw.bytype.fogdelta,share,80000,512,8,8,10,10,4,5,8,0.004,0.004,0.007,0.007,0.007,"AMD Ryzen 5 5600GT with Radeon Graphics","Null Device",False
2026-10-08T04:34:29.3469140Z,bandwidth,bw-m512-t8-v8-r3,bw.fogdelta,count,80000,512,8,8,10,10,4,5,8,36779.375,33971.5,58635.6,66661.52,68668,"AMD Ryzen 5 5600GT with Radeon Graphics","Null Device",False
2026-10-08T04:34:29.3473630Z,bandwidth,bw-m512-t8-v8-r3,bw.waypoints,waypoints,80000,512,8,8,10,10,4,5,1,14.076,14.076,14.076,14.076,14.076,"AMD Ryzen 5 5600GT with Radeon Graphics","Null Device",False
2026-10-08T04:34:29.3478110Z,bandwidth,bw-m512-t8-v8-r3,bw.waypoints.smoothed,waypoints,80000,512,8,8,10,10,4,5,1,2.5,2.5,2.5,2.5,2.5,"AMD Ryzen 5 5600GT with Radeon Graphics","Null Device",False
2026-10-08T04:34:29.3482590Z,bandwidth,bw-m512-t8-v8-r3,bw.waypoints.saved,share,80000,512,8,8,10,10,4,5,1,0.822,0.822,0.822,0.822,0.822,"AMD Ryzen 5 5600GT with Radeon Graphics","Null Device",False
2026-10-08T04:34:29.3508990Z,bandwidth,bw-m512-t8-v8-r3,bw.units,units,80000,512,8,8,10,10,4,5,1,79964,79964,79964,79964,79964,"AMD Ryzen 5 5600GT with Radeon Graphics","Null Device",False
2026-10-08T04:34:29.3551310Z,bandwidth,bw-m512-t8-v8-r3,bw.units.engaged,share,80000,512,8,8,10,10,4,5,1,0.077,0.077,0.077,0.077,0.077,"AMD Ryzen 5 5600GT with Radeon Graphics","Null Device",False
2026-10-08T04:34:29.3555870Z,bandwidth,bw-m512-t8-v8-r3,bw.units.ordered,share,80000,512,8,8,10,10,4,5,1,0.971,0.971,0.971,0.971,0.971,"AMD Ryzen 5 5600GT with Radeon Graphics","Null Device",False
2026-10-08T04:34:29.3561580Z,bandwidth,bw-m512-t8-v8-r3,bw.allowed,units,80000,512,8,8,10,10,4,5,1,12736,12736,12736,12736,12736,"AMD Ryzen 5 5600GT with Radeon Graphics","Null Device",False
2026-10-08T04:34:29.3566770Z,bandwidth,bw-m512-t8-v8-r3,bw.corrections.perunit,corrections,80000,512,8,8,10,10,4,5,1,0.084,0.084,0.084,0.084,0.084,"AMD Ryzen 5 5600GT with Radeon Graphics","Null Device",False
2026-10-08T04:34:29.3578130Z,bandwidth,bw-m512-t8-v8-r3,bw.error.all.mean,tiles,80000,512,8,8,10,10,4,5,1,0.345,0.345,0.345,0.345,0.345,"AMD Ryzen 5 5600GT with Radeon Graphics","Null Device",False
2026-10-08T04:34:29.3583410Z,bandwidth,bw-m512-t8-v8-r3,bw.error.all.p50,tiles,80000,512,8,8,10,10,4,5,1,0.078,0.078,0.078,0.078,0.078,"AMD Ryzen 5 5600GT with Radeon Graphics","Null Device",False
2026-10-08T04:34:29.3587910Z,bandwidth,bw-m512-t8-v8-r3,bw.error.all.p95,tiles,80000,512,8,8,10,10,4,5,1,1.609,1.609,1.609,1.609,1.609,"AMD Ryzen 5 5600GT with Radeon Graphics","Null Device",False
2026-10-08T04:34:29.3592250Z,bandwidth,bw-m512-t8-v8-r3,bw.error.all.p99,tiles,80000,512,8,8,10,10,4,5,1,1.922,1.922,1.922,1.922,1.922,"AMD Ryzen 5 5600GT with Radeon Graphics","Null Device",False
2026-10-08T04:34:29.3597140Z,bandwidth,bw-m512-t8-v8-r3,bw.error.view.mean,tiles,80000,512,8,8,10,10,4,5,1,0.063,0.063,0.063,0.063,0.063,"AMD Ryzen 5 5600GT with Radeon Graphics","Null Device",False
2026-10-08T04:34:29.3601440Z,bandwidth,bw-m512-t8-v8-r3,bw.error.view.p50,tiles,80000,512,8,8,10,10,4,5,1,0.063,0.063,0.063,0.063,0.063,"AMD Ryzen 5 5600GT with Radeon Graphics","Null Device",False
2026-10-08T04:34:29.3605780Z,bandwidth,bw-m512-t8-v8-r3,bw.error.view.p95,tiles,80000,512,8,8,10,10,4,5,1,0.203,0.203,0.203,0.203,0.203,"AMD Ryzen 5 5600GT with Radeon Graphics","Null Device",False
2026-10-08T04:34:29.3609990Z,bandwidth,bw-m512-t8-v8-r3,bw.error.view.p99,tiles,80000,512,8,8,10,10,4,5,1,0.25,0.25,0.25,0.25,0.25,"AMD Ryzen 5 5600GT with Radeon Graphics","Null Device",False
2026-10-08T04:34:29.3614820Z,bandwidth,bw-m512-t8-v8-r3,bw.error.raw.mean,tiles,80000,512,8,8,10,10,4,5,1,0.847,0.847,0.847,0.847,0.847,"AMD Ryzen 5 5600GT with Radeon Graphics","Null Device",False
2026-10-08T04:34:29.3619050Z,bandwidth,bw-m512-t8-v8-r3,bw.error.raw.p50,tiles,80000,512,8,8,10,10,4,5,1,0.734,0.734,0.734,0.734,0.734,"AMD Ryzen 5 5600GT with Radeon Graphics","Null Device",False
2026-10-08T04:34:29.3623430Z,bandwidth,bw-m512-t8-v8-r3,bw.error.raw.p95,tiles,80000,512,8,8,10,10,4,5,1,1.891,1.891,1.891,1.891,1.891,"AMD Ryzen 5 5600GT with Radeon Graphics","Null Device",False
2026-10-08T04:34:29.3628100Z,bandwidth,bw-m512-t8-v8-r3,bw.error.raw.p99,tiles,80000,512,8,8,10,10,4,5,1,2.422,2.422,2.422,2.422,2.422,"AMD Ryzen 5 5600GT with Radeon Graphics","Null Device",False
2026-10-08T04:34:29.3633220Z,bandwidth,bw-m512-t8-v8-r3,bw.error.rawanchored.mean,tiles,80000,512,8,8,10,10,4,5,1,0.822,0.822,0.822,0.822,0.822,"AMD Ryzen 5 5600GT with Radeon Graphics","Null Device",False
2026-10-08T04:34:29.3637680Z,bandwidth,bw-m512-t8-v8-r3,bw.error.rawanchored.p50,tiles,80000,512,8,8,10,10,4,5,1,0.734,0.734,0.734,0.734,0.734,"AMD Ryzen 5 5600GT with Radeon Graphics","Null Device",False
2026-10-08T04:34:29.3642480Z,bandwidth,bw-m512-t8-v8-r3,bw.error.rawanchored.p95,tiles,80000,512,8,8,10,10,4,5,1,1.875,1.875,1.875,1.875,1.875,"AMD Ryzen 5 5600GT with Radeon Graphics","Null Device",False
2026-10-08T04:34:29.3646870Z,bandwidth,bw-m512-t8-v8-r3,bw.error.rawanchored.p99,tiles,80000,512,8,8,10,10,4,5,1,2.391,2.391,2.391,2.391,2.391,"AMD Ryzen 5 5600GT with Radeon Graphics","Null Device",False
2026-10-08T04:34:29.3651840Z,bandwidth,bw-m512-t8-v8-r3,bw.checks.anchored,share,80000,512,8,8,10,10,4,5,1,0.947,0.947,0.947,0.947,0.947,"AMD Ryzen 5 5600GT with Radeon Graphics","Null Device",False
2026-10-08T04:34:29.3656250Z,bandwidth,bw-m512-t8-v8-r3,bw.route.live,waypoints,80000,512,8,8,10,10,4,5,1,3552134,3552134,3552134,3552134,3552134,"AMD Ryzen 5 5600GT with Radeon Graphics","Null Device",False
2026-10-08T04:34:29.3660660Z,bandwidth,bw-m512-t8-v8-r3,bw.route.arena,MB,80000,512,8,8,10,10,4,5,1,32,32,32,32,32,"AMD Ryzen 5 5600GT with Radeon Graphics","Null Device",False
2026-10-08T04:34:32.9262970Z,bandwidth,bw-m512-t8-v16-r3,bw.snapshot.bytes,KB,80000,512,8,16,10,10,4,5,8,397.666,402.198,403.532,403.532,403.532,"AMD Ryzen 5 5600GT with Radeon Graphics","Null Device",False
2026-10-08T04:34:32.9361080Z,bandwidth,bw-m512-t8-v16-r3,bw.snapshot.wire,KB,80000,512,8,16,10,10,4,5,8,415.356,420.105,421.464,421.464,421.464,"AMD Ryzen 5 5600GT with Radeon Graphics","Null Device",False
2026-10-08T04:34:32.9365900Z,bandwidth,bw-m512-t8-v16-r3,bw.snapshot.units,units,80000,512,8,16,10,10,4,5,8,20000,20000,20000,20000,20000,"AMD Ryzen 5 5600GT with Radeon Graphics","Null Device",False
2026-10-08T04:34:32.9370330Z,bandwidth,bw-m512-t8-v16-r3,bw.snapshot.seconds,s,80000,512,8,16,10,10,4,5,8,1.622,1.641,1.646,1.646,1.646,"AMD Ryzen 5 5600GT with Radeon Graphics","Null Device",False
2026-10-08T04:35:13.8084820Z,bandwidth,bw-m512-t8-v16-r3,bw.avg,KB/s,80000,512,8,16,10,10,4,5,8,240.656,230.703,292.609,293.222,293.375,"AMD Ryzen 5 5600GT with Radeon Graphics","Null Device",False
2026-10-08T04:35:13.8090350Z,bandwidth,bw-m512-t8-v16-r3,bw.peak1s,KB/s,80000,512,8,16,10,10,4,5,8,365.352,352.044,438.839,439.279,439.389,"AMD Ryzen 5 5600GT with Radeon Graphics","Null Device",False
2026-10-08T04:35:13.8095030Z,bandwidth,bw-m512-t8-v16-r3,bw.wire.avg,KB/s,80000,512,8,16,10,10,4,5,8,258.465,248.45,312.986,313.973,314.22,"AMD Ryzen 5 5600GT with Radeon Graphics","Null Device",False
2026-10-08T04:35:13.8099590Z,bandwidth,bw-m512-t8-v16-r3,bw.wire.peak1s,KB/s,80000,512,8,16,10,10,4,5,8,390.386,376.756,468.098,468.789,468.962,"AMD Ryzen 5 5600GT with Radeon Graphics","Null Device",False
2026-10-08T04:35:13.8105180Z,bandwidth,bw-m512-t8-v16-r3,bw.encode.ms,ms,80000,512,8,16,10,10,4,5,1200,1.939,1.994,2.632,3.058,5.866,"AMD Ryzen 5 5600GT with Radeon Graphics","Null Device",False
2026-10-08T04:35:13.8118280Z,bandwidth,bw-m512-t8-v16-r3,bw.interest.ms,ms,80000,512,8,16,10,10,4,5,1200,5.005,4.946,5.517,5.807,7.028,"AMD Ryzen 5 5600GT with Radeon Graphics","Null Device",False
2026-10-08T04:35:13.8127400Z,bandwidth,bw-m512-t8-v16-r3,bw.routes.ms,ms,80000,512,8,16,10,10,4,5,1200,1.434,0.958,1.411,24.312,55.944,"AMD Ryzen 5 5600GT with Radeon Graphics","Null Device",False
2026-10-08T04:35:13.8136940Z,bandwidth,bw-m512-t8-v16-r3,bw.routes.deferred,units,80000,512,8,16,10,10,4,5,1200,0,0,0,0,0,"AMD Ryzen 5 5600GT with Radeon Graphics","Null Device",False
2026-10-08T04:35:13.8157620Z,bandwidth,bw-m512-t8-v16-r3,bw.bytype.moveorder,share,80000,512,8,16,10,10,4,5,8,0.081,0.083,0.104,0.111,0.112,"AMD Ryzen 5 5600GT with Radeon Graphics","Null Device",False
2026-10-08T04:35:13.8162490Z,bandwidth,bw-m512-t8-v16-r3,bw.moveorder,count,80000,512,8,16,10,10,4,5,8,27190.25,26809,29393.2,29933.04,30068,"AMD Ryzen 5 5600GT with Radeon Graphics","Null Device",False
2026-10-08T04:35:13.8167130Z,bandwidth,bw-m512-t8-v16-r3,bw.bytype.correction,share,80000,512,8,16,10,10,4,5,8,0.537,0.503,0.708,0.732,0.738,"AMD Ryzen 5 5600GT with Radeon Graphics","Null Device",False
2026-10-08T04:35:13.8171660Z,bandwidth,bw-m512-t8-v16-r3,bw.correction,count,80000,512,8,16,10,10,4,5,8,1549814.5,1476608.5,1908762.6,1924124.52,1927965,"AMD Ryzen 5 5600GT with Radeon Graphics","Null Device",False
2026-10-08T04:35:13.8176340Z,bandwidth,bw-m512-t8-v16-r3,bw.bytype.health,share,80000,512,8,16,10,10,4,5,8,0.023,0.024,0.026,0.026,0.026,"AMD Ryzen 5 5600GT with Radeon Graphics","Null Device",False
2026-10-08T04:35:13.8180830Z,bandwidth,bw-m512-t8-v16-r3,bw.health,count,80000,512,8,16,10,10,4,5,8,154937,154182.5,165648,165664.8,165669,"AMD Ryzen 5 5600GT with Radeon Graphics","Null Device",False
2026-10-08T04:35:13.8185910Z,bandwidth,bw-m512-t8-v16-r3,bw.bytype.enter,share,80000,512,8,16,10,10,4,5,8,0.331,0.341,0.46,0.481,0.486,"AMD Ryzen 5 5600GT with Radeon Graphics","Null Device",False
2026-10-08T04:35:13.8190450Z,bandwidth,bw-m512-t8-v16-r3,bw.enter,count,80000,512,8,16,10,10,4,5,8,112639.5,103830,163741.05,166965.81,167772,"AMD Ryzen 5 5600GT with Radeon Graphics","Null Device",False
2026-10-08T04:35:13.8195140Z,bandwidth,bw-m512-t8-v16-r3,bw.bytype.leave,share,80000,512,8,16,10,10,4,5,8,0.017,0.018,0.022,0.023,0.023,"AMD Ryzen 5 5600GT with Radeon Graphics","Null Device",False
2026-10-08T04:35:13.8199920Z,bandwidth,bw-m512-t8-v16-r3,bw.leave,count,80000,512,8,16,10,10,4,5,8,98486.25,89690.5,149065.1,152563.42,153438,"AMD Ryzen 5 5600GT with Radeon Graphics","Null Device",False
2026-10-08T04:35:13.8204550Z,bandwidth,bw-m512-t8-v16-r3,bw.bytype.explosion,share,80000,512,8,16,10,10,4,5,8,0.007,0.007,0.007,0.008,0.008,"AMD Ryzen 5 5600GT with Radeon Graphics","Null Device",False
2026-10-08T04:35:13.8209010Z,bandwidth,bw-m512-t8-v16-r3,bw.explosion,count,80000,512,8,16,10,10,4,5,8,23833.375,23538,25418.55,25420.51,25421,"AMD Ryzen 5 5600GT with Radeon Graphics","Null Device",False
2026-10-08T04:35:13.8213580Z,bandwidth,bw-m512-t8-v16-r3,bw.bytype.fogdelta,share,80000,512,8,16,10,10,4,5,8,0.004,0.003,0.007,0.009,0.009,"AMD Ryzen 5 5600GT with Radeon Graphics","Null Device",False
2026-10-08T04:35:13.8217900Z,bandwidth,bw-m512-t8-v16-r3,bw.fogdelta,count,80000,512,8,16,10,10,4,5,8,40601.875,36365.5,68371.4,77867.88,80242,"AMD Ryzen 5 5600GT with Radeon Graphics","Null Device",False
2026-10-08T04:35:13.8222250Z,bandwidth,bw-m512-t8-v16-r3,bw.waypoints,waypoints,80000,512,8,16,10,10,4,5,1,14.076,14.076,14.076,14.076,14.076,"AMD Ryzen 5 5600GT with Radeon Graphics","Null Device",False
2026-10-08T04:35:13.8226530Z,bandwidth,bw-m512-t8-v16-r3,bw.waypoints.smoothed,waypoints,80000,512,8,16,10,10,4,5,1,2.5,2.5,2.5,2.5,2.5,"AMD Ryzen 5 5600GT with Radeon Graphics","Null Device",False
2026-10-08T04:35:13.8230890Z,bandwidth,bw-m512-t8-v16-r3,bw.waypoints.saved,share,80000,512,8,16,10,10,4,5,1,0.822,0.822,0.822,0.822,0.822,"AMD Ryzen 5 5600GT with Radeon Graphics","Null Device",False
2026-10-08T04:35:13.8260090Z,bandwidth,bw-m512-t8-v16-r3,bw.units,units,80000,512,8,16,10,10,4,5,1,79964,79964,79964,79964,79964,"AMD Ryzen 5 5600GT with Radeon Graphics","Null Device",False
2026-10-08T04:35:13.8314700Z,bandwidth,bw-m512-t8-v16-r3,bw.units.engaged,share,80000,512,8,16,10,10,4,5,1,0.077,0.077,0.077,0.077,0.077,"AMD Ryzen 5 5600GT with Radeon Graphics","Null Device",False
2026-10-08T04:35:13.8322350Z,bandwidth,bw-m512-t8-v16-r3,bw.units.ordered,share,80000,512,8,16,10,10,4,5,1,0.971,0.971,0.971,0.971,0.971,"AMD Ryzen 5 5600GT with Radeon Graphics","Null Device",False
2026-10-08T04:35:13.8329480Z,bandwidth,bw-m512-t8-v16-r3,bw.allowed,units,80000,512,8,16,10,10,4,5,1,14997,14997,14997,14997,14997,"AMD Ryzen 5 5600GT with Radeon Graphics","Null Device",False
2026-10-08T04:35:13.8334180Z,bandwidth,bw-m512-t8-v16-r3,bw.corrections.perunit,corrections,80000,512,8,16,10,10,4,5,1,0.074,0.074,0.074,0.074,0.074,"AMD Ryzen 5 5600GT with Radeon Graphics","Null Device",False
2026-10-08T04:35:13.8344310Z,bandwidth,bw-m512-t8-v16-r3,bw.error.all.mean,tiles,80000,512,8,16,10,10,4,5,1,0.36,0.36,0.36,0.36,0.36,"AMD Ryzen 5 5600GT with Radeon Graphics","Null Device",False
2026-10-08T04:35:13.8349550Z,bandwidth,bw-m512-t8-v16-r3,bw.error.all.p50,tiles,80000,512,8,16,10,10,4,5,1,0.078,0.078,0.078,0.078,0.078,"AMD Ryzen 5 5600GT with Radeon Graphics","Null Device",False
2026-10-08T04:35:13.8356170Z,bandwidth,bw-m512-t8-v16-r3,bw.error.all.p95,tiles,80000,512,8,16,10,10,4,5,1,1.641,1.641,1.641,1.641,1.641,"AMD Ryzen 5 5600GT with Radeon Graphics","Null Device",False
2026-10-08T04:35:13.8363100Z,bandwidth,bw-m512-t8-v16-r3,bw.error.all.p99,tiles,80000,512,8,16,10,10,4,5,1,1.938,1.938,1.938,1.938,1.938,"AMD Ryzen 5 5600GT with Radeon Graphics","Null Device",False
2026-10-08T04:35:13.8370580Z,bandwidth,bw-m512-t8-v16-r3,bw.error.view.mean,tiles,80000,512,8,16,10,10,4,5,1,0.063,0.063,0.063,0.063,0.063,"AMD Ryzen 5 5600GT with Radeon Graphics","Null Device",False
2026-10-08T04:35:13.8377170Z,bandwidth,bw-m512-t8-v16-r3,bw.error.view.p50,tiles,80000,512,8,16,10,10,4,5,1,0.063,0.063,0.063,0.063,0.063,"AMD Ryzen 5 5600GT with Radeon Graphics","Null Device",False
2026-10-08T04:35:13.8383710Z,bandwidth,bw-m512-t8-v16-r3,bw.error.view.p95,tiles,80000,512,8,16,10,10,4,5,1,0.203,0.203,0.203,0.203,0.203,"AMD Ryzen 5 5600GT with Radeon Graphics","Null Device",False
2026-10-08T04:35:13.8390150Z,bandwidth,bw-m512-t8-v16-r3,bw.error.view.p99,tiles,80000,512,8,16,10,10,4,5,1,0.25,0.25,0.25,0.25,0.25,"AMD Ryzen 5 5600GT with Radeon Graphics","Null Device",False
2026-10-08T04:35:13.8397500Z,bandwidth,bw-m512-t8-v16-r3,bw.error.raw.mean,tiles,80000,512,8,16,10,10,4,5,1,0.849,0.849,0.849,0.849,0.849,"AMD Ryzen 5 5600GT with Radeon Graphics","Null Device",False
2026-10-08T04:35:13.8404070Z,bandwidth,bw-m512-t8-v16-r3,bw.error.raw.p50,tiles,80000,512,8,16,10,10,4,5,1,0.734,0.734,0.734,0.734,0.734,"AMD Ryzen 5 5600GT with Radeon Graphics","Null Device",False
2026-10-08T04:35:13.8410400Z,bandwidth,bw-m512-t8-v16-r3,bw.error.raw.p95,tiles,80000,512,8,16,10,10,4,5,1,1.891,1.891,1.891,1.891,1.891,"AMD Ryzen 5 5600GT with Radeon Graphics","Null Device",False
2026-10-08T04:35:13.8416840Z,bandwidth,bw-m512-t8-v16-r3,bw.error.raw.p99,tiles,80000,512,8,16,10,10,4,5,1,2.438,2.438,2.438,2.438,2.438,"AMD Ryzen 5 5600GT with Radeon Graphics","Null Device",False
2026-10-08T04:35:13.8424170Z,bandwidth,bw-m512-t8-v16-r3,bw.error.rawanchored.mean,tiles,80000,512,8,16,10,10,4,5,1,0.823,0.823,0.823,0.823,0.823,"AMD Ryzen 5 5600GT with Radeon Graphics","Null Device",False
2026-10-08T04:35:13.8430630Z,bandwidth,bw-m512-t8-v16-r3,bw.error.rawanchored.p50,tiles,80000,512,8,16,10,10,4,5,1,0.734,0.734,0.734,0.734,0.734,"AMD Ryzen 5 5600GT with Radeon Graphics","Null Device",False
2026-10-08T04:35:13.8436960Z,bandwidth,bw-m512-t8-v16-r3,bw.error.rawanchored.p95,tiles,80000,512,8,16,10,10,4,5,1,1.875,1.875,1.875,1.875,1.875,"AMD Ryzen 5 5600GT with Radeon Graphics","Null Device",False
2026-10-08T04:35:13.8443040Z,bandwidth,bw-m512-t8-v16-r3,bw.error.rawanchored.p99,tiles,80000,512,8,16,10,10,4,5,1,2.391,2.391,2.391,2.391,2.391,"AMD Ryzen 5 5600GT with Radeon Graphics","Null Device",False
2026-10-08T04:35:13.8447760Z,bandwidth,bw-m512-t8-v16-r3,bw.checks.anchored,share,80000,512,8,16,10,10,4,5,1,0.947,0.947,0.947,0.947,0.947,"AMD Ryzen 5 5600GT with Radeon Graphics","Null Device",False
2026-10-08T04:35:13.8453570Z,bandwidth,bw-m512-t8-v16-r3,bw.route.live,waypoints,80000,512,8,16,10,10,4,5,1,3552134,3552134,3552134,3552134,3552134,"AMD Ryzen 5 5600GT with Radeon Graphics","Null Device",False
2026-10-08T04:35:13.8458910Z,bandwidth,bw-m512-t8-v16-r3,bw.route.arena,MB,80000,512,8,16,10,10,4,5,1,32,32,32,32,32,"AMD Ryzen 5 5600GT with Radeon Graphics","Null Device",False
2026-10-08T04:35:17.4006600Z,bandwidth,bw-m512-t8-v32-r3,bw.snapshot.bytes,KB,80000,512,8,32,10,10,4,5,8,398.31,403.205,404.088,404.125,404.135,"AMD Ryzen 5 5600GT with Radeon Graphics","Null Device",False
2026-10-08T04:35:17.4106980Z,bandwidth,bw-m512-t8-v32-r3,bw.snapshot.wire,KB,80000,512,8,32,10,10,4,5,8,416.027,421.136,422.073,422.11,422.119,"AMD Ryzen 5 5600GT with Radeon Graphics","Null Device",False
2026-10-08T04:35:17.4111810Z,bandwidth,bw-m512-t8-v32-r3,bw.snapshot.units,units,80000,512,8,32,10,10,4,5,8,20000,20000,20000,20000,20000,"AMD Ryzen 5 5600GT with Radeon Graphics","Null Device",False
2026-10-08T04:35:17.4116320Z,bandwidth,bw-m512-t8-v32-r3,bw.snapshot.seconds,s,80000,512,8,32,10,10,4,5,8,1.625,1.645,1.649,1.649,1.649,"AMD Ryzen 5 5600GT with Radeon Graphics","Null Device",False
2026-10-08T04:36:01.0675350Z,bandwidth,bw-m512-t8-v32-r3,bw.avg,KB/s,80000,512,8,32,10,10,4,5,8,273.768,270.643,317.926,326.322,328.421,"AMD Ryzen 5 5600GT with Radeon Graphics","Null Device",False
2026-10-08T04:36:01.0683490Z,bandwidth,bw-m512-t8-v32-r3,bw.peak1s,KB/s,80000,512,8,32,10,10,4,5,8,445.681,436.383,565.105,580.312,584.114,"AMD Ryzen 5 5600GT with Radeon Graphics","Null Device",False
2026-10-08T04:36:01.0690540Z,bandwidth,bw-m512-t8-v32-r3,bw.wire.avg,KB/s,80000,512,8,32,10,10,4,5,8,293.259,289.293,338.912,347.617,349.793,"AMD Ryzen 5 5600GT with Radeon Graphics","Null Device",False
2026-10-08T04:36:01.0695540Z,bandwidth,bw-m512-t8-v32-r3,bw.wire.peak1s,KB/s,80000,512,8,32,10,10,4,5,8,475.098,464.669,599.962,616.776,620.979,"AMD Ryzen 5 5600GT with Radeon Graphics","Null Device",False
2026-10-08T04:36:01.0699810Z,bandwidth,bw-m512-t8-v32-r3,bw.encode.ms,ms,80000,512,8,32,10,10,4,5,1200,2.151,2.229,2.867,3.23,6.282,"AMD Ryzen 5 5600GT with Radeon Graphics","Null Device",False
2026-10-08T04:36:01.0708800Z,bandwidth,bw-m512-t8-v32-r3,bw.interest.ms,ms,80000,512,8,32,10,10,4,5,1200,5.109,5.06,5.618,5.98,6.91,"AMD Ryzen 5 5600GT with Radeon Graphics","Null Device",False
2026-10-08T04:36:01.0717710Z,bandwidth,bw-m512-t8-v32-r3,bw.routes.ms,ms,80000,512,8,32,10,10,4,5,1200,1.427,0.963,1.409,23.538,52.369,"AMD Ryzen 5 5600GT with Radeon Graphics","Null Device",False
2026-10-08T04:36:01.0726760Z,bandwidth,bw-m512-t8-v32-r3,bw.routes.deferred,units,80000,512,8,32,10,10,4,5,1200,0,0,0,0,0,"AMD Ryzen 5 5600GT with Radeon Graphics","Null Device",False
2026-10-08T04:36:01.0747210Z,bandwidth,bw-m512-t8-v32-r3,bw.bytype.moveorder,share,80000,512,8,32,10,10,4,5,8,0.082,0.078,0.097,0.098,0.099,"AMD Ryzen 5 5600GT with Radeon Graphics","Null Device",False
2026-10-08T04:36:01.0751950Z,bandwidth,bw-m512-t8-v32-r3,bw.moveorder,count,80000,512,8,32,10,10,4,5,8,31055.5,31110.5,34929.45,34933.09,34934,"AMD Ryzen 5 5600GT with Radeon Graphics","Null Device",False
2026-10-08T04:36:01.0756340Z,bandwidth,bw-m512-t8-v32-r3,bw.bytype.correction,share,80000,512,8,32,10,10,4,5,8,0.494,0.473,0.667,0.687,0.692,"AMD Ryzen 5 5600GT with Radeon Graphics","Null Device",False
2026-10-08T04:36:01.0760580Z,bandwidth,bw-m512-t8-v32-r3,bw.correction,count,80000,512,8,32,10,10,4,5,8,1614016,1534737.5,1932119.05,1945110.21,1948358,"AMD Ryzen 5 5600GT with Radeon Graphics","Null Device",False
2026-10-08T04:36:01.0764960Z,bandwidth,bw-m512-t8-v32-r3,bw.bytype.health,share,80000,512,8,32,10,10,4,5,8,0.02,0.02,0.023,0.023,0.023,"AMD Ryzen 5 5600GT with Radeon Graphics","Null Device",False
2026-10-08T04:36:01.0769200Z,bandwidth,bw-m512-t8-v32-r3,bw.health,count,80000,512,8,32,10,10,4,5,8,154950.75,154184.5,165680.25,165704.05,165710,"AMD Ryzen 5 5600GT with Radeon Graphics","Null Device",False
2026-10-08T04:36:01.0773460Z,bandwidth,bw-m512-t8-v32-r3,bw.bytype.enter,share,80000,512,8,32,10,10,4,5,8,0.375,0.388,0.487,0.496,0.498,"AMD Ryzen 5 5600GT with Radeon Graphics","Null Device",False
2026-10-08T04:36:01.0777600Z,bandwidth,bw-m512-t8-v32-r3,bw.enter,count,80000,512,8,32,10,10,4,5,8,140531.625,140879.5,192276.1,199168.02,200891,"AMD Ryzen 5 5600GT with Radeon Graphics","Null Device",False
2026-10-08T04:36:01.0781850Z,bandwidth,bw-m512-t8-v32-r3,bw.bytype.leave,share,80000,512,8,32,10,10,4,5,8,0.019,0.02,0.024,0.025,0.025,"AMD Ryzen 5 5600GT with Radeon Graphics","Null Device",False
2026-10-08T04:36:01.0786100Z,bandwidth,bw-m512-t8-v32-r3,bw.leave,count,80000,512,8,32,10,10,4,5,8,124339.625,122695,175526.15,182378.03,184091,"AMD Ryzen 5 5600GT with Radeon Graphics","Null Device",False
2026-10-08T04:36:01.0790380Z,bandwidth,bw-m512-t8-v32-r3,bw.bytype.explosion,share,80000,512,8,32,10,10,4,5,8,0.006,0.006,0.007,0.007,0.007,"AMD Ryzen 5 5600GT with Radeon Graphics","Null Device",False
2026-10-08T04:36:01.0794730Z,bandwidth,bw-m512-t8-v32-r3,bw.explosion,count,80000,512,8,32,10,10,4,5,8,23869.5,23678.5,25422.1,25426.02,25427,"AMD Ryzen 5 5600GT with Radeon Graphics","Null Device",False
2026-10-08T04:36:01.0798910Z,bandwidth,bw-m512-t8-v32-r3,bw.bytype.fogdelta,share,80000,512,8,32,10,10,4,5,8,0.004,0.004,0.007,0.008,0.008,"AMD Ryzen 5 5600GT with Radeon Graphics","Null Device",False
2026-10-08T04:36:01.0803160Z,bandwidth,bw-m512-t8-v32-r3,bw.fogdelta,count,80000,512,8,32,10,10,4,5,8,54836.75,42499.5,98657.45,109155.49,111780,"AMD Ryzen 5 5600GT with Radeon Graphics","Null Device",False
2026-10-08T04:36:01.0807390Z,bandwidth,bw-m512-t8-v32-r3,bw.waypoints,waypoints,80000,512,8,32,10,10,4,5,1,14.076,14.076,14.076,14.076,14.076,"AMD Ryzen 5 5600GT with Radeon Graphics","Null Device",False
2026-10-08T04:36:01.0811590Z,bandwidth,bw-m512-t8-v32-r3,bw.waypoints.smoothed,waypoints,80000,512,8,32,10,10,4,5,1,2.5,2.5,2.5,2.5,2.5,"AMD Ryzen 5 5600GT with Radeon Graphics","Null Device",False
2026-10-08T04:36:01.0815810Z,bandwidth,bw-m512-t8-v32-r3,bw.waypoints.saved,share,80000,512,8,32,10,10,4,5,1,0.822,0.822,0.822,0.822,0.822,"AMD Ryzen 5 5600GT with Radeon Graphics","Null Device",False
2026-10-08T04:36:01.0841660Z,bandwidth,bw-m512-t8-v32-r3,bw.units,units,80000,512,8,32,10,10,4,5,1,79964,79964,79964,79964,79964,"AMD Ryzen 5 5600GT with Radeon Graphics","Null Device",False
2026-10-08T04:36:01.0883100Z,bandwidth,bw-m512-t8-v32-r3,bw.units.engaged,share,80000,512,8,32,10,10,4,5,1,0.077,0.077,0.077,0.077,0.077,"AMD Ryzen 5 5600GT with Radeon Graphics","Null Device",False
2026-10-08T04:36:01.0887530Z,bandwidth,bw-m512-t8-v32-r3,bw.units.ordered,share,80000,512,8,32,10,10,4,5,1,0.971,0.971,0.971,0.971,0.971,"AMD Ryzen 5 5600GT with Radeon Graphics","Null Device",False
2026-10-08T04:36:01.0892960Z,bandwidth,bw-m512-t8-v32-r3,bw.allowed,units,80000,512,8,32,10,10,4,5,1,16847,16847,16847,16847,16847,"AMD Ryzen 5 5600GT with Radeon Graphics","Null Device",False
2026-10-08T04:36:01.0897460Z,bandwidth,bw-m512-t8-v32-r3,bw.corrections.perunit,corrections,80000,512,8,32,10,10,4,5,1,0.068,0.068,0.068,0.068,0.068,"AMD Ryzen 5 5600GT with Radeon Graphics","Null Device",False
2026-10-08T04:36:01.0907270Z,bandwidth,bw-m512-t8-v32-r3,bw.error.all.mean,tiles,80000,512,8,32,10,10,4,5,1,0.387,0.387,0.387,0.387,0.387,"AMD Ryzen 5 5600GT with Radeon Graphics","Null Device",False
2026-10-08T04:36:01.0912530Z,bandwidth,bw-m512-t8-v32-r3,bw.error.all.p50,tiles,80000,512,8,32,10,10,4,5,1,0.078,0.078,0.078,0.078,0.078,"AMD Ryzen 5 5600GT with Radeon Graphics","Null Device",False
2026-10-08T04:36:01.0917030Z,bandwidth,bw-m512-t8-v32-r3,bw.error.all.p95,tiles,80000,512,8,32,10,10,4,5,1,1.688,1.688,1.688,1.688,1.688,"AMD Ryzen 5 5600GT with Radeon Graphics","Null Device",False
2026-10-08T04:36:01.0921310Z,bandwidth,bw-m512-t8-v32-r3,bw.error.all.p99,tiles,80000,512,8,32,10,10,4,5,1,1.938,1.938,1.938,1.938,1.938,"AMD Ryzen 5 5600GT with Radeon Graphics","Null Device",False
2026-10-08T04:36:01.0926230Z,bandwidth,bw-m512-t8-v32-r3,bw.error.view.mean,tiles,80000,512,8,32,10,10,4,5,1,0.063,0.063,0.063,0.063,0.063,"AMD Ryzen 5 5600GT with Radeon Graphics","Null Device",False
2026-10-08T04:36:01.0930650Z,bandwidth,bw-m512-t8-v32-r3,bw.error.view.p50,tiles,80000,512,8,32,10,10,4,5,1,0.063,0.063,0.063,0.063,0.063,"AMD Ryzen 5 5600GT with Radeon Graphics","Null Device",False
2026-10-08T04:36:01.0934920Z,bandwidth,bw-m512-t8-v32-r3,bw.error.view.p95,tiles,80000,512,8,32,10,10,4,5,1,0.203,0.203,0.203,0.203,0.203,"AMD Ryzen 5 5600GT with Radeon Graphics","Null Device",False
2026-10-08T04:36:01.0939080Z,bandwidth,bw-m512-t8-v32-r3,bw.error.view.p99,tiles,80000,512,8,32,10,10,4,5,1,0.25,0.25,0.25,0.25,0.25,"AMD Ryzen 5 5600GT with Radeon Graphics","Null Device",False
2026-10-08T04:36:01.0943930Z,bandwidth,bw-m512-t8-v32-r3,bw.error.raw.mean,tiles,80000,512,8,32,10,10,4,5,1,0.849,0.849,0.849,0.849,0.849,"AMD Ryzen 5 5600GT with Radeon Graphics","Null Device",False
2026-10-08T04:36:01.0948200Z,bandwidth,bw-m512-t8-v32-r3,bw.error.raw.p50,tiles,80000,512,8,32,10,10,4,5,1,0.734,0.734,0.734,0.734,0.734,"AMD Ryzen 5 5600GT with Radeon Graphics","Null Device",False
2026-10-08T04:36:01.0952450Z,bandwidth,bw-m512-t8-v32-r3,bw.error.raw.p95,tiles,80000,512,8,32,10,10,4,5,1,1.891,1.891,1.891,1.891,1.891,"AMD Ryzen 5 5600GT with Radeon Graphics","Null Device",False
2026-10-08T04:36:01.0956590Z,bandwidth,bw-m512-t8-v32-r3,bw.error.raw.p99,tiles,80000,512,8,32,10,10,4,5,1,2.438,2.438,2.438,2.438,2.438,"AMD Ryzen 5 5600GT with Radeon Graphics","Null Device",False
2026-10-08T04:36:01.0961350Z,bandwidth,bw-m512-t8-v32-r3,bw.error.rawanchored.mean,tiles,80000,512,8,32,10,10,4,5,1,0.824,0.824,0.824,0.824,0.824,"AMD Ryzen 5 5600GT with Radeon Graphics","Null Device",False
2026-10-08T04:36:01.0965740Z,bandwidth,bw-m512-t8-v32-r3,bw.error.rawanchored.p50,tiles,80000,512,8,32,10,10,4,5,1,0.734,0.734,0.734,0.734,0.734,"AMD Ryzen 5 5600GT with Radeon Graphics","Null Device",False
2026-10-08T04:36:01.0969920Z,bandwidth,bw-m512-t8-v32-r3,bw.error.rawanchored.p95,tiles,80000,512,8,32,10,10,4,5,1,1.891,1.891,1.891,1.891,1.891,"AMD Ryzen 5 5600GT with Radeon Graphics","Null Device",False
2026-10-08T04:36:01.0974120Z,bandwidth,bw-m512-t8-v32-r3,bw.error.rawanchored.p99,tiles,80000,512,8,32,10,10,4,5,1,2.391,2.391,2.391,2.391,2.391,"AMD Ryzen 5 5600GT with Radeon Graphics","Null Device",False
2026-10-08T04:36:01.0978770Z,bandwidth,bw-m512-t8-v32-r3,bw.checks.anchored,share,80000,512,8,32,10,10,4,5,1,0.947,0.947,0.947,0.947,0.947,"AMD Ryzen 5 5600GT with Radeon Graphics","Null Device",False
2026-10-08T04:36:01.0983050Z,bandwidth,bw-m512-t8-v32-r3,bw.route.live,waypoints,80000,512,8,32,10,10,4,5,1,3552134,3552134,3552134,3552134,3552134,"AMD Ryzen 5 5600GT with Radeon Graphics","Null Device",False
2026-10-08T04:36:01.0987270Z,bandwidth,bw-m512-t8-v32-r3,bw.route.arena,MB,80000,512,8,32,10,10,4,5,1,32,32,32,32,32,"AMD Ryzen 5 5600GT with Radeon Graphics","Null Device",False
2026-10-08T04:36:04.6068500Z,bandwidth,bw-plan-m512-t2-v8-r3,bw.snapshot.bytes,KB,80000,512,2,8,10,10,4,5,8,799.978,799.978,813.665,813.665,813.665,"AMD Ryzen 5 5600GT with Radeon Graphics","Null Device",False
2026-10-08T04:36:04.6163040Z,bandwidth,bw-plan-m512-t2-v8-r3,bw.snapshot.wire,KB,80000,512,2,8,10,10,4,5,8,835.561,835.561,849.884,849.884,849.884,"AMD Ryzen 5 5600GT with Radeon Graphics","Null Device",False
2026-10-08T04:36:04.6167720Z,bandwidth,bw-plan-m512-t2-v8-r3,bw.snapshot.units,units,80000,512,2,8,10,10,4,5,8,40000,40000,40000,40000,40000,"AMD Ryzen 5 5600GT with Radeon Graphics","Null Device",False
2026-10-08T04:36:04.6172280Z,bandwidth,bw-plan-m512-t2-v8-r3,bw.snapshot.seconds,s,80000,512,2,8,10,10,4,5,8,3.264,3.264,3.32,3.32,3.32,"AMD Ryzen 5 5600GT with Radeon Graphics","Null Device",False
2026-10-08T04:36:46.4099650Z,bandwidth,bw-plan-m512-t2-v8-r3,bw.avg,KB/s,80000,512,2,8,10,10,4,5,8,1863.134,1863.134,1922.374,1922.374,1922.374,"AMD Ryzen 5 5600GT with Radeon Graphics","Null Device",False
2026-10-08T04:36:46.4106040Z,bandwidth,bw-plan-m512-t2-v8-r3,bw.peak1s,KB/s,80000,512,2,8,10,10,4,5,8,2232.383,2232.383,2241.262,2241.262,2241.262,"AMD Ryzen 5 5600GT with Radeon Graphics","Null Device",False
2026-10-08T04:36:46.4111250Z,bandwidth,bw-plan-m512-t2-v8-r3,bw.wire.avg,KB/s,80000,512,2,8,10,10,4,5,8,2026.848,2026.848,2091.453,2091.453,2091.453,"AMD Ryzen 5 5600GT with Radeon Graphics","Null Device",False
2026-10-08T04:36:46.4116010Z,bandwidth,bw-plan-m512-t2-v8-r3,bw.wire.peak1s,KB/s,80000,512,2,8,10,10,4,5,8,2430.049,2430.049,2438.828,2438.828,2438.828,"AMD Ryzen 5 5600GT with Radeon Graphics","Null Device",False
2026-10-08T04:36:46.4120700Z,bandwidth,bw-plan-m512-t2-v8-r3,bw.encode.ms,ms,80000,512,2,8,10,10,4,5,1200,7.509,8.124,9.65,10.15,13.339,"AMD Ryzen 5 5600GT with Radeon Graphics","Null Device",False
2026-10-08T04:36:46.4130340Z,bandwidth,bw-plan-m512-t2-v8-r3,bw.interest.ms,ms,80000,512,2,8,10,10,4,5,1200,2.28,2.172,3.109,3.419,3.831,"AMD Ryzen 5 5600GT with Radeon Graphics","Null Device",False
2026-10-08T04:36:46.4140110Z,bandwidth,bw-plan-m512-t2-v8-r3,bw.routes.ms,ms,80000,512,2,8,10,10,4,5,1200,1.451,0.984,1.47,23.007,54.111,"AMD Ryzen 5 5600GT with Radeon Graphics","Null Device",False
2026-10-08T04:36:46.4150000Z,bandwidth,bw-plan-m512-t2-v8-r3,bw.routes.deferred,units,80000,512,2,8,10,10,4,5,1200,0,0,0,0,0,"AMD Ryzen 5 5600GT with Radeon Graphics","Null Device",False
2026-10-08T04:36:46.4171580Z,bandwidth,bw-plan-m512-t2-v8-r3,bw.bytype.moveorder,share,80000,512,2,8,10,10,4,5,8,0.031,0.031,0.032,0.032,0.032,"AMD Ryzen 5 5600GT with Radeon Graphics","Null Device",False
2026-10-08T04:36:46.4176630Z,bandwidth,bw-plan-m512-t2-v8-r3,bw.moveorder,count,80000,512,2,8,10,10,4,5,8,74222.5,74222.5,74925,74925,74925,"AMD Ryzen 5 5600GT with Radeon Graphics","Null Device",False
2026-10-08T04:36:46.4181320Z,bandwidth,bw-plan-m512-t2-v8-r3,bw.bytype.correction,share,80000,512,2,8,10,10,4,5,8,0.947,0.947,0.949,0.949,0.949,"AMD Ryzen 5 5600GT with Radeon Graphics","Null Device",False
2026-10-08T04:36:46.4186020Z,bandwidth,bw-plan-m512-t2-v8-r3,bw.correction,count,80000,512,2,8,10,10,4,5,8,18068560.5,18068560.5,18671807,18671807,18671807,"AMD Ryzen 5 5600GT with Radeon Graphics","Null Device",False
2026-10-08T04:36:46.4190490Z,bandwidth,bw-plan-m512-t2-v8-r3,bw.bytype.health,share,80000,512,2,8,10,10,4,5,8,0.006,0.006,0.006,0.006,0.006,"AMD Ryzen 5 5600GT with Radeon Graphics","Null Device",False
2026-10-08T04:36:46.4195120Z,bandwidth,bw-plan-m512-t2-v8-r3,bw.health,count,80000,512,2,8,10,10,4,5,8,310000,310000,316727,316727,316727,"AMD Ryzen 5 5600GT with Radeon Graphics","Null Device",False
2026-10-08T04:36:46.4199670Z,bandwidth,bw-plan-m512-t2-v8-r3,bw.bytype.enter,share,80000,512,2,8,10,10,4,5,8,0.013,0.013,0.013,0.013,0.013,"AMD Ryzen 5 5600GT with Radeon Graphics","Null Device",False
2026-10-08T04:36:46.4204220Z,bandwidth,bw-plan-m512-t2-v8-r3,bw.enter,count,80000,512,2,8,10,10,4,5,8,87738,87738,88544,88544,88544,"AMD Ryzen 5 5600GT with Radeon Graphics","Null Device",False
2026-10-08T04:36:46.4208770Z,bandwidth,bw-plan-m512-t2-v8-r3,bw.bytype.leave,share,80000,512,2,8,10,10,4,5,8,0.001,0.001,0.001,0.001,0.001,"AMD Ryzen 5 5600GT with Radeon Graphics","Null Device",False
2026-10-08T04:36:46.4213290Z,bandwidth,bw-plan-m512-t2-v8-r3,bw.leave,count,80000,512,2,8,10,10,4,5,8,47756,47756,48571,48571,48571,"AMD Ryzen 5 5600GT with Radeon Graphics","Null Device",False
2026-10-08T04:36:46.4217560Z,bandwidth,bw-plan-m512-t2-v8-r3,bw.bytype.explosion,share,80000,512,2,8,10,10,4,5,8,0.002,0.002,0.002,0.002,0.002,"AMD Ryzen 5 5600GT with Radeon Graphics","Null Device",False
2026-10-08T04:36:46.4222160Z,bandwidth,bw-plan-m512-t2-v8-r3,bw.explosion,count,80000,512,2,8,10,10,4,5,8,47525,47525,48518,48518,48518,"AMD Ryzen 5 5600GT with Radeon Graphics","Null Device",False
2026-10-08T04:36:46.4226750Z,bandwidth,bw-plan-m512-t2-v8-r3,bw.bytype.fogdelta,share,80000,512,2,8,10,10,4,5,8,0.001,0.001,0.001,0.001,0.001,"AMD Ryzen 5 5600GT with Radeon Graphics","Null Device",False
2026-10-08T04:36:46.4232320Z,bandwidth,bw-plan-m512-t2-v8-r3,bw.fogdelta,count,80000,512,2,8,10,10,4,5,8,87328,87328,119743,119743,119743,"AMD Ryzen 5 5600GT with Radeon Graphics","Null Device",False
2026-10-08T04:36:46.4237090Z,bandwidth,bw-plan-m512-t2-v8-r3,bw.waypoints,waypoints,80000,512,2,8,10,10,4,5,1,14.076,14.076,14.076,14.076,14.076,"AMD Ryzen 5 5600GT with Radeon Graphics","Null Device",False
2026-10-08T04:36:46.4241610Z,bandwidth,bw-plan-m512-t2-v8-r3,bw.waypoints.smoothed,waypoints,80000,512,2,8,10,10,4,5,1,2.5,2.5,2.5,2.5,2.5,"AMD Ryzen 5 5600GT with Radeon Graphics","Null Device",False
2026-10-08T04:36:46.4246210Z,bandwidth,bw-plan-m512-t2-v8-r3,bw.waypoints.saved,share,80000,512,2,8,10,10,4,5,1,0.822,0.822,0.822,0.822,0.822,"AMD Ryzen 5 5600GT with Radeon Graphics","Null Device",False
2026-10-08T04:36:46.4273020Z,bandwidth,bw-plan-m512-t2-v8-r3,bw.units,units,80000,512,2,8,10,10,4,5,1,79964,79964,79964,79964,79964,"AMD Ryzen 5 5600GT with Radeon Graphics","Null Device",False
2026-10-08T04:36:46.4314980Z,bandwidth,bw-plan-m512-t2-v8-r3,bw.units.engaged,share,80000,512,2,8,10,10,4,5,1,0.077,0.077,0.077,0.077,0.077,"AMD Ryzen 5 5600GT with Radeon Graphics","Null Device",False
2026-10-08T04:36:46.4319850Z,bandwidth,bw-plan-m512-t2-v8-r3,bw.units.ordered,share,80000,512,2,8,10,10,4,5,1,0.971,0.971,0.971,0.971,0.971,"AMD Ryzen 5 5600GT with Radeon Graphics","Null Device",False
2026-10-08T04:36:46.4339220Z,bandwidth,bw-plan-m512-t2-v8-r3,bw.allowed,units,80000,512,2,8,10,10,4,5,1,39973,39973,39973,39973,39973,"AMD Ryzen 5 5600GT with Radeon Graphics","Null Device",False
2026-10-08T04:36:46.4344280Z,bandwidth,bw-plan-m512-t2-v8-r3,bw.corrections.perunit,corrections,80000,512,2,8,10,10,4,5,1,0.389,0.389,0.389,0.389,0.389,"AMD Ryzen 5 5600GT with Radeon Graphics","Null Device",False
2026-10-08T04:36:46.4355820Z,bandwidth,bw-plan-m512-t2-v8-r3,bw.error.all.mean,tiles,80000,512,2,8,10,10,4,5,1,0.04,0.04,0.04,0.04,0.04,"AMD Ryzen 5 5600GT with Radeon Graphics","Null Device",False
2026-10-08T04:36:46.4361600Z,bandwidth,bw-plan-m512-t2-v8-r3,bw.error.all.p50,tiles,80000,512,2,8,10,10,4,5,1,0.031,0.031,0.031,0.031,0.031,"AMD Ryzen 5 5600GT with Radeon Graphics","Null Device",False
2026-10-08T04:36:46.4366460Z,bandwidth,bw-plan-m512-t2-v8-r3,bw.error.all.p95,tiles,80000,512,2,8,10,10,4,5,1,0.188,0.188,0.188,0.188,0.188,"AMD Ryzen 5 5600GT with Radeon Graphics","Null Device",False
2026-10-08T04:36:46.4371130Z,bandwidth,bw-plan-m512-t2-v8-r3,bw.error.all.p99,tiles,80000,512,2,8,10,10,4,5,1,0.25,0.25,0.25,0.25,0.25,"AMD Ryzen 5 5600GT with Radeon Graphics","Null Device",False
2026-10-08T04:36:46.4376500Z,bandwidth,bw-plan-m512-t2-v8-r3,bw.error.view.mean,tiles,80000,512,2,8,10,10,4,5,1,0.04,0.04,0.04,0.04,0.04,"AMD Ryzen 5 5600GT with Radeon Graphics","Null Device",False
2026-10-08T04:36:46.4381120Z,bandwidth,bw-plan-m512-t2-v8-r3,bw.error.view.p50,tiles,80000,512,2,8,10,10,4,5,1,0.031,0.031,0.031,0.031,0.031,"AMD Ryzen 5 5600GT with Radeon Graphics","Null Device",False
2026-10-08T04:36:46.4385680Z,bandwidth,bw-plan-m512-t2-v8-r3,bw.error.view.p95,tiles,80000,512,2,8,10,10,4,5,1,0.188,0.188,0.188,0.188,0.188,"AMD Ryzen 5 5600GT with Radeon Graphics","Null Device",False
2026-10-08T04:36:46.4390170Z,bandwidth,bw-plan-m512-t2-v8-r3,bw.error.view.p99,tiles,80000,512,2,8,10,10,4,5,1,0.25,0.25,0.25,0.25,0.25,"AMD Ryzen 5 5600GT with Radeon Graphics","Null Device",False
2026-10-08T04:36:46.4395450Z,bandwidth,bw-plan-m512-t2-v8-r3,bw.error.raw.mean,tiles,80000,512,2,8,10,10,4,5,1,0.641,0.641,0.641,0.641,0.641,"AMD Ryzen 5 5600GT with Radeon Graphics","Null Device",False
2026-10-08T04:36:46.4399930Z,bandwidth,bw-plan-m512-t2-v8-r3,bw.error.raw.p50,tiles,80000,512,2,8,10,10,4,5,1,0.594,0.594,0.594,0.594,0.594,"AMD Ryzen 5 5600GT with Radeon Graphics","Null Device",False
2026-10-08T04:36:46.4404640Z,bandwidth,bw-plan-m512-t2-v8-r3,bw.error.raw.p95,tiles,80000,512,2,8,10,10,4,5,1,1.266,1.266,1.266,1.266,1.266,"AMD Ryzen 5 5600GT with Radeon Graphics","Null Device",False
2026-10-08T04:36:46.4409110Z,bandwidth,bw-plan-m512-t2-v8-r3,bw.error.raw.p99,tiles,80000,512,2,8,10,10,4,5,1,1.453,1.453,1.453,1.453,1.453,"AMD Ryzen 5 5600GT with Radeon Graphics","Null Device",False
2026-10-08T04:36:46.4414330Z,bandwidth,bw-plan-m512-t2-v8-r3,bw.error.rawanchored.mean,tiles,80000,512,2,8,10,10,4,5,1,0.647,0.647,0.647,0.647,0.647,"AMD Ryzen 5 5600GT with Radeon Graphics","Null Device",False
2026-10-08T04:36:46.4418830Z,bandwidth,bw-plan-m512-t2-v8-r3,bw.error.rawanchored.p50,tiles,80000,512,2,8,10,10,4,5,1,0.594,0.594,0.594,0.594,0.594,"AMD Ryzen 5 5600GT with Radeon Graphics","Null Device",False
2026-10-08T04:36:46.4423380Z,bandwidth,bw-plan-m512-t2-v8-r3,bw.error.rawanchored.p95,tiles,80000,512,2,8,10,10,4,5,1,1.266,1.266,1.266,1.266,1.266,"AMD Ryzen 5 5600GT with Radeon Graphics","Null Device",False
2026-10-08T04:36:46.4427830Z,bandwidth,bw-plan-m512-t2-v8-r3,bw.error.rawanchored.p99,tiles,80000,512,2,8,10,10,4,5,1,1.453,1.453,1.453,1.453,1.453,"AMD Ryzen 5 5600GT with Radeon Graphics","Null Device",False
2026-10-08T04:36:46.4432950Z,bandwidth,bw-plan-m512-t2-v8-r3,bw.checks.anchored,share,80000,512,2,8,10,10,4,5,1,0.981,0.981,0.981,0.981,0.981,"AMD Ryzen 5 5600GT with Radeon Graphics","Null Device",False
2026-10-08T04:36:46.4437460Z,bandwidth,bw-plan-m512-t2-v8-r3,bw.route.live,waypoints,80000,512,2,8,10,10,4,5,1,3552134,3552134,3552134,3552134,3552134,"AMD Ryzen 5 5600GT with Radeon Graphics","Null Device",False
2026-10-08T04:36:46.4442020Z,bandwidth,bw-plan-m512-t2-v8-r3,bw.route.arena,MB,80000,512,2,8,10,10,4,5,1,32,32,32,32,32,"AMD Ryzen 5 5600GT with Radeon Graphics","Null Device",False
2026-10-08T04:36:49.9926700Z,bandwidth,bw-m512-t2-v8-r3,bw.snapshot.bytes,KB,80000,512,2,8,10,10,4,5,8,799.978,799.978,813.665,813.665,813.665,"AMD Ryzen 5 5600GT with Radeon Graphics","Null Device",False
2026-10-08T04:36:50.0034580Z,bandwidth,bw-m512-t2-v8-r3,bw.snapshot.wire,KB,80000,512,2,8,10,10,4,5,8,835.561,835.561,849.884,849.884,849.884,"AMD Ryzen 5 5600GT with Radeon Graphics","Null Device",False
2026-10-08T04:36:50.0041280Z,bandwidth,bw-m512-t2-v8-r3,bw.snapshot.units,units,80000,512,2,8,10,10,4,5,8,40000,40000,40000,40000,40000,"AMD Ryzen 5 5600GT with Radeon Graphics","Null Device",False
2026-10-08T04:36:50.0047560Z,bandwidth,bw-m512-t2-v8-r3,bw.snapshot.seconds,s,80000,512,2,8,10,10,4,5,8,3.264,3.264,3.32,3.32,3.32,"AMD Ryzen 5 5600GT with Radeon Graphics","Null Device",False
2026-10-08T04:37:27.3794430Z,bandwidth,bw-m512-t2-v8-r3,bw.avg,KB/s,80000,512,2,8,10,10,4,5,8,263.184,256.451,292.881,294.069,294.366,"AMD Ryzen 5 5600GT with Radeon Graphics","Null Device",False
2026-10-08T04:37:27.3799830Z,bandwidth,bw-m512-t2-v8-r3,bw.peak1s,KB/s,80000,512,2,8,10,10,4,5,8,513.27,513.576,528.472,532.767,533.841,"AMD Ryzen 5 5600GT with Radeon Graphics","Null Device",False
2026-10-08T04:37:27.3804570Z,bandwidth,bw-m512-t2-v8-r3,bw.wire.avg,KB/s,80000,512,2,8,10,10,4,5,8,283.683,276.338,316.023,317.251,317.558,"AMD Ryzen 5 5600GT with Radeon Graphics","Null Device",False
2026-10-08T04:37:27.3808940Z,bandwidth,bw-m512-t2-v8-r3,bw.wire.peak1s,KB/s,80000,512,2,8,10,10,4,5,8,541.346,541.575,557.978,562.617,563.777,"AMD Ryzen 5 5600GT with Radeon Graphics","Null Device",False
2026-10-08T04:37:27.3813400Z,bandwidth,bw-m512-t2-v8-r3,bw.encode.ms,ms,80000,512,2,8,10,10,4,5,1200,3.599,3.862,4.804,5.358,10.842,"AMD Ryzen 5 5600GT with Radeon Graphics","Null Device",False
2026-10-08T04:37:27.3822550Z,bandwidth,bw-m512-t2-v8-r3,bw.interest.ms,ms,80000,512,2,8,10,10,4,5,1200,2.253,2.157,2.957,3.314,3.649,"AMD Ryzen 5 5600GT with Radeon Graphics","Null Device",False
2026-10-08T04:37:27.3832040Z,bandwidth,bw-m512-t2-v8-r3,bw.routes.ms,ms,80000,512,2,8,10,10,4,5,1200,1.454,0.988,1.422,24.611,53.11,"AMD Ryzen 5 5600GT with Radeon Graphics","Null Device",False
2026-10-08T04:37:27.3841860Z,bandwidth,bw-m512-t2-v8-r3,bw.routes.deferred,units,80000,512,2,8,10,10,4,5,1200,0,0,0,0,0,"AMD Ryzen 5 5600GT with Radeon Graphics","Null Device",False
2026-10-08T04:37:27.3862640Z,bandwidth,bw-m512-t2-v8-r3,bw.bytype.moveorder,share,80000,512,2,8,10,10,4,5,8,0.208,0.212,0.226,0.228,0.229,"AMD Ryzen 5 5600GT with Radeon Graphics","Null Device",False
2026-10-08T04:37:27.3867390Z,bandwidth,bw-m512-t2-v8-r3,bw.moveorder,count,80000,512,2,8,10,10,4,5,8,74222.5,74222.5,74925,74925,74925,"AMD Ryzen 5 5600GT with Radeon Graphics","Null Device",False
2026-10-08T04:37:27.3871920Z,bandwidth,bw-m512-t2-v8-r3,bw.bytype.correction,share,80000,512,2,8,10,10,4,5,8,0.64,0.633,0.676,0.677,0.677,"AMD Ryzen 5 5600GT with Radeon Graphics","Null Device",False
2026-10-08T04:37:27.3876330Z,bandwidth,bw-m512-t2-v8-r3,bw.correction,count,80000,512,2,8,10,10,4,5,8,2140052.5,2058282.5,2504958.9,2517056.58,2520081,"AMD Ryzen 5 5600GT with Radeon Graphics","Null Device",False
2026-10-08T04:37:27.3880720Z,bandwidth,bw-m512-t2-v8-r3,bw.bytype.health,share,80000,512,2,8,10,10,4,5,8,0.04,0.041,0.043,0.043,0.043,"AMD Ryzen 5 5600GT with Radeon Graphics","Null Device",False
2026-10-08T04:37:27.3885170Z,bandwidth,bw-m512-t2-v8-r3,bw.health,count,80000,512,2,8,10,10,4,5,8,310000,310000,316727,316727,316727,"AMD Ryzen 5 5600GT with Radeon Graphics","Null Device",False
2026-10-08T04:37:27.3889460Z,bandwidth,bw-m512-t2-v8-r3,bw.bytype.enter,share,80000,512,2,8,10,10,4,5,8,0.086,0.087,0.093,0.093,0.093,"AMD Ryzen 5 5600GT with Radeon Graphics","Null Device",False
2026-10-08T04:37:27.3894020Z,bandwidth,bw-m512-t2-v8-r3,bw.enter,count,80000,512,2,8,10,10,4,5,8,87738,87738,88544,88544,88544,"AMD Ryzen 5 5600GT with Radeon Graphics","Null Device",False
2026-10-08T04:37:27.3898370Z,bandwidth,bw-m512-t2-v8-r3,bw.bytype.leave,share,80000,512,2,8,10,10,4,5,8,0.007,0.007,0.008,0.008,0.008,"AMD Ryzen 5 5600GT with Radeon Graphics","Null Device",False
2026-10-08T04:37:27.3902850Z,bandwidth,bw-m512-t2-v8-r3,bw.leave,count,80000,512,2,8,10,10,4,5,8,47756,47756,48571,48571,48571,"AMD Ryzen 5 5600GT with Radeon Graphics","Null Device",False
2026-10-08T04:37:27.3907160Z,bandwidth,bw-m512-t2-v8-r3,bw.bytype.explosion,share,80000,512,2,8,10,10,4,5,8,0.011,0.012,0.012,0.012,0.012,"AMD Ryzen 5 5600GT with Radeon Graphics","Null Device",False
2026-10-08T04:37:27.3911440Z,bandwidth,bw-m512-t2-v8-r3,bw.explosion,count,80000,512,2,8,10,10,4,5,8,47525,47525,48518,48518,48518,"AMD Ryzen 5 5600GT with Radeon Graphics","Null Device",False
2026-10-08T04:37:27.3915910Z,bandwidth,bw-m512-t2-v8-r3,bw.bytype.fogdelta,share,80000,512,2,8,10,10,4,5,8,0.008,0.007,0.011,0.011,0.011,"AMD Ryzen 5 5600GT with Radeon Graphics","Null Device",False
2026-10-08T04:37:27.3920190Z,bandwidth,bw-m512-t2-v8-r3,bw.fogdelta,count,80000,512,2,8,10,10,4,5,8,87328,87328,119743,119743,119743,"AMD Ryzen 5 5600GT with Radeon Graphics","Null Device",False
2026-10-08T04:37:27.3924590Z,bandwidth,bw-m512-t2-v8-r3,bw.waypoints,waypoints,80000,512,2,8,10,10,4,5,1,14.076,14.076,14.076,14.076,14.076,"AMD Ryzen 5 5600GT with Radeon Graphics","Null Device",False
2026-10-08T04:37:27.3928830Z,bandwidth,bw-m512-t2-v8-r3,bw.waypoints.smoothed,waypoints,80000,512,2,8,10,10,4,5,1,2.5,2.5,2.5,2.5,2.5,"AMD Ryzen 5 5600GT with Radeon Graphics","Null Device",False
2026-10-08T04:37:27.3933180Z,bandwidth,bw-m512-t2-v8-r3,bw.waypoints.saved,share,80000,512,2,8,10,10,4,5,1,0.822,0.822,0.822,0.822,0.822,"AMD Ryzen 5 5600GT with Radeon Graphics","Null Device",False
2026-10-08T04:37:27.3959580Z,bandwidth,bw-m512-t2-v8-r3,bw.units,units,80000,512,2,8,10,10,4,5,1,79964,79964,79964,79964,79964,"AMD Ryzen 5 5600GT with Radeon Graphics","Null Device",False
2026-10-08T04:37:27.4005510Z,bandwidth,bw-m512-t2-v8-r3,bw.units.engaged,share,80000,512,2,8,10,10,4,5,1,0.077,0.077,0.077,0.077,0.077,"AMD Ryzen 5 5600GT with Radeon Graphics","Null Device",False
2026-10-08T04:37:27.4009910Z,bandwidth,bw-m512-t2-v8-r3,bw.units.ordered,share,80000,512,2,8,10,10,4,5,1,0.971,0.971,0.971,0.971,0.971,"AMD Ryzen 5 5600GT with Radeon Graphics","Null Device",False
2026-10-08T04:37:27.4015530Z,bandwidth,bw-m512-t2-v8-r3,bw.allowed,units,80000,512,2,8,10,10,4,5,1,39973,39973,39973,39973,39973,"AMD Ryzen 5 5600GT with Radeon Graphics","Null Device",False
2026-10-08T04:37:27.4019980Z,bandwidth,bw-m512-t2-v8-r3,bw.corrections.perunit,corrections,80000,512,2,8,10,10,4,5,1,0.04,0.04,0.04,0.04,0.04,"AMD Ryzen 5 5600GT with Radeon Graphics","Null Device",False
2026-10-08T04:37:27.4029980Z,bandwidth,bw-m512-t2-v8-r3,bw.error.all.mean,tiles,80000,512,2,8,10,10,4,5,1,0.526,0.526,0.526,0.526,0.526,"AMD Ryzen 5 5600GT with Radeon Graphics","Null Device",False
2026-10-08T04:37:27.4035310Z,bandwidth,bw-m512-t2-v8-r3,bw.error.all.p50,tiles,80000,512,2,8,10,10,4,5,1,0.078,0.078,0.078,0.078,0.078,"AMD Ryzen 5 5600GT with Radeon Graphics","Null Device",False
2026-10-08T04:37:27.4039780Z,bandwidth,bw-m512-t2-v8-r3,bw.error.all.p95,tiles,80000,512,2,8,10,10,4,5,1,1.797,1.797,1.797,1.797,1.797,"AMD Ryzen 5 5600GT with Radeon Graphics","Null Device",False
2026-10-08T04:37:27.4044210Z,bandwidth,bw-m512-t2-v8-r3,bw.error.all.p99,tiles,80000,512,2,8,10,10,4,5,1,1.969,1.969,1.969,1.969,1.969,"AMD Ryzen 5 5600GT with Radeon Graphics","Null Device",False
2026-10-08T04:37:27.4049110Z,bandwidth,bw-m512-t2-v8-r3,bw.error.view.mean,tiles,80000,512,2,8,10,10,4,5,1,0.063,0.063,0.063,0.063,0.063,"AMD Ryzen 5 5600GT with Radeon Graphics","Null Device",False
2026-10-08T04:37:27.4053680Z,bandwidth,bw-m512-t2-v8-r3,bw.error.view.p50,tiles,80000,512,2,8,10,10,4,5,1,0.063,0.063,0.063,0.063,0.063,"AMD Ryzen 5 5600GT with Radeon Graphics","Null Device",False
2026-10-08T04:37:27.4057880Z,bandwidth,bw-m512-t2-v8-r3,bw.error.view.p95,tiles,80000,512,2,8,10,10,4,5,1,0.203,0.203,0.203,0.203,0.203,"AMD Ryzen 5 5600GT with Radeon Graphics","Null Device",False
2026-10-08T04:37:27.4062100Z,bandwidth,bw-m512-t2-v8-r3,bw.error.view.p99,tiles,80000,512,2,8,10,10,4,5,1,0.25,0.25,0.25,0.25,0.25,"AMD Ryzen 5 5600GT with Radeon Graphics","Null Device",False
2026-10-08T04:37:27.4067000Z,bandwidth,bw-m512-t2-v8-r3,bw.error.raw.mean,tiles,80000,512,2,8,10,10,4,5,1,0.821,0.821,0.821,0.821,0.821,"AMD Ryzen 5 5600GT with Radeon Graphics","Null Device",False
2026-10-08T04:37:27.4071270Z,bandwidth,bw-m512-t2-v8-r3,bw.error.raw.p50,tiles,80000,512,2,8,10,10,4,5,1,0.734,0.734,0.734,0.734,0.734,"AMD Ryzen 5 5600GT with Radeon Graphics","Null Device",False
2026-10-08T04:37:27.4075580Z,bandwidth,bw-m512-t2-v8-r3,bw.error.raw.p95,tiles,80000,512,2,8,10,10,4,5,1,1.891,1.891,1.891,1.891,1.891,"AMD Ryzen 5 5600GT with Radeon Graphics","Null Device",False
2026-10-08T04:37:27.4079720Z,bandwidth,bw-m512-t2-v8-r3,bw.error.raw.p99,tiles,80000,512,2,8,10,10,4,5,1,2.406,2.406,2.406,2.406,2.406,"AMD Ryzen 5 5600GT with Radeon Graphics","Null Device",False
2026-10-08T04:37:27.4084620Z,bandwidth,bw-m512-t2-v8-r3,bw.error.rawanchored.mean,tiles,80000,512,2,8,10,10,4,5,1,0.824,0.824,0.824,0.824,0.824,"AMD Ryzen 5 5600GT with Radeon Graphics","Null Device",False
2026-10-08T04:37:27.4088900Z,bandwidth,bw-m512-t2-v8-r3,bw.error.rawanchored.p50,tiles,80000,512,2,8,10,10,4,5,1,0.734,0.734,0.734,0.734,0.734,"AMD Ryzen 5 5600GT with Radeon Graphics","Null Device",False
2026-10-08T04:37:27.4093190Z,bandwidth,bw-m512-t2-v8-r3,bw.error.rawanchored.p95,tiles,80000,512,2,8,10,10,4,5,1,1.875,1.875,1.875,1.875,1.875,"AMD Ryzen 5 5600GT with Radeon Graphics","Null Device",False
2026-10-08T04:37:27.4097380Z,bandwidth,bw-m512-t2-v8-r3,bw.error.rawanchored.p99,tiles,80000,512,2,8,10,10,4,5,1,2.391,2.391,2.391,2.391,2.391,"AMD Ryzen 5 5600GT with Radeon Graphics","Null Device",False
2026-10-08T04:37:27.4102240Z,bandwidth,bw-m512-t2-v8-r3,bw.checks.anchored,share,80000,512,2,8,10,10,4,5,1,0.948,0.948,0.948,0.948,0.948,"AMD Ryzen 5 5600GT with Radeon Graphics","Null Device",False
2026-10-08T04:37:27.4106600Z,bandwidth,bw-m512-t2-v8-r3,bw.route.live,waypoints,80000,512,2,8,10,10,4,5,1,3552134,3552134,3552134,3552134,3552134,"AMD Ryzen 5 5600GT with Radeon Graphics","Null Device",False
2026-10-08T04:37:27.4111210Z,bandwidth,bw-m512-t2-v8-r3,bw.route.arena,MB,80000,512,2,8,10,10,4,5,1,32,32,32,32,32,"AMD Ryzen 5 5600GT with Radeon Graphics","Null Device",False
2026-10-08T04:37:30.9565260Z,bandwidth,bw-m512-t2-v16-r3,bw.snapshot.bytes,KB,80000,512,2,16,10,10,4,5,8,801.849,801.849,817.407,817.407,817.407,"AMD Ryzen 5 5600GT with Radeon Graphics","Null Device",False
2026-10-08T04:37:30.9658040Z,bandwidth,bw-m512-t2-v16-r3,bw.snapshot.wire,KB,80000,512,2,16,10,10,4,5,8,837.508,837.508,853.778,853.778,853.778,"AMD Ryzen 5 5600GT with Radeon Graphics","Null Device",False
2026-10-08T04:37:30.9663000Z,bandwidth,bw-m512-t2-v16-r3,bw.snapshot.units,units,80000,512,2,16,10,10,4,5,8,40000,40000,40000,40000,40000,"AMD Ryzen 5 5600GT with Radeon Graphics","Null Device",False
2026-10-08T04:37:30.9667600Z,bandwidth,bw-m512-t2-v16-r3,bw.snapshot.seconds,s,80000,512,2,16,10,10,4,5,8,3.272,3.272,3.335,3.335,3.335,"AMD Ryzen 5 5600GT with Radeon Graphics","Null Device",False
2026-10-08T04:38:09.7076420Z,bandwidth,bw-m512-t2-v16-r3,bw.avg,KB/s,80000,512,2,16,10,10,4,5,8,263.323,256.589,293.069,294.349,294.669,"AMD Ryzen 5 5600GT with Radeon Graphics","Null Device",False
2026-10-08T04:38:09.7082010Z,bandwidth,bw-m512-t2-v16-r3,bw.peak1s,KB/s,80000,512,2,16,10,10,4,5,8,513.608,513.617,528.68,532.841,533.882,"AMD Ryzen 5 5600GT with Radeon Graphics","Null Device",False
2026-10-08T04:38:09.7086600Z,bandwidth,bw-m512-t2-v16-r3,bw.wire.avg,KB/s,80000,512,2,16,10,10,4,5,8,283.829,276.483,316.219,317.541,317.872,"AMD Ryzen 5 5600GT with Radeon Graphics","Null Device",False
2026-10-08T04:38:09.7090980Z,bandwidth,bw-m512-t2-v16-r3,bw.wire.peak1s,KB/s,80000,512,2,16,10,10,4,5,8,541.69,541.616,558.186,562.692,563.818,"AMD Ryzen 5 5600GT with Radeon Graphics","Null Device",False
2026-10-08T04:38:09.7095580Z,bandwidth,bw-m512-t2-v16-r3,bw.encode.ms,ms,80000,512,2,16,10,10,4,5,1200,3.606,3.86,4.818,5.317,11.152,"AMD Ryzen 5 5600GT with Radeon Graphics","Null Device",False
2026-10-08T04:38:09.7104520Z,bandwidth,bw-m512-t2-v16-r3,bw.interest.ms,ms,80000,512,2,16,10,10,4,5,1200,2.265,2.156,3.037,3.347,3.491,"AMD Ryzen 5 5600GT with Radeon Graphics","Null Device",False
2026-10-08T04:38:09.7114240Z,bandwidth,bw-m512-t2-v16-r3,bw.routes.ms,ms,80000,512,2,16,10,10,4,5,1200,1.456,0.984,1.502,23.843,52.243,"AMD Ryzen 5 5600GT with Radeon Graphics","Null Device",False
2026-10-08T04:38:09.7123760Z,bandwidth,bw-m512-t2-v16-r3,bw.routes.deferred,units,80000,512,2,16,10,10,4,5,1200,0,0,0,0,0,"AMD Ryzen 5 5600GT with Radeon Graphics","Null Device",False
2026-10-08T04:38:09.7144820Z,bandwidth,bw-m512-t2-v16-r3,bw.bytype.moveorder,share,80000,512,2,16,10,10,4,5,8,0.208,0.212,0.226,0.228,0.228,"AMD Ryzen 5 5600GT with Radeon Graphics","Null Device",False
2026-10-08T04:38:09.7149700Z,bandwidth,bw-m512-t2-v16-r3,bw.moveorder,count,80000,512,2,16,10,10,4,5,8,74222.5,74222.5,74925,74925,74925,"AMD Ryzen 5 5600GT with Radeon Graphics","Null Device",False
2026-10-08T04:38:09.7154560Z,bandwidth,bw-m512-t2-v16-r3,bw.bytype.correction,share,80000,512,2,16,10,10,4,5,8,0.64,0.632,0.676,0.676,0.676,"AMD Ryzen 5 5600GT with Radeon Graphics","Null Device",False
2026-10-08T04:38:09.7159150Z,bandwidth,bw-m512-t2-v16-r3,bw.correction,count,80000,512,2,16,10,10,4,5,8,2140052.5,2058282.5,2504958.9,2517056.58,2520081,"AMD Ryzen 5 5600GT with Radeon Graphics","Null Device",False
2026-10-08T04:38:09.7163720Z,bandwidth,bw-m512-t2-v16-r3,bw.bytype.health,share,80000,512,2,16,10,10,4,5,8,0.04,0.041,0.043,0.043,0.043,"AMD Ryzen 5 5600GT with Radeon Graphics","Null Device",False
2026-10-08T04:38:09.7168280Z,bandwidth,bw-m512-t2-v16-r3,bw.health,count,80000,512,2,16,10,10,4,5,8,310000,310000,316727,316727,316727,"AMD Ryzen 5 5600GT with Radeon Graphics","Null Device",False
2026-10-08T04:38:09.7172960Z,bandwidth,bw-m512-t2-v16-r3,bw.bytype.enter,share,80000,512,2,16,10,10,4,5,8,0.086,0.087,0.093,0.093,0.093,"AMD Ryzen 5 5600GT with Radeon Graphics","Null Device",False
2026-10-08T04:38:09.7177230Z,bandwidth,bw-m512-t2-v16-r3,bw.enter,count,80000,512,2,16,10,10,4,5,8,87738,87738,88544,88544,88544,"AMD Ryzen 5 5600GT with Radeon Graphics","Null Device",False
2026-10-08T04:38:09.7181710Z,bandwidth,bw-m512-t2-v16-r3,bw.bytype.leave,share,80000,512,2,16,10,10,4,5,8,0.007,0.007,0.008,0.008,0.008,"AMD Ryzen 5 5600GT with Radeon Graphics","Null Device",False
2026-10-08T04:38:09.7186680Z,bandwidth,bw-m512-t2-v16-r3,bw.leave,count,80000,512,2,16,10,10,4,5,8,47756,47756,48571,48571,48571,"AMD Ryzen 5 5600GT with Radeon Graphics","Null Device",False
2026-10-08T04:38:09.7191120Z,bandwidth,bw-m512-t2-v16-r3,bw.bytype.explosion,share,80000,512,2,16,10,10,4,5,8,0.011,0.012,0.012,0.012,0.012,"AMD Ryzen 5 5600GT with Radeon Graphics","Null Device",False
2026-10-08T04:38:09.7195680Z,bandwidth,bw-m512-t2-v16-r3,bw.explosion,count,80000,512,2,16,10,10,4,5,8,47525,47525,48518,48518,48518,"AMD Ryzen 5 5600GT with Radeon Graphics","Null Device",False
2026-10-08T04:38:09.7200010Z,bandwidth,bw-m512-t2-v16-r3,bw.bytype.fogdelta,share,80000,512,2,16,10,10,4,5,8,0.008,0.008,0.012,0.012,0.012,"AMD Ryzen 5 5600GT with Radeon Graphics","Null Device",False
2026-10-08T04:38:09.7204550Z,bandwidth,bw-m512-t2-v16-r3,bw.fogdelta,count,80000,512,2,16,10,10,4,5,8,96900.5,96900.5,139111,139111,139111,"AMD Ryzen 5 5600GT with Radeon Graphics","Null Device",False
2026-10-08T04:38:09.7209020Z,bandwidth,bw-m512-t2-v16-r3,bw.waypoints,waypoints,80000,512,2,16,10,10,4,5,1,14.076,14.076,14.076,14.076,14.076,"AMD Ryzen 5 5600GT with Radeon Graphics","Null Device",False
2026-10-08T04:38:09.7213480Z,bandwidth,bw-m512-t2-v16-r3,bw.waypoints.smoothed,waypoints,80000,512,2,16,10,10,4,5,1,2.5,2.5,2.5,2.5,2.5,"AMD Ryzen 5 5600GT with Radeon Graphics","Null Device",False
2026-10-08T04:38:09.7217760Z,bandwidth,bw-m512-t2-v16-r3,bw.waypoints.saved,share,80000,512,2,16,10,10,4,5,1,0.822,0.822,0.822,0.822,0.822,"AMD Ryzen 5 5600GT with Radeon Graphics","Null Device",False
2026-10-08T04:38:09.7244790Z,bandwidth,bw-m512-t2-v16-r3,bw.units,units,80000,512,2,16,10,10,4,5,1,79964,79964,79964,79964,79964,"AMD Ryzen 5 5600GT with Radeon Graphics","Null Device",False
2026-10-08T04:38:09.7287660Z,bandwidth,bw-m512-t2-v16-r3,bw.units.engaged,share,80000,512,2,16,10,10,4,5,1,0.077,0.077,0.077,0.077,0.077,"AMD Ryzen 5 5600GT with Radeon Graphics","Null Device",False
2026-10-08T04:38:09.7292320Z,bandwidth,bw-m512-t2-v16-r3,bw.units.ordered,share,80000,512,2,16,10,10,4,5,1,0.971,0.971,0.971,0.971,0.971,"AMD Ryzen 5 5600GT with Radeon Graphics","Null Device",False
2026-10-08T04:38:09.7297990Z,bandwidth,bw-m512-t2-v16-r3,bw.allowed,units,80000,512,2,16,10,10,4,5,1,39973,39973,39973,39973,39973,"AMD Ryzen 5 5600GT with Radeon Graphics","Null Device",False
2026-10-08T04:38:09.7302700Z,bandwidth,bw-m512-t2-v16-r3,bw.corrections.perunit,corrections,80000,512,2,16,10,10,4,5,1,0.04,0.04,0.04,0.04,0.04,"AMD Ryzen 5 5600GT with Radeon Graphics","Null Device",False
2026-10-08T04:38:09.7313120Z,bandwidth,bw-m512-t2-v16-r3,bw.error.all.mean,tiles,80000,512,2,16,10,10,4,5,1,0.526,0.526,0.526,0.526,0.526,"AMD Ryzen 5 5600GT with Radeon Graphics","Null Device",False
2026-10-08T04:38:09.7318610Z,bandwidth,bw-m512-t2-v16-r3,bw.error.all.p50,tiles,80000,512,2,16,10,10,4,5,1,0.078,0.078,0.078,0.078,0.078,"AMD Ryzen 5 5600GT with Radeon Graphics","Null Device",False
2026-10-08T04:38:09.7323930Z,bandwidth,bw-m512-t2-v16-r3,bw.error.all.p95,tiles,80000,512,2,16,10,10,4,5,1,1.797,1.797,1.797,1.797,1.797,"AMD Ryzen 5 5600GT with Radeon Graphics","Null Device",False
2026-10-08T04:38:09.7328690Z,bandwidth,bw-m512-t2-v16-r3,bw.error.all.p99,tiles,80000,512,2,16,10,10,4,5,1,1.969,1.969,1.969,1.969,1.969,"AMD Ryzen 5 5600GT with Radeon Graphics","Null Device",False
2026-10-08T04:38:09.7334080Z,bandwidth,bw-m512-t2-v16-r3,bw.error.view.mean,tiles,80000,512,2,16,10,10,4,5,1,0.063,0.063,0.063,0.063,0.063,"AMD Ryzen 5 5600GT with Radeon Graphics","Null Device",False
2026-10-08T04:38:09.7338570Z,bandwidth,bw-m512-t2-v16-r3,bw.error.view.p50,tiles,80000,512,2,16,10,10,4,5,1,0.063,0.063,0.063,0.063,0.063,"AMD Ryzen 5 5600GT with Radeon Graphics","Null Device",False
2026-10-08T04:38:09.7343040Z,bandwidth,bw-m512-t2-v16-r3,bw.error.view.p95,tiles,80000,512,2,16,10,10,4,5,1,0.203,0.203,0.203,0.203,0.203,"AMD Ryzen 5 5600GT with Radeon Graphics","Null Device",False
2026-10-08T04:38:09.7347530Z,bandwidth,bw-m512-t2-v16-r3,bw.error.view.p99,tiles,80000,512,2,16,10,10,4,5,1,0.25,0.25,0.25,0.25,0.25,"AMD Ryzen 5 5600GT with Radeon Graphics","Null Device",False
2026-10-08T04:38:09.7352550Z,bandwidth,bw-m512-t2-v16-r3,bw.error.raw.mean,tiles,80000,512,2,16,10,10,4,5,1,0.821,0.821,0.821,0.821,0.821,"AMD Ryzen 5 5600GT with Radeon Graphics","Null Device",False
2026-10-08T04:38:09.7357070Z,bandwidth,bw-m512-t2-v16-r3,bw.error.raw.p50,tiles,80000,512,2,16,10,10,4,5,1,0.734,0.734,0.734,0.734,0.734,"AMD Ryzen 5 5600GT with Radeon Graphics","Null Device",False
2026-10-08T04:38:09.7361450Z,bandwidth,bw-m512-t2-v16-r3,bw.error.raw.p95,tiles,80000,512,2,16,10,10,4,5,1,1.891,1.891,1.891,1.891,1.891,"AMD Ryzen 5 5600GT with Radeon Graphics","Null Device",False
2026-10-08T04:38:09.7365970Z,bandwidth,bw-m512-t2-v16-r3,bw.error.raw.p99,tiles,80000,512,2,16,10,10,4,5,1,2.406,2.406,2.406,2.406,2.406,"AMD Ryzen 5 5600GT with Radeon Graphics","Null Device",False
2026-10-08T04:38:09.7370990Z,bandwidth,bw-m512-t2-v16-r3,bw.error.rawanchored.mean,tiles,80000,512,2,16,10,10,4,5,1,0.824,0.824,0.824,0.824,0.824,"AMD Ryzen 5 5600GT with Radeon Graphics","Null Device",False
2026-10-08T04:38:09.7375560Z,bandwidth,bw-m512-t2-v16-r3,bw.error.rawanchored.p50,tiles,80000,512,2,16,10,10,4,5,1,0.734,0.734,0.734,0.734,0.734,"AMD Ryzen 5 5600GT with Radeon Graphics","Null Device",False
2026-10-08T04:38:09.7379930Z,bandwidth,bw-m512-t2-v16-r3,bw.error.rawanchored.p95,tiles,80000,512,2,16,10,10,4,5,1,1.875,1.875,1.875,1.875,1.875,"AMD Ryzen 5 5600GT with Radeon Graphics","Null Device",False
2026-10-08T04:38:09.7384740Z,bandwidth,bw-m512-t2-v16-r3,bw.error.rawanchored.p99,tiles,80000,512,2,16,10,10,4,5,1,2.391,2.391,2.391,2.391,2.391,"AMD Ryzen 5 5600GT with Radeon Graphics","Null Device",False
2026-10-08T04:38:09.7389680Z,bandwidth,bw-m512-t2-v16-r3,bw.checks.anchored,share,80000,512,2,16,10,10,4,5,1,0.948,0.948,0.948,0.948,0.948,"AMD Ryzen 5 5600GT with Radeon Graphics","Null Device",False
2026-10-08T04:38:09.7394240Z,bandwidth,bw-m512-t2-v16-r3,bw.route.live,waypoints,80000,512,2,16,10,10,4,5,1,3552134,3552134,3552134,3552134,3552134,"AMD Ryzen 5 5600GT with Radeon Graphics","Null Device",False
2026-10-08T04:38:09.7398700Z,bandwidth,bw-m512-t2-v16-r3,bw.route.arena,MB,80000,512,2,16,10,10,4,5,1,32,32,32,32,32,"AMD Ryzen 5 5600GT with Radeon Graphics","Null Device",False
2026-10-08T04:38:13.2755540Z,bandwidth,bw-m512-t2-v32-r3,bw.snapshot.bytes,KB,80000,512,2,32,10,10,4,5,8,804.452,804.452,822.613,822.613,822.613,"AMD Ryzen 5 5600GT with Radeon Graphics","Null Device",False
2026-10-08T04:38:13.2848050Z,bandwidth,bw-m512-t2-v32-r3,bw.snapshot.wire,KB,80000,512,2,32,10,10,4,5,8,840.238,840.238,859.238,859.238,859.238,"AMD Ryzen 5 5600GT with Radeon Graphics","Null Device",False
2026-10-08T04:38:13.2852740Z,bandwidth,bw-m512-t2-v32-r3,bw.snapshot.units,units,80000,512,2,32,10,10,4,5,8,40000,40000,40000,40000,40000,"AMD Ryzen 5 5600GT with Radeon Graphics","Null Device",False
2026-10-08T04:38:13.2857180Z,bandwidth,bw-m512-t2-v32-r3,bw.snapshot.seconds,s,80000,512,2,32,10,10,4,5,8,3.282,3.282,3.356,3.356,3.356,"AMD Ryzen 5 5600GT with Radeon Graphics","Null Device",False
2026-10-08T04:38:53.7057160Z,bandwidth,bw-m512-t2-v32-r3,bw.avg,KB/s,80000,512,2,32,10,10,4,5,8,264.111,257.377,293.982,295.495,295.874,"AMD Ryzen 5 5600GT with Radeon Graphics","Null Device",False
2026-10-08T04:38:53.7063220Z,bandwidth,bw-m512-t2-v32-r3,bw.peak1s,KB/s,80000,512,2,32,10,10,4,5,8,513.975,513.721,528.92,532.973,533.986,"AMD Ryzen 5 5600GT with Radeon Graphics","Null Device",False
2026-10-08T04:38:53.7068160Z,bandwidth,bw-m512-t2-v32-r3,bw.wire.avg,KB/s,80000,512,2,32,10,10,4,5,8,284.648,277.302,317.17,318.738,319.131,"AMD Ryzen 5 5600GT with Radeon Graphics","Null Device",False
2026-10-08T04:38:53.7072800Z,bandwidth,bw-m512-t2-v32-r3,bw.wire.peak1s,KB/s,80000,512,2,32,10,10,4,5,8,542.083,541.721,558.444,562.827,563.923,"AMD Ryzen 5 5600GT with Radeon Graphics","Null Device",False
2026-10-08T04:38:53.7077260Z,bandwidth,bw-m512-t2-v32-r3,bw.encode.ms,ms,80000,512,2,32,10,10,4,5,1200,3.501,3.737,4.685,5.117,11.699,"AMD Ryzen 5 5600GT with Radeon Graphics","Null Device",False
2026-10-08T04:38:53.7086300Z,bandwidth,bw-m512-t2-v32-r3,bw.interest.ms,ms,80000,512,2,32,10,10,4,5,1200,2.231,2.151,2.736,3.266,3.598,"AMD Ryzen 5 5600GT with Radeon Graphics","Null Device",False
2026-10-08T04:38:53.7095940Z,bandwidth,bw-m512-t2-v32-r3,bw.routes.ms,ms,80000,512,2,32,10,10,4,5,1200,1.444,0.978,1.408,22.911,53.767,"AMD Ryzen 5 5600GT with Radeon Graphics","Null Device",False
2026-10-08T04:38:53.7105090Z,bandwidth,bw-m512-t2-v32-r3,bw.routes.deferred,units,80000,512,2,32,10,10,4,5,1200,0,0,0,0,0,"AMD Ryzen 5 5600GT with Radeon Graphics","Null Device",False
2026-10-08T04:38:53.7125430Z,bandwidth,bw-m512-t2-v32-r3,bw.bytype.moveorder,share,80000,512,2,32,10,10,4,5,8,0.207,0.212,0.225,0.227,0.227,"AMD Ryzen 5 5600GT with Radeon Graphics","Null Device",False
2026-10-08T04:38:53.7130070Z,bandwidth,bw-m512-t2-v32-r3,bw.moveorder,count,80000,512,2,32,10,10,4,5,8,74222.5,74222.5,74925,74925,74925,"AMD Ryzen 5 5600GT with Radeon Graphics","Null Device",False
2026-10-08T04:38:53.7135960Z,bandwidth,bw-m512-t2-v32-r3,bw.bytype.correction,share,80000,512,2,32,10,10,4,5,8,0.638,0.63,0.674,0.674,0.674,"AMD Ryzen 5 5600GT with Radeon Graphics","Null Device",False
2026-10-08T04:38:53.7140960Z,bandwidth,bw-m512-t2-v32-r3,bw.correction,count,80000,512,2,32,10,10,4,5,8,2140052.5,2058282.5,2504958.9,2517056.58,2520081,"AMD Ryzen 5 5600GT with Radeon Graphics","Null Device",False
2026-10-08T04:38:53.7145710Z,bandwidth,bw-m512-t2-v32-r3,bw.bytype.health,share,80000,512,2,32,10,10,4,5,8,0.04,0.041,0.043,0.043,0.043,"AMD Ryzen 5 5600GT with Radeon Graphics","Null Device",False
2026-10-08T04:38:53.7150190Z,bandwidth,bw-m512-t2-v32-r3,bw.health,count,80000,512,2,32,10,10,4,5,8,310000,310000,316727,316727,316727,"AMD Ryzen 5 5600GT with Radeon Graphics","Null Device",False
2026-10-08T04:38:53.7154700Z,bandwidth,bw-m512-t2-v32-r3,bw.bytype.enter,share,80000,512,2,32,10,10,4,5,8,0.085,0.087,0.092,0.093,0.093,"AMD Ryzen 5 5600GT with Radeon Graphics","Null Device",False
2026-10-08T04:38:53.7158960Z,bandwidth,bw-m512-t2-v32-r3,bw.enter,count,80000,512,2,32,10,10,4,5,8,87738,87738,88544,88544,88544,"AMD Ryzen 5 5600GT with Radeon Graphics","Null Device",False
2026-10-08T04:38:53.7163510Z,bandwidth,bw-m512-t2-v32-r3,bw.bytype.leave,share,80000,512,2,32,10,10,4,5,8,0.007,0.007,0.008,0.008,0.008,"AMD Ryzen 5 5600GT with Radeon Graphics","Null Device",False
2026-10-08T04:38:53.7167900Z,bandwidth,bw-m512-t2-v32-r3,bw.leave,count,80000,512,2,32,10,10,4,5,8,47756,47756,48571,48571,48571,"AMD Ryzen 5 5600GT with Radeon Graphics","Null Device",False
2026-10-08T04:38:53.7172280Z,bandwidth,bw-m512-t2-v32-r3,bw.bytype.explosion,share,80000,512,2,32,10,10,4,5,8,0.011,0.012,0.012,0.012,0.012,"AMD Ryzen 5 5600GT with Radeon Graphics","Null Device",False
2026-10-08T04:38:53.7176630Z,bandwidth,bw-m512-t2-v32-r3,bw.explosion,count,80000,512,2,32,10,10,4,5,8,47525,47525,48518,48518,48518,"AMD Ryzen 5 5600GT with Radeon Graphics","Null Device",False
2026-10-08T04:38:53.7181080Z,bandwidth,bw-m512-t2-v32-r3,bw.bytype.fogdelta,share,80000,512,2,32,10,10,4,5,8,0.011,0.01,0.017,0.017,0.017,"AMD Ryzen 5 5600GT with Radeon Graphics","Null Device",False
2026-10-08T04:38:53.7185540Z,bandwidth,bw-m512-t2-v32-r3,bw.fogdelta,count,80000,512,2,32,10,10,4,5,8,137469,137469,204139,204139,204139,"AMD Ryzen 5 5600GT with Radeon Graphics","Null Device",False
2026-10-08T04:38:53.7189840Z,bandwidth,bw-m512-t2-v32-r3,bw.waypoints,waypoints,80000,512,2,32,10,10,4,5,1,14.076,14.076,14.076,14.076,14.076,"AMD Ryzen 5 5600GT with Radeon Graphics","Null Device",False
2026-10-08T04:38:53.7194660Z,bandwidth,bw-m512-t2-v32-r3,bw.waypoints.smoothed,waypoints,80000,512,2,32,10,10,4,5,1,2.5,2.5,2.5,2.5,2.5,"AMD Ryzen 5 5600GT with Radeon Graphics","Null Device",False
2026-10-08T04:38:53.7199000Z,bandwidth,bw-m512-t2-v32-r3,bw.waypoints.saved,share,80000,512,2,32,10,10,4,5,1,0.822,0.822,0.822,0.822,0.822,"AMD Ryzen 5 5600GT with Radeon Graphics","Null Device",False
2026-10-08T04:38:53.7226040Z,bandwidth,bw-m512-t2-v32-r3,bw.units,units,80000,512,2,32,10,10,4,5,1,79964,79964,79964,79964,79964,"AMD Ryzen 5 5600GT with Radeon Graphics","Null Device",False
2026-10-08T04:38:53.7269640Z,bandwidth,bw-m512-t2-v32-r3,bw.units.engaged,share,80000,512,2,32,10,10,4,5,1,0.077,0.077,0.077,0.077,0.077,"AMD Ryzen 5 5600GT with Radeon Graphics","Null Device",False
2026-10-08T04:38:53.7274470Z,bandwidth,bw-m512-t2-v32-r3,bw.units.ordered,share,80000,512,2,32,10,10,4,5,1,0.971,0.971,0.971,0.971,0.971,"AMD Ryzen 5 5600GT with Radeon Graphics","Null Device",False
2026-10-08T04:38:53.7280320Z,bandwidth,bw-m512-t2-v32-r3,bw.allowed,units,80000,512,2,32,10,10,4,5,1,39973,39973,39973,39973,39973,"AMD Ryzen 5 5600GT with Radeon Graphics","Null Device",False
2026-10-08T04:38:53.7285100Z,bandwidth,bw-m512-t2-v32-r3,bw.corrections.perunit,corrections,80000,512,2,32,10,10,4,5,1,0.04,0.04,0.04,0.04,0.04,"AMD Ryzen 5 5600GT with Radeon Graphics","Null Device",False
2026-10-08T04:38:53.7295330Z,bandwidth,bw-m512-t2-v32-r3,bw.error.all.mean,tiles,80000,512,2,32,10,10,4,5,1,0.526,0.526,0.526,0.526,0.526,"AMD Ryzen 5 5600GT with Radeon Graphics","Null Device",False
2026-10-08T04:38:53.7300620Z,bandwidth,bw-m512-t2-v32-r3,bw.error.all.p50,tiles,80000,512,2,32,10,10,4,5,1,0.078,0.078,0.078,0.078,0.078,"AMD Ryzen 5 5600GT with Radeon Graphics","Null Device",False
2026-10-08T04:38:53.7305370Z,bandwidth,bw-m512-t2-v32-r3,bw.error.all.p95,tiles,80000,512,2,32,10,10,4,5,1,1.797,1.797,1.797,1.797,1.797,"AMD Ryzen 5 5600GT with Radeon Graphics","Null Device",False
2026-10-08T04:38:53.7309630Z,bandwidth,bw-m512-t2-v32-r3,bw.error.all.p99,tiles,80000,512,2,32,10,10,4,5,1,1.969,1.969,1.969,1.969,1.969,"AMD Ryzen 5 5600GT with Radeon Graphics","Null Device",False
2026-10-08T04:38:53.7314620Z,bandwidth,bw-m512-t2-v32-r3,bw.error.view.mean,tiles,80000,512,2,32,10,10,4,5,1,0.063,0.063,0.063,0.063,0.063,"AMD Ryzen 5 5600GT with Radeon Graphics","Null Device",False
2026-10-08T04:38:53.7318930Z,bandwidth,bw-m512-t2-v32-r3,bw.error.view.p50,tiles,80000,512,2,32,10,10,4,5,1,0.063,0.063,0.063,0.063,0.063,"AMD Ryzen 5 5600GT with Radeon Graphics","Null Device",False
2026-10-08T04:38:53.7323270Z,bandwidth,bw-m512-t2-v32-r3,bw.error.view.p95,tiles,80000,512,2,32,10,10,4,5,1,0.203,0.203,0.203,0.203,0.203,"AMD Ryzen 5 5600GT with Radeon Graphics","Null Device",False
2026-10-08T04:38:53.7327460Z,bandwidth,bw-m512-t2-v32-r3,bw.error.view.p99,tiles,80000,512,2,32,10,10,4,5,1,0.25,0.25,0.25,0.25,0.25,"AMD Ryzen 5 5600GT with Radeon Graphics","Null Device",False
2026-10-08T04:38:53.7332430Z,bandwidth,bw-m512-t2-v32-r3,bw.error.raw.mean,tiles,80000,512,2,32,10,10,4,5,1,0.821,0.821,0.821,0.821,0.821,"AMD Ryzen 5 5600GT with Radeon Graphics","Null Device",False
2026-10-08T04:38:53.7336810Z,bandwidth,bw-m512-t2-v32-r3,bw.error.raw.p50,tiles,80000,512,2,32,10,10,4,5,1,0.734,0.734,0.734,0.734,0.734,"AMD Ryzen 5 5600GT with Radeon Graphics","Null Device",False
2026-10-08T04:38:53.7340970Z,bandwidth,bw-m512-t2-v32-r3,bw.error.raw.p95,tiles,80000,512,2,32,10,10,4,5,1,1.891,1.891,1.891,1.891,1.891,"AMD Ryzen 5 5600GT with Radeon Graphics","Null Device",False
2026-10-08T04:38:53.7345240Z,bandwidth,bw-m512-t2-v32-r3,bw.error.raw.p99,tiles,80000,512,2,32,10,10,4,5,1,2.406,2.406,2.406,2.406,2.406,"AMD Ryzen 5 5600GT with Radeon Graphics","Null Device",False
2026-10-08T04:38:53.7350070Z,bandwidth,bw-m512-t2-v32-r3,bw.error.rawanchored.mean,tiles,80000,512,2,32,10,10,4,5,1,0.824,0.824,0.824,0.824,0.824,"AMD Ryzen 5 5600GT with Radeon Graphics","Null Device",False
2026-10-08T04:38:53.7354540Z,bandwidth,bw-m512-t2-v32-r3,bw.error.rawanchored.p50,tiles,80000,512,2,32,10,10,4,5,1,0.734,0.734,0.734,0.734,0.734,"AMD Ryzen 5 5600GT with Radeon Graphics","Null Device",False
2026-10-08T04:38:53.7358770Z,bandwidth,bw-m512-t2-v32-r3,bw.error.rawanchored.p95,tiles,80000,512,2,32,10,10,4,5,1,1.875,1.875,1.875,1.875,1.875,"AMD Ryzen 5 5600GT with Radeon Graphics","Null Device",False
2026-10-08T04:38:53.7363140Z,bandwidth,bw-m512-t2-v32-r3,bw.error.rawanchored.p99,tiles,80000,512,2,32,10,10,4,5,1,2.391,2.391,2.391,2.391,2.391,"AMD Ryzen 5 5600GT with Radeon Graphics","Null Device",False
2026-10-08T04:38:53.7367960Z,bandwidth,bw-m512-t2-v32-r3,bw.checks.anchored,share,80000,512,2,32,10,10,4,5,1,0.948,0.948,0.948,0.948,0.948,"AMD Ryzen 5 5600GT with Radeon Graphics","Null Device",False
2026-10-08T04:38:53.7372280Z,bandwidth,bw-m512-t2-v32-r3,bw.route.live,waypoints,80000,512,2,32,10,10,4,5,1,3552134,3552134,3552134,3552134,3552134,"AMD Ryzen 5 5600GT with Radeon Graphics","Null Device",False
2026-10-08T04:38:53.7376550Z,bandwidth,bw-m512-t2-v32-r3,bw.route.arena,MB,80000,512,2,32,10,10,4,5,1,32,32,32,32,32,"AMD Ryzen 5 5600GT with Radeon Graphics","Null Device",False
2026-10-08T04:38:57.8510930Z,bandwidth,bw-plan-m1024-t8-v8-r3,bw.snapshot.bytes,KB,80000,1024,8,8,10,10,4,5,8,488.866,484.752,520.898,520.898,520.898,"AMD Ryzen 5 5600GT with Radeon Graphics","Null Device",False
2026-10-08T04:38:57.8622610Z,bandwidth,bw-plan-m1024-t8-v8-r3,bw.snapshot.wire,KB,80000,1024,8,8,10,10,4,5,8,510.619,506.341,544.061,544.061,544.061,"AMD Ryzen 5 5600GT with Radeon Graphics","Null Device",False
2026-10-08T04:38:57.8627540Z,bandwidth,bw-plan-m1024-t8-v8-r3,bw.snapshot.units,units,80000,1024,8,8,10,10,4,5,8,20000,20000,20000,20000,20000,"AMD Ryzen 5 5600GT with Radeon Graphics","Null Device",False
2026-10-08T04:38:57.8632230Z,bandwidth,bw-plan-m1024-t8-v8-r3,bw.snapshot.seconds,s,80000,1024,8,8,10,10,4,5,8,1.995,1.978,2.125,2.125,2.125,"AMD Ryzen 5 5600GT with Radeon Graphics","Null Device",False
2026-10-08T04:39:38.5714460Z,bandwidth,bw-plan-m1024-t8-v8-r3,bw.avg,KB/s,80000,1024,8,8,10,10,4,5,8,634.92,659.477,677.455,678.971,679.35,"AMD Ryzen 5 5600GT with Radeon Graphics","Null Device",False
2026-10-08T04:39:38.5720640Z,bandwidth,bw-plan-m1024-t8-v8-r3,bw.peak1s,KB/s,80000,1024,8,8,10,10,4,5,8,1119.887,1115.338,1165.018,1166.664,1167.075,"AMD Ryzen 5 5600GT with Radeon Graphics","Null Device",False
2026-10-08T04:39:38.5725550Z,bandwidth,bw-plan-m1024-t8-v8-r3,bw.wire.avg,KB/s,80000,1024,8,8,10,10,4,5,8,689.351,716.008,734.866,736.371,736.747,"AMD Ryzen 5 5600GT with Radeon Graphics","Null Device",False
2026-10-08T04:39:38.5730040Z,bandwidth,bw-plan-m1024-t8-v8-r3,bw.wire.peak1s,KB/s,80000,1024,8,8,10,10,4,5,8,1209.037,1204.083,1256.627,1258.36,1258.793,"AMD Ryzen 5 5600GT with Radeon Graphics","Null Device",False
2026-10-08T04:39:38.5734610Z,bandwidth,bw-plan-m1024-t8-v8-r3,bw.encode.ms,ms,80000,1024,8,8,10,10,4,5,1200,2.58,2.592,3.382,3.776,11.241,"AMD Ryzen 5 5600GT with Radeon Graphics","Null Device",False
2026-10-08T04:39:38.5744630Z,bandwidth,bw-plan-m1024-t8-v8-r3,bw.interest.ms,ms,80000,1024,8,8,10,10,4,5,1200,4.957,4.926,5.365,5.634,6.694,"AMD Ryzen 5 5600GT with Radeon Graphics","Null Device",False
2026-10-08T04:39:38.5754270Z,bandwidth,bw-plan-m1024-t8-v8-r3,bw.routes.ms,ms,80000,1024,8,8,10,10,4,5,1200,1.909,0.952,1.356,48.824,97.834,"AMD Ryzen 5 5600GT with Radeon Graphics","Null Device",False
2026-10-08T04:39:38.5770200Z,bandwidth,bw-plan-m1024-t8-v8-r3,bw.routes.deferred,units,80000,1024,8,8,10,10,4,5,1200,0,0,0,0,0,"AMD Ryzen 5 5600GT with Radeon Graphics","Null Device",False
2026-10-08T04:39:38.5805830Z,bandwidth,bw-plan-m1024-t8-v8-r3,bw.bytype.moveorder,share,80000,1024,8,8,10,10,4,5,8,0.042,0.043,0.047,0.048,0.048,"AMD Ryzen 5 5600GT with Radeon Graphics","Null Device",False
2026-10-08T04:39:38.5810680Z,bandwidth,bw-plan-m1024-t8-v8-r3,bw.moveorder,count,80000,1024,8,8,10,10,4,5,8,24207.375,24252.5,25252,25621.6,25714,"AMD Ryzen 5 5600GT with Radeon Graphics","Null Device",False
2026-10-08T04:39:38.5815230Z,bandwidth,bw-plan-m1024-t8-v8-r3,bw.bytype.correction,share,80000,1024,8,8,10,10,4,5,8,0.865,0.86,0.896,0.898,0.899,"AMD Ryzen 5 5600GT with Radeon Graphics","Null Device",False
2026-10-08T04:39:38.5819920Z,bandwidth,bw-plan-m1024-t8-v8-r3,bw.correction,count,80000,1024,8,8,10,10,4,5,8,5641107,5815226.5,5904728.45,5911048.89,5912629,"AMD Ryzen 5 5600GT with Radeon Graphics","Null Device",False
2026-10-08T04:39:38.5824330Z,bandwidth,bw-plan-m1024-t8-v8-r3,bw.bytype.health,share,80000,1024,8,8,10,10,4,5,8,0.008,0.008,0.009,0.009,0.009,"AMD Ryzen 5 5600GT with Radeon Graphics","Null Device",False
2026-10-08T04:39:38.5828670Z,bandwidth,bw-plan-m1024-t8-v8-r3,bw.health,count,80000,1024,8,8,10,10,4,5,8,143830.25,143879.5,147062.95,147080.59,147085,"AMD Ryzen 5 5600GT with Radeon Graphics","Null Device",False
2026-10-08T04:39:38.5833040Z,bandwidth,bw-plan-m1024-t8-v8-r3,bw.bytype.enter,share,80000,1024,8,8,10,10,4,5,8,0.077,0.08,0.108,0.115,0.116,"AMD Ryzen 5 5600GT with Radeon Graphics","Null Device",False
2026-10-08T04:39:38.5837310Z,bandwidth,bw-plan-m1024-t8-v8-r3,bw.enter,count,80000,1024,8,8,10,10,4,5,8,57312.75,59732,72019.3,74483.86,75100,"AMD Ryzen 5 5600GT with Radeon Graphics","Null Device",False
2026-10-08T04:39:38.5841570Z,bandwidth,bw-plan-m1024-t8-v8-r3,bw.bytype.leave,share,80000,1024,8,8,10,10,4,5,8,0.003,0.003,0.004,0.004,0.004,"AMD Ryzen 5 5600GT with Radeon Graphics","Null Device",False
2026-10-08T04:39:38.5845890Z,bandwidth,bw-plan-m1024-t8-v8-r3,bw.leave,count,80000,1024,8,8,10,10,4,5,8,46393.25,48378.5,61285.9,63818.78,64452,"AMD Ryzen 5 5600GT with Radeon Graphics","Null Device",False
2026-10-08T04:39:38.5850150Z,bandwidth,bw-plan-m1024-t8-v8-r3,bw.bytype.explosion,share,80000,1024,8,8,10,10,4,5,8,0.002,0.002,0.002,0.003,0.003,"AMD Ryzen 5 5600GT with Radeon Graphics","Null Device",False
2026-10-08T04:39:38.5854530Z,bandwidth,bw-plan-m1024-t8-v8-r3,bw.explosion,count,80000,1024,8,8,10,10,4,5,8,21000.75,20955,21358.25,21387.65,21395,"AMD Ryzen 5 5600GT with Radeon Graphics","Null Device",False
2026-10-08T04:39:38.5858860Z,bandwidth,bw-plan-m1024-t8-v8-r3,bw.bytype.fogdelta,share,80000,1024,8,8,10,10,4,5,8,0.002,0.002,0.003,0.003,0.003,"AMD Ryzen 5 5600GT with Radeon Graphics","Null Device",False
2026-10-08T04:39:38.5863210Z,bandwidth,bw-plan-m1024-t8-v8-r3,bw.fogdelta,count,80000,1024,8,8,10,10,4,5,8,55929.75,53561,75774,83065.2,84888,"AMD Ryzen 5 5600GT with Radeon Graphics","Null Device",False
2026-10-08T04:39:38.5867530Z,bandwidth,bw-plan-m1024-t8-v8-r3,bw.waypoints,waypoints,80000,1024,8,8,10,10,4,5,1,23.167,23.167,23.167,23.167,23.167,"AMD Ryzen 5 5600GT with Radeon Graphics","Null Device",False
2026-10-08T04:39:38.5871790Z,bandwidth,bw-plan-m1024-t8-v8-r3,bw.waypoints.smoothed,waypoints,80000,1024,8,8,10,10,4,5,1,2.759,2.759,2.759,2.759,2.759,"AMD Ryzen 5 5600GT with Radeon Graphics","Null Device",False
2026-10-08T04:39:38.5877530Z,bandwidth,bw-plan-m1024-t8-v8-r3,bw.waypoints.saved,share,80000,1024,8,8,10,10,4,5,1,0.881,0.881,0.881,0.881,0.881,"AMD Ryzen 5 5600GT with Radeon Graphics","Null Device",False
2026-10-08T04:39:38.5908240Z,bandwidth,bw-plan-m1024-t8-v8-r3,bw.units,units,80000,1024,8,8,10,10,4,5,1,79979,79979,79979,79979,79979,"AMD Ryzen 5 5600GT with Radeon Graphics","Null Device",False
2026-10-08T04:39:38.5951540Z,bandwidth,bw-plan-m1024-t8-v8-r3,bw.units.engaged,share,80000,1024,8,8,10,10,4,5,1,0.033,0.033,0.033,0.033,0.033,"AMD Ryzen 5 5600GT with Radeon Graphics","Null Device",False
2026-10-08T04:39:38.5956220Z,bandwidth,bw-plan-m1024-t8-v8-r3,bw.units.ordered,share,80000,1024,8,8,10,10,4,5,1,0.985,0.985,0.985,0.985,0.985,"AMD Ryzen 5 5600GT with Radeon Graphics","Null Device",False
2026-10-08T04:39:38.5964740Z,bandwidth,bw-plan-m1024-t8-v8-r3,bw.allowed,units,80000,1024,8,8,10,10,4,5,1,10705,10705,10705,10705,10705,"AMD Ryzen 5 5600GT with Radeon Graphics","Null Device",False
2026-10-08T04:39:38.5972060Z,bandwidth,bw-plan-m1024-t8-v8-r3,bw.corrections.perunit,corrections,80000,1024,8,8,10,10,4,5,1,0.421,0.421,0.421,0.421,0.421,"AMD Ryzen 5 5600GT with Radeon Graphics","Null Device",False
2026-10-08T04:39:38.5988000Z,bandwidth,bw-plan-m1024-t8-v8-r3,bw.error.all.mean,tiles,80000,1024,8,8,10,10,4,5,1,0.041,0.041,0.041,0.041,0.041,"AMD Ryzen 5 5600GT with Radeon Graphics","Null Device",False
2026-10-08T04:39:38.5996330Z,bandwidth,bw-plan-m1024-t8-v8-r3,bw.error.all.p50,tiles,80000,1024,8,8,10,10,4,5,1,0.031,0.031,0.031,0.031,0.031,"AMD Ryzen 5 5600GT with Radeon Graphics","Null Device",False
2026-10-08T04:39:38.6003690Z,bandwidth,bw-plan-m1024-t8-v8-r3,bw.error.all.p95,tiles,80000,1024,8,8,10,10,4,5,1,0.188,0.188,0.188,0.188,0.188,"AMD Ryzen 5 5600GT with Radeon Graphics","Null Device",False
2026-10-08T04:39:38.6010720Z,bandwidth,bw-plan-m1024-t8-v8-r3,bw.error.all.p99,tiles,80000,1024,8,8,10,10,4,5,1,0.25,0.25,0.25,0.25,0.25,"AMD Ryzen 5 5600GT with Radeon Graphics","Null Device",False
2026-10-08T04:39:38.6018720Z,bandwidth,bw-plan-m1024-t8-v8-r3,bw.error.view.mean,tiles,80000,1024,8,8,10,10,4,5,1,0.041,0.041,0.041,0.041,0.041,"AMD Ryzen 5 5600GT with Radeon Graphics","Null Device",False
2026-10-08T04:39:38.6025810Z,bandwidth,bw-plan-m1024-t8-v8-r3,bw.error.view.p50,tiles,80000,1024,8,8,10,10,4,5,1,0.031,0.031,0.031,0.031,0.031,"AMD Ryzen 5 5600GT with Radeon Graphics","Null Device",False
2026-10-08T04:39:38.6032850Z,bandwidth,bw-plan-m1024-t8-v8-r3,bw.error.view.p95,tiles,80000,1024,8,8,10,10,4,5,1,0.188,0.188,0.188,0.188,0.188,"AMD Ryzen 5 5600GT with Radeon Graphics","Null Device",False
2026-10-08T04:39:38.6039970Z,bandwidth,bw-plan-m1024-t8-v8-r3,bw.error.view.p99,tiles,80000,1024,8,8,10,10,4,5,1,0.25,0.25,0.25,0.25,0.25,"AMD Ryzen 5 5600GT with Radeon Graphics","Null Device",False
2026-10-08T04:39:38.6048020Z,bandwidth,bw-plan-m1024-t8-v8-r3,bw.error.raw.mean,tiles,80000,1024,8,8,10,10,4,5,1,0.71,0.71,0.71,0.71,0.71,"AMD Ryzen 5 5600GT with Radeon Graphics","Null Device",False
2026-10-08T04:39:38.6055370Z,bandwidth,bw-plan-m1024-t8-v8-r3,bw.error.raw.p50,tiles,80000,1024,8,8,10,10,4,5,1,0.578,0.578,0.578,0.578,0.578,"AMD Ryzen 5 5600GT with Radeon Graphics","Null Device",False
2026-10-08T04:39:38.6061060Z,bandwidth,bw-plan-m1024-t8-v8-r3,bw.error.raw.p95,tiles,80000,1024,8,8,10,10,4,5,1,1.234,1.234,1.234,1.234,1.234,"AMD Ryzen 5 5600GT with Radeon Graphics","Null Device",False
2026-10-08T04:39:38.6066520Z,bandwidth,bw-plan-m1024-t8-v8-r3,bw.error.raw.p99,tiles,80000,1024,8,8,10,10,4,5,1,1.453,1.453,1.453,1.453,1.453,"AMD Ryzen 5 5600GT with Radeon Graphics","Null Device",False
2026-10-08T04:39:38.6071600Z,bandwidth,bw-plan-m1024-t8-v8-r3,bw.error.rawanchored.mean,tiles,80000,1024,8,8,10,10,4,5,1,0.637,0.637,0.637,0.637,0.637,"AMD Ryzen 5 5600GT with Radeon Graphics","Null Device",False
2026-10-08T04:39:38.6076050Z,bandwidth,bw-plan-m1024-t8-v8-r3,bw.error.rawanchored.p50,tiles,80000,1024,8,8,10,10,4,5,1,0.578,0.578,0.578,0.578,0.578,"AMD Ryzen 5 5600GT with Radeon Graphics","Null Device",False
2026-10-08T04:39:38.6080270Z,bandwidth,bw-plan-m1024-t8-v8-r3,bw.error.rawanchored.p95,tiles,80000,1024,8,8,10,10,4,5,1,1.234,1.234,1.234,1.234,1.234,"AMD Ryzen 5 5600GT with Radeon Graphics","Null Device",False
2026-10-08T04:39:38.6084670Z,bandwidth,bw-plan-m1024-t8-v8-r3,bw.error.rawanchored.p99,tiles,80000,1024,8,8,10,10,4,5,1,1.438,1.438,1.438,1.438,1.438,"AMD Ryzen 5 5600GT with Radeon Graphics","Null Device",False
2026-10-08T04:39:38.6089470Z,bandwidth,bw-plan-m1024-t8-v8-r3,bw.checks.anchored,share,80000,1024,8,8,10,10,4,5,1,0.977,0.977,0.977,0.977,0.977,"AMD Ryzen 5 5600GT with Radeon Graphics","Null Device",False
2026-10-08T04:39:38.6094090Z,bandwidth,bw-plan-m1024-t8-v8-r3,bw.route.live,waypoints,80000,1024,8,8,10,10,4,5,1,5444596,5444596,5444596,5444596,5444596,"AMD Ryzen 5 5600GT with Radeon Graphics","Null Device",False
2026-10-08T04:39:38.6098380Z,bandwidth,bw-plan-m1024-t8-v8-r3,bw.route.arena,MB,80000,1024,8,8,10,10,4,5,1,64,64,64,64,64,"AMD Ryzen 5 5600GT with Radeon Graphics","Null Device",False
2026-10-08T04:39:42.7551720Z,bandwidth,bw-m1024-t8-v8-r3,bw.snapshot.bytes,KB,80000,1024,8,8,10,10,4,5,8,488.866,484.752,520.898,520.898,520.898,"AMD Ryzen 5 5600GT with Radeon Graphics","Null Device",False
2026-10-08T04:39:42.7652610Z,bandwidth,bw-m1024-t8-v8-r3,bw.snapshot.wire,KB,80000,1024,8,8,10,10,4,5,8,510.619,506.341,544.061,544.061,544.061,"AMD Ryzen 5 5600GT with Radeon Graphics","Null Device",False
2026-10-08T04:39:42.7657760Z,bandwidth,bw-m1024-t8-v8-r3,bw.snapshot.units,units,80000,1024,8,8,10,10,4,5,8,20000,20000,20000,20000,20000,"AMD Ryzen 5 5600GT with Radeon Graphics","Null Device",False
2026-10-08T04:39:42.7663920Z,bandwidth,bw-m1024-t8-v8-r3,bw.snapshot.seconds,s,80000,1024,8,8,10,10,4,5,8,1.995,1.978,2.125,2.125,2.125,"AMD Ryzen 5 5600GT with Radeon Graphics","Null Device",False
2026-10-08T04:40:22.8208980Z,bandwidth,bw-m1024-t8-v8-r3,bw.avg,KB/s,80000,1024,8,8,10,10,4,5,8,192.685,198.842,216.871,217.88,218.132,"AMD Ryzen 5 5600GT with Radeon Graphics","Null Device",False
2026-10-08T04:40:22.8214720Z,bandwidth,bw-m1024-t8-v8-r3,bw.peak1s,KB/s,80000,1024,8,8,10,10,4,5,8,386.892,378.244,431.838,432.03,432.078,"AMD Ryzen 5 5600GT with Radeon Graphics","Null Device",False
2026-10-08T04:40:22.8219760Z,bandwidth,bw-m1024-t8-v8-r3,bw.wire.avg,KB/s,80000,1024,8,8,10,10,4,5,8,207.547,214.44,233.29,234.07,234.265,"AMD Ryzen 5 5600GT with Radeon Graphics","Null Device",False
2026-10-08T04:40:22.8224580Z,bandwidth,bw-m1024-t8-v8-r3,bw.wire.peak1s,KB/s,80000,1024,8,8,10,10,4,5,8,409.314,400.263,456.551,456.757,456.809,"AMD Ryzen 5 5600GT with Radeon Graphics","Null Device",False
2026-10-08T04:40:22.8229250Z,bandwidth,bw-m1024-t8-v8-r3,bw.encode.ms,ms,80000,1024,8,8,10,10,4,5,1200,1.751,1.772,2.274,2.713,9.4,"AMD Ryzen 5 5600GT with Radeon Graphics","Null Device",False
2026-10-08T04:40:22.8242800Z,bandwidth,bw-m1024-t8-v8-r3,bw.interest.ms,ms,80000,1024,8,8,10,10,4,5,1200,4.976,4.931,5.474,5.74,6.59,"AMD Ryzen 5 5600GT with Radeon Graphics","Null Device",False
2026-10-08T04:40:22.8254560Z,bandwidth,bw-m1024-t8-v8-r3,bw.routes.ms,ms,80000,1024,8,8,10,10,4,5,1200,1.905,0.952,1.398,48.137,91.628,"AMD Ryzen 5 5600GT with Radeon Graphics","Null Device",False
2026-10-08T04:40:22.8263830Z,bandwidth,bw-m1024-t8-v8-r3,bw.routes.deferred,units,80000,1024,8,8,10,10,4,5,1200,0,0,0,0,0,"AMD Ryzen 5 5600GT with Radeon Graphics","Null Device",False
2026-10-08T04:40:22.8284320Z,bandwidth,bw-m1024-t8-v8-r3,bw.bytype.moveorder,share,80000,1024,8,8,10,10,4,5,8,0.137,0.142,0.155,0.155,0.155,"AMD Ryzen 5 5600GT with Radeon Graphics","Null Device",False
2026-10-08T04:40:22.8289780Z,bandwidth,bw-m1024-t8-v8-r3,bw.moveorder,count,80000,1024,8,8,10,10,4,5,8,24207.375,24252.5,25252,25621.6,25714,"AMD Ryzen 5 5600GT with Radeon Graphics","Null Device",False
2026-10-08T04:40:22.8295020Z,bandwidth,bw-m1024-t8-v8-r3,bw.bytype.correction,share,80000,1024,8,8,10,10,4,5,8,0.565,0.531,0.673,0.696,0.701,"AMD Ryzen 5 5600GT with Radeon Graphics","Null Device",False
2026-10-08T04:40:22.8300180Z,bandwidth,bw-m1024-t8-v8-r3,bw.correction,count,80000,1024,8,8,10,10,4,5,8,1340772.625,1308297.5,1680893.7,1706507.54,1712911,"AMD Ryzen 5 5600GT with Radeon Graphics","Null Device",False
2026-10-08T04:40:22.8305310Z,bandwidth,bw-m1024-t8-v8-r3,bw.bytype.health,share,80000,1024,8,8,10,10,4,5,8,0.026,0.024,0.031,0.032,0.032,"AMD Ryzen 5 5600GT with Radeon Graphics","Null Device",False
2026-10-08T04:40:22.8309790Z,bandwidth,bw-m1024-t8-v8-r3,bw.health,count,80000,1024,8,8,10,10,4,5,8,143830.25,143879.5,147062.95,147080.59,147085,"AMD Ryzen 5 5600GT with Radeon Graphics","Null Device",False
2026-10-08T04:40:22.8314420Z,bandwidth,bw-m1024-t8-v8-r3,bw.bytype.enter,share,80000,1024,8,8,10,10,4,5,8,0.248,0.266,0.338,0.351,0.354,"AMD Ryzen 5 5600GT with Radeon Graphics","Null Device",False
2026-10-08T04:40:22.8318880Z,bandwidth,bw-m1024-t8-v8-r3,bw.enter,count,80000,1024,8,8,10,10,4,5,8,57312.75,59732,72019.3,74483.86,75100,"AMD Ryzen 5 5600GT with Radeon Graphics","Null Device",False
2026-10-08T04:40:22.8323450Z,bandwidth,bw-m1024-t8-v8-r3,bw.bytype.leave,share,80000,1024,8,8,10,10,4,5,8,0.01,0.011,0.012,0.013,0.013,"AMD Ryzen 5 5600GT with Radeon Graphics","Null Device",False
2026-10-08T04:40:22.8327910Z,bandwidth,bw-m1024-t8-v8-r3,bw.leave,count,80000,1024,8,8,10,10,4,5,8,46393.25,48378.5,61285.9,63818.78,64452,"AMD Ryzen 5 5600GT with Radeon Graphics","Null Device",False
2026-10-08T04:40:22.8332440Z,bandwidth,bw-m1024-t8-v8-r3,bw.bytype.explosion,share,80000,1024,8,8,10,10,4,5,8,0.007,0.007,0.009,0.009,0.009,"AMD Ryzen 5 5600GT with Radeon Graphics","Null Device",False
2026-10-08T04:40:22.8337070Z,bandwidth,bw-m1024-t8-v8-r3,bw.explosion,count,80000,1024,8,8,10,10,4,5,8,21000.75,20955,21358.25,21387.65,21395,"AMD Ryzen 5 5600GT with Radeon Graphics","Null Device",False
2026-10-08T04:40:22.8341730Z,bandwidth,bw-m1024-t8-v8-r3,bw.bytype.fogdelta,share,80000,1024,8,8,10,10,4,5,8,0.007,0.006,0.011,0.012,0.013,"AMD Ryzen 5 5600GT with Radeon Graphics","Null Device",False
2026-10-08T04:40:22.8346250Z,bandwidth,bw-m1024-t8-v8-r3,bw.fogdelta,count,80000,1024,8,8,10,10,4,5,8,55929.75,53561,75774,83065.2,84888,"AMD Ryzen 5 5600GT with Radeon Graphics","Null Device",False
2026-10-08T04:40:22.8350710Z,bandwidth,bw-m1024-t8-v8-r3,bw.waypoints,waypoints,80000,1024,8,8,10,10,4,5,1,23.167,23.167,23.167,23.167,23.167,"AMD Ryzen 5 5600GT with Radeon Graphics","Null Device",False
2026-10-08T04:40:22.8356060Z,bandwidth,bw-m1024-t8-v8-r3,bw.waypoints.smoothed,waypoints,80000,1024,8,8,10,10,4,5,1,2.759,2.759,2.759,2.759,2.759,"AMD Ryzen 5 5600GT with Radeon Graphics","Null Device",False
2026-10-08T04:40:22.8360510Z,bandwidth,bw-m1024-t8-v8-r3,bw.waypoints.saved,share,80000,1024,8,8,10,10,4,5,1,0.881,0.881,0.881,0.881,0.881,"AMD Ryzen 5 5600GT with Radeon Graphics","Null Device",False
2026-10-08T04:40:22.8390520Z,bandwidth,bw-m1024-t8-v8-r3,bw.units,units,80000,1024,8,8,10,10,4,5,1,79979,79979,79979,79979,79979,"AMD Ryzen 5 5600GT with Radeon Graphics","Null Device",False
2026-10-08T04:40:22.8434420Z,bandwidth,bw-m1024-t8-v8-r3,bw.units.engaged,share,80000,1024,8,8,10,10,4,5,1,0.033,0.033,0.033,0.033,0.033,"AMD Ryzen 5 5600GT with Radeon Graphics","Null Device",False
2026-10-08T04:40:22.8439630Z,bandwidth,bw-m1024-t8-v8-r3,bw.units.ordered,share,80000,1024,8,8,10,10,4,5,1,0.985,0.985,0.985,0.985,0.985,"AMD Ryzen 5 5600GT with Radeon Graphics","Null Device",False
2026-10-08T04:40:22.8445740Z,bandwidth,bw-m1024-t8-v8-r3,bw.allowed,units,80000,1024,8,8,10,10,4,5,1,10705,10705,10705,10705,10705,"AMD Ryzen 5 5600GT with Radeon Graphics","Null Device",False
2026-10-08T04:40:22.8450620Z,bandwidth,bw-m1024-t8-v8-r3,bw.corrections.perunit,corrections,80000,1024,8,8,10,10,4,5,1,0.097,0.097,0.097,0.097,0.097,"AMD Ryzen 5 5600GT with Radeon Graphics","Null Device",False
2026-10-08T04:40:22.8461850Z,bandwidth,bw-m1024-t8-v8-r3,bw.error.all.mean,tiles,80000,1024,8,8,10,10,4,5,1,0.36,0.36,0.36,0.36,0.36,"AMD Ryzen 5 5600GT with Radeon Graphics","Null Device",False
2026-10-08T04:40:22.8467630Z,bandwidth,bw-m1024-t8-v8-r3,bw.error.all.p50,tiles,80000,1024,8,8,10,10,4,5,1,0.078,0.078,0.078,0.078,0.078,"AMD Ryzen 5 5600GT with Radeon Graphics","Null Device",False
2026-10-08T04:40:22.8472630Z,bandwidth,bw-m1024-t8-v8-r3,bw.error.all.p95,tiles,80000,1024,8,8,10,10,4,5,1,1.625,1.625,1.625,1.625,1.625,"AMD Ryzen 5 5600GT with Radeon Graphics","Null Device",False
2026-10-08T04:40:22.8477520Z,bandwidth,bw-m1024-t8-v8-r3,bw.error.all.p99,tiles,80000,1024,8,8,10,10,4,5,1,1.922,1.922,1.922,1.922,1.922,"AMD Ryzen 5 5600GT with Radeon Graphics","Null Device",False
2026-10-08T04:40:22.8496680Z,bandwidth,bw-m1024-t8-v8-r3,bw.error.view.mean,tiles,80000,1024,8,8,10,10,4,5,1,0.065,0.065,0.065,0.065,0.065,"AMD Ryzen 5 5600GT with Radeon Graphics","Null Device",False
2026-10-08T04:40:22.8501230Z,bandwidth,bw-m1024-t8-v8-r3,bw.error.view.p50,tiles,80000,1024,8,8,10,10,4,5,1,0.063,0.063,0.063,0.063,0.063,"AMD Ryzen 5 5600GT with Radeon Graphics","Null Device",False
2026-10-08T04:40:22.8505930Z,bandwidth,bw-m1024-t8-v8-r3,bw.error.view.p95,tiles,80000,1024,8,8,10,10,4,5,1,0.203,0.203,0.203,0.203,0.203,"AMD Ryzen 5 5600GT with Radeon Graphics","Null Device",False
2026-10-08T04:40:22.8510410Z,bandwidth,bw-m1024-t8-v8-r3,bw.error.view.p99,tiles,80000,1024,8,8,10,10,4,5,1,0.25,0.25,0.25,0.25,0.25,"AMD Ryzen 5 5600GT with Radeon Graphics","Null Device",False
2026-10-08T04:40:22.8515480Z,bandwidth,bw-m1024-t8-v8-r3,bw.error.raw.mean,tiles,80000,1024,8,8,10,10,4,5,1,0.756,0.756,0.756,0.756,0.756,"AMD Ryzen 5 5600GT with Radeon Graphics","Null Device",False
2026-10-08T04:40:22.8519820Z,bandwidth,bw-m1024-t8-v8-r3,bw.error.raw.p50,tiles,80000,1024,8,8,10,10,4,5,1,0.656,0.656,0.656,0.656,0.656,"AMD Ryzen 5 5600GT with Radeon Graphics","Null Device",False
2026-10-08T04:40:22.8524300Z,bandwidth,bw-m1024-t8-v8-r3,bw.error.raw.p95,tiles,80000,1024,8,8,10,10,4,5,1,1.781,1.781,1.781,1.781,1.781,"AMD Ryzen 5 5600GT with Radeon Graphics","Null Device",False
2026-10-08T04:40:22.8528590Z,bandwidth,bw-m1024-t8-v8-r3,bw.error.raw.p99,tiles,80000,1024,8,8,10,10,4,5,1,2.313,2.313,2.313,2.313,2.313,"AMD Ryzen 5 5600GT with Radeon Graphics","Null Device",False
2026-10-08T04:40:22.8533560Z,bandwidth,bw-m1024-t8-v8-r3,bw.error.rawanchored.mean,tiles,80000,1024,8,8,10,10,4,5,1,0.757,0.757,0.757,0.757,0.757,"AMD Ryzen 5 5600GT with Radeon Graphics","Null Device",False
2026-10-08T04:40:22.8537870Z,bandwidth,bw-m1024-t8-v8-r3,bw.error.rawanchored.p50,tiles,80000,1024,8,8,10,10,4,5,1,0.656,0.656,0.656,0.656,0.656,"AMD Ryzen 5 5600GT with Radeon Graphics","Null Device",False
2026-10-08T04:40:22.8542150Z,bandwidth,bw-m1024-t8-v8-r3,bw.error.rawanchored.p95,tiles,80000,1024,8,8,10,10,4,5,1,1.781,1.781,1.781,1.781,1.781,"AMD Ryzen 5 5600GT with Radeon Graphics","Null Device",False
2026-10-08T04:40:22.8546480Z,bandwidth,bw-m1024-t8-v8-r3,bw.error.rawanchored.p99,tiles,80000,1024,8,8,10,10,4,5,1,2.313,2.313,2.313,2.313,2.313,"AMD Ryzen 5 5600GT with Radeon Graphics","Null Device",False
2026-10-08T04:40:22.8551180Z,bandwidth,bw-m1024-t8-v8-r3,bw.checks.anchored,share,80000,1024,8,8,10,10,4,5,1,0.943,0.943,0.943,0.943,0.943,"AMD Ryzen 5 5600GT with Radeon Graphics","Null Device",False
2026-10-08T04:40:22.8555790Z,bandwidth,bw-m1024-t8-v8-r3,bw.route.live,waypoints,80000,1024,8,8,10,10,4,5,1,5444596,5444596,5444596,5444596,5444596,"AMD Ryzen 5 5600GT with Radeon Graphics","Null Device",False
2026-10-08T04:40:22.8560070Z,bandwidth,bw-m1024-t8-v8-r3,bw.route.arena,MB,80000,1024,8,8,10,10,4,5,1,64,64,64,64,64,"AMD Ryzen 5 5600GT with Radeon Graphics","Null Device",False
2026-10-08T04:40:26.9580120Z,bandwidth,bw-m1024-t8-v16-r3,bw.snapshot.bytes,KB,80000,1024,8,16,10,10,4,5,8,489.414,485.844,520.898,520.898,520.898,"AMD Ryzen 5 5600GT with Radeon Graphics","Null Device",False
2026-10-08T04:40:26.9691320Z,bandwidth,bw-m1024-t8-v16-r3,bw.snapshot.wire,KB,80000,1024,8,16,10,10,4,5,8,511.186,507.458,544.061,544.061,544.061,"AMD Ryzen 5 5600GT with Radeon Graphics","Null Device",False
2026-10-08T04:40:26.9696290Z,bandwidth,bw-m1024-t8-v16-r3,bw.snapshot.units,units,80000,1024,8,16,10,10,4,5,8,20000,20000,20000,20000,20000,"AMD Ryzen 5 5600GT with Radeon Graphics","Null Device",False
2026-10-08T04:40:26.9701000Z,bandwidth,bw-m1024-t8-v16-r3,bw.snapshot.seconds,s,80000,1024,8,16,10,10,4,5,8,1.997,1.982,2.125,2.125,2.125,"AMD Ryzen 5 5600GT with Radeon Graphics","Null Device",False
2026-10-08T04:41:09.2597610Z,bandwidth,bw-m1024-t8-v16-r3,bw.avg,KB/s,80000,1024,8,16,10,10,4,5,8,220.592,225.712,259.363,261.101,261.535,"AMD Ryzen 5 5600GT with Radeon Graphics","Null Device",False
2026-10-08T04:41:09.2604400Z,bandwidth,bw-m1024-t8-v16-r3,bw.peak1s,KB/s,80000,1024,8,16,10,10,4,5,8,398.124,394.229,435.171,436.574,436.925,"AMD Ryzen 5 5600GT with Radeon Graphics","Null Device",False
2026-10-08T04:41:09.2608930Z,bandwidth,bw-m1024-t8-v16-r3,bw.wire.avg,KB/s,80000,1024,8,16,10,10,4,5,8,236.843,242.535,277.404,279.324,279.805,"AMD Ryzen 5 5600GT with Radeon Graphics","Null Device",False
2026-10-08T04:41:09.2613600Z,bandwidth,bw-m1024-t8-v16-r3,bw.wire.peak1s,KB/s,80000,1024,8,16,10,10,4,5,8,422.356,420.047,460.949,462.824,463.293,"AMD Ryzen 5 5600GT with Radeon Graphics","Null Device",False
2026-10-08T04:41:09.2617910Z,bandwidth,bw-m1024-t8-v16-r3,bw.encode.ms,ms,80000,1024,8,16,10,10,4,5,1200,1.839,1.886,2.427,2.697,9.69,"AMD Ryzen 5 5600GT with Radeon Graphics","Null Device",False
2026-10-08T04:41:09.2626770Z,bandwidth,bw-m1024-t8-v16-r3,bw.interest.ms,ms,80000,1024,8,16,10,10,4,5,1200,5.055,5.044,5.497,5.698,6.156,"AMD Ryzen 5 5600GT with Radeon Graphics","Null Device",False
2026-10-08T04:41:09.2635840Z,bandwidth,bw-m1024-t8-v16-r3,bw.routes.ms,ms,80000,1024,8,16,10,10,4,5,1200,1.91,0.953,1.371,48.243,95.762,"AMD Ryzen 5 5600GT with Radeon Graphics","Null Device",False
2026-10-08T04:41:09.2644980Z,bandwidth,bw-m1024-t8-v16-r3,bw.routes.deferred,units,80000,1024,8,16,10,10,4,5,1200,0,0,0,0,0,"AMD Ryzen 5 5600GT with Radeon Graphics","Null Device",False
2026-10-08T04:41:09.2671540Z,bandwidth,bw-m1024-t8-v16-r3,bw.bytype.moveorder,share,80000,1024,8,16,10,10,4,5,8,0.121,0.124,0.147,0.153,0.154,"AMD Ryzen 5 5600GT with Radeon Graphics","Null Device",False
2026-10-08T04:41:09.2676500Z,bandwidth,bw-m1024-t8-v16-r3,bw.moveorder,count,80000,1024,8,16,10,10,4,5,8,24245.25,24272.5,25260.45,25633.69,25727,"AMD Ryzen 5 5600GT with Radeon Graphics","Null Device",False
2026-10-08T04:41:09.2680980Z,bandwidth,bw-m1024-t8-v16-r3,bw.bytype.correction,share,80000,1024,8,16,10,10,4,5,8,0.515,0.492,0.652,0.683,0.691,"AMD Ryzen 5 5600GT with Radeon Graphics","Null Device",False
2026-10-08T04:41:09.2685360Z,bandwidth,bw-m1024-t8-v16-r3,bw.correction,count,80000,1024,8,16,10,10,4,5,8,1377115.375,1369765,1706839,1722267,1726124,"AMD Ryzen 5 5600GT with Radeon Graphics","Null Device",False
2026-10-08T04:41:09.2689790Z,bandwidth,bw-m1024-t8-v16-r3,bw.bytype.health,share,80000,1024,8,16,10,10,4,5,8,0.023,0.022,0.029,0.032,0.032,"AMD Ryzen 5 5600GT with Radeon Graphics","Null Device",False
2026-10-08T04:41:09.2694240Z,bandwidth,bw-m1024-t8-v16-r3,bw.health,count,80000,1024,8,16,10,10,4,5,8,143848.625,143903.5,147090.1,147105.22,147109,"AMD Ryzen 5 5600GT with Radeon Graphics","Null Device",False
2026-10-08T04:41:09.2711290Z,bandwidth,bw-m1024-t8-v16-r3,bw.bytype.enter,share,80000,1024,8,16,10,10,4,5,8,0.316,0.34,0.423,0.43,0.431,"AMD Ryzen 5 5600GT with Radeon Graphics","Null Device",False
2026-10-08T04:41:09.2716240Z,bandwidth,bw-m1024-t8-v16-r3,bw.enter,count,80000,1024,8,16,10,10,4,5,8,72575.75,74669.5,95465.55,97080.31,97484,"AMD Ryzen 5 5600GT with Radeon Graphics","Null Device",False
2026-10-08T04:41:09.2720570Z,bandwidth,bw-m1024-t8-v16-r3,bw.bytype.leave,share,80000,1024,8,16,10,10,4,5,8,0.011,0.012,0.014,0.014,0.014,"AMD Ryzen 5 5600GT with Radeon Graphics","Null Device",False
2026-10-08T04:41:09.2724920Z,bandwidth,bw-m1024-t8-v16-r3,bw.leave,count,80000,1024,8,16,10,10,4,5,8,60122.875,61699,82563.45,84599.89,85109,"AMD Ryzen 5 5600GT with Radeon Graphics","Null Device",False
2026-10-08T04:41:09.2730150Z,bandwidth,bw-m1024-t8-v16-r3,bw.bytype.explosion,share,80000,1024,8,16,10,10,4,5,8,0.006,0.006,0.008,0.009,0.009,"AMD Ryzen 5 5600GT with Radeon Graphics","Null Device",False
2026-10-08T04:41:09.2735420Z,bandwidth,bw-m1024-t8-v16-r3,bw.explosion,count,80000,1024,8,16,10,10,4,5,8,21003.25,20957,21352.9,21376.98,21383,"AMD Ryzen 5 5600GT with Radeon Graphics","Null Device",False
2026-10-08T04:41:09.2739960Z,bandwidth,bw-m1024-t8-v16-r3,bw.bytype.fogdelta,share,80000,1024,8,16,10,10,4,5,8,0.007,0.006,0.011,0.013,0.013,"AMD Ryzen 5 5600GT with Radeon Graphics","Null Device",False
2026-10-08T04:41:09.2744400Z,bandwidth,bw-m1024-t8-v16-r3,bw.fogdelta,count,80000,1024,8,16,10,10,4,5,8,63037.75,62924,83471.4,89305.48,90764,"AMD Ryzen 5 5600GT with Radeon Graphics","Null Device",False
2026-10-08T04:41:09.2748800Z,bandwidth,bw-m1024-t8-v16-r3,bw.waypoints,waypoints,80000,1024,8,16,10,10,4,5,1,23.167,23.167,23.167,23.167,23.167,"AMD Ryzen 5 5600GT with Radeon Graphics","Null Device",False
2026-10-08T04:41:09.2753950Z,bandwidth,bw-m1024-t8-v16-r3,bw.waypoints.smoothed,waypoints,80000,1024,8,16,10,10,4,5,1,2.759,2.759,2.759,2.759,2.759,"AMD Ryzen 5 5600GT with Radeon Graphics","Null Device",False
2026-10-08T04:41:09.2758390Z,bandwidth,bw-m1024-t8-v16-r3,bw.waypoints.saved,share,80000,1024,8,16,10,10,4,5,1,0.881,0.881,0.881,0.881,0.881,"AMD Ryzen 5 5600GT with Radeon Graphics","Null Device",False
2026-10-08T04:41:09.2785680Z,bandwidth,bw-m1024-t8-v16-r3,bw.units,units,80000,1024,8,16,10,10,4,5,1,79979,79979,79979,79979,79979,"AMD Ryzen 5 5600GT with Radeon Graphics","Null Device",False
2026-10-08T04:41:09.2826660Z,bandwidth,bw-m1024-t8-v16-r3,bw.units.engaged,share,80000,1024,8,16,10,10,4,5,1,0.033,0.033,0.033,0.033,0.033,"AMD Ryzen 5 5600GT with Radeon Graphics","Null Device",False
2026-10-08T04:41:09.2833170Z,bandwidth,bw-m1024-t8-v16-r3,bw.units.ordered,share,80000,1024,8,16,10,10,4,5,1,0.985,0.985,0.985,0.985,0.985,"AMD Ryzen 5 5600GT with Radeon Graphics","Null Device",False
2026-10-08T04:41:09.2842130Z,bandwidth,bw-m1024-t8-v16-r3,bw.allowed,units,80000,1024,8,16,10,10,4,5,1,11611,11611,11611,11611,11611,"AMD Ryzen 5 5600GT with Radeon Graphics","Null Device",False
2026-10-08T04:41:09.2849610Z,bandwidth,bw-m1024-t8-v16-r3,bw.corrections.perunit,corrections,80000,1024,8,16,10,10,4,5,1,0.09,0.09,0.09,0.09,0.09,"AMD Ryzen 5 5600GT with Radeon Graphics","Null Device",False
2026-10-08T04:41:09.2861320Z,bandwidth,bw-m1024-t8-v16-r3,bw.error.all.mean,tiles,80000,1024,8,16,10,10,4,5,1,0.366,0.366,0.366,0.366,0.366,"AMD Ryzen 5 5600GT with Radeon Graphics","Null Device",False
2026-10-08T04:41:09.2868430Z,bandwidth,bw-m1024-t8-v16-r3,bw.error.all.p50,tiles,80000,1024,8,16,10,10,4,5,1,0.078,0.078,0.078,0.078,0.078,"AMD Ryzen 5 5600GT with Radeon Graphics","Null Device",False
2026-10-08T04:41:09.2878670Z,bandwidth,bw-m1024-t8-v16-r3,bw.error.all.p95,tiles,80000,1024,8,16,10,10,4,5,1,1.641,1.641,1.641,1.641,1.641,"AMD Ryzen 5 5600GT with Radeon Graphics","Null Device",False
2026-10-08T04:41:09.2885790Z,bandwidth,bw-m1024-t8-v16-r3,bw.error.all.p99,tiles,80000,1024,8,16,10,10,4,5,1,1.922,1.922,1.922,1.922,1.922,"AMD Ryzen 5 5600GT with Radeon Graphics","Null Device",False
2026-10-08T04:41:09.2893310Z,bandwidth,bw-m1024-t8-v16-r3,bw.error.view.mean,tiles,80000,1024,8,16,10,10,4,5,1,0.065,0.065,0.065,0.065,0.065,"AMD Ryzen 5 5600GT with Radeon Graphics","Null Device",False
2026-10-08T04:41:09.2899790Z,bandwidth,bw-m1024-t8-v16-r3,bw.error.view.p50,tiles,80000,1024,8,16,10,10,4,5,1,0.063,0.063,0.063,0.063,0.063,"AMD Ryzen 5 5600GT with Radeon Graphics","Null Device",False
2026-10-08T04:41:09.2906310Z,bandwidth,bw-m1024-t8-v16-r3,bw.error.view.p95,tiles,80000,1024,8,16,10,10,4,5,1,0.203,0.203,0.203,0.203,0.203,"AMD Ryzen 5 5600GT with Radeon Graphics","Null Device",False
2026-10-08T04:41:09.2912880Z,bandwidth,bw-m1024-t8-v16-r3,bw.error.view.p99,tiles,80000,1024,8,16,10,10,4,5,1,0.25,0.25,0.25,0.25,0.25,"AMD Ryzen 5 5600GT with Radeon Graphics","Null Device",False
2026-10-08T04:41:09.2920200Z,bandwidth,bw-m1024-t8-v16-r3,bw.error.raw.mean,tiles,80000,1024,8,16,10,10,4,5,1,0.756,0.756,0.756,0.756,0.756,"AMD Ryzen 5 5600GT with Radeon Graphics","Null Device",False
2026-10-08T04:41:09.2926760Z,bandwidth,bw-m1024-t8-v16-r3,bw.error.raw.p50,tiles,80000,1024,8,16,10,10,4,5,1,0.656,0.656,0.656,0.656,0.656,"AMD Ryzen 5 5600GT with Radeon Graphics","Null Device",False
2026-10-08T04:41:09.2933280Z,bandwidth,bw-m1024-t8-v16-r3,bw.error.raw.p95,tiles,80000,1024,8,16,10,10,4,5,1,1.781,1.781,1.781,1.781,1.781,"AMD Ryzen 5 5600GT with Radeon Graphics","Null Device",False
2026-10-08T04:41:09.2939830Z,bandwidth,bw-m1024-t8-v16-r3,bw.error.raw.p99,tiles,80000,1024,8,16,10,10,4,5,1,2.313,2.313,2.313,2.313,2.313,"AMD Ryzen 5 5600GT with Radeon Graphics","Null Device",False
2026-10-08T04:41:09.2947240Z,bandwidth,bw-m1024-t8-v16-r3,bw.error.rawanchored.mean,tiles,80000,1024,8,16,10,10,4,5,1,0.757,0.757,0.757,0.757,0.757,"AMD Ryzen 5 5600GT with Radeon Graphics","Null Device",False
2026-10-08T04:41:09.2953860Z,bandwidth,bw-m1024-t8-v16-r3,bw.error.rawanchored.p50,tiles,80000,1024,8,16,10,10,4,5,1,0.656,0.656,0.656,0.656,0.656,"AMD Ryzen 5 5600GT with Radeon Graphics","Null Device",False
2026-10-08T04:41:09.2960320Z,bandwidth,bw-m1024-t8-v16-r3,bw.error.rawanchored.p95,tiles,80000,1024,8,16,10,10,4,5,1,1.781,1.781,1.781,1.781,1.781,"AMD Ryzen 5 5600GT with Radeon Graphics","Null Device",False
2026-10-08T04:41:09.2966750Z,bandwidth,bw-m1024-t8-v16-r3,bw.error.rawanchored.p99,tiles,80000,1024,8,16,10,10,4,5,1,2.313,2.313,2.313,2.313,2.313,"AMD Ryzen 5 5600GT with Radeon Graphics","Null Device",False
2026-10-08T04:41:09.2974100Z,bandwidth,bw-m1024-t8-v16-r3,bw.checks.anchored,share,80000,1024,8,16,10,10,4,5,1,0.943,0.943,0.943,0.943,0.943,"AMD Ryzen 5 5600GT with Radeon Graphics","Null Device",False
2026-10-08T04:41:09.2980610Z,bandwidth,bw-m1024-t8-v16-r3,bw.route.live,waypoints,80000,1024,8,16,10,10,4,5,1,5444596,5444596,5444596,5444596,5444596,"AMD Ryzen 5 5600GT with Radeon Graphics","Null Device",False
2026-10-08T04:41:09.2987360Z,bandwidth,bw-m1024-t8-v16-r3,bw.route.arena,MB,80000,1024,8,16,10,10,4,5,1,64,64,64,64,64,"AMD Ryzen 5 5600GT with Radeon Graphics","Null Device",False
2026-10-08T04:41:13.4353310Z,bandwidth,bw-m1024-t8-v32-r3,bw.snapshot.bytes,KB,80000,1024,8,32,10,10,4,5,8,490.107,487.236,520.898,520.898,520.898,"AMD Ryzen 5 5600GT with Radeon Graphics","Null Device",False
2026-10-08T04:41:13.4448950Z,bandwidth,bw-m1024-t8-v32-r3,bw.snapshot.wire,KB,80000,1024,8,32,10,10,4,5,8,511.911,508.927,544.061,544.061,544.061,"AMD Ryzen 5 5600GT with Radeon Graphics","Null Device",False
2026-10-08T04:41:13.4453740Z,bandwidth,bw-m1024-t8-v32-r3,bw.snapshot.units,units,80000,1024,8,32,10,10,4,5,8,20000,20000,20000,20000,20000,"AMD Ryzen 5 5600GT with Radeon Graphics","Null Device",False
2026-10-08T04:41:13.4458230Z,bandwidth,bw-m1024-t8-v32-r3,bw.snapshot.seconds,s,80000,1024,8,32,10,10,4,5,8,2,1.988,2.125,2.125,2.125,"AMD Ryzen 5 5600GT with Radeon Graphics","Null Device",False
2026-10-08T04:41:58.9246080Z,bandwidth,bw-m1024-t8-v32-r3,bw.avg,KB/s,80000,1024,8,32,10,10,4,5,8,262.839,272.474,310.354,311.261,311.487,"AMD Ryzen 5 5600GT with Radeon Graphics","Null Device",False
2026-10-08T04:41:58.9252310Z,bandwidth,bw-m1024-t8-v32-r3,bw.peak1s,KB/s,80000,1024,8,32,10,10,4,5,8,466.302,450.919,615.223,657.463,668.022,"AMD Ryzen 5 5600GT with Radeon Graphics","Null Device",False
2026-10-08T04:41:58.9257570Z,bandwidth,bw-m1024-t8-v32-r3,bw.wire.avg,KB/s,80000,1024,8,32,10,10,4,5,8,281.096,290.806,330.955,331.894,332.129,"AMD Ryzen 5 5600GT with Radeon Graphics","Null Device",False
2026-10-08T04:41:58.9262720Z,bandwidth,bw-m1024-t8-v32-r3,bw.wire.peak1s,KB/s,80000,1024,8,32,10,10,4,5,8,494.327,478.431,649.871,694.623,705.811,"AMD Ryzen 5 5600GT with Radeon Graphics","Null Device",False
2026-10-08T04:41:58.9267780Z,bandwidth,bw-m1024-t8-v32-r3,bw.encode.ms,ms,80000,1024,8,32,10,10,4,5,1200,1.982,2.088,2.62,2.879,8.692,"AMD Ryzen 5 5600GT with Radeon Graphics","Null Device",False
2026-10-08T04:41:58.9278080Z,bandwidth,bw-m1024-t8-v32-r3,bw.interest.ms,ms,80000,1024,8,32,10,10,4,5,1200,5.199,5.206,5.727,6.005,6.259,"AMD Ryzen 5 5600GT with Radeon Graphics","Null Device",False
2026-10-08T04:41:58.9288410Z,bandwidth,bw-m1024-t8-v32-r3,bw.routes.ms,ms,80000,1024,8,32,10,10,4,5,1200,1.917,0.955,1.42,48.989,94.525,"AMD Ryzen 5 5600GT with Radeon Graphics","Null Device",False
2026-10-08T04:41:58.9298810Z,bandwidth,bw-m1024-t8-v32-r3,bw.routes.deferred,units,80000,1024,8,32,10,10,4,5,1200,0,0,0,0,0,"AMD Ryzen 5 5600GT with Radeon Graphics","Null Device",False
2026-10-08T04:41:58.9322810Z,bandwidth,bw-m1024-t8-v32-r3,bw.bytype.moveorder,share,80000,1024,8,32,10,10,4,5,8,0.104,0.098,0.134,0.137,0.138,"AMD Ryzen 5 5600GT with Radeon Graphics","Null Device",False
2026-10-08T04:41:58.9328060Z,bandwidth,bw-m1024-t8-v32-r3,bw.moveorder,count,80000,1024,8,32,10,10,4,5,8,24361.625,24384.5,25340.05,25652.81,25731,"AMD Ryzen 5 5600GT with Radeon Graphics","Null Device",False
2026-10-08T04:41:58.9333050Z,bandwidth,bw-m1024-t8-v32-r3,bw.bytype.correction,share,80000,1024,8,32,10,10,4,5,8,0.451,0.409,0.62,0.654,0.662,"AMD Ryzen 5 5600GT with Radeon Graphics","Null Device",False
2026-10-08T04:41:58.9338020Z,bandwidth,bw-m1024-t8-v32-r3,bw.correction,count,80000,1024,8,32,10,10,4,5,8,1407304.375,1404923.5,1730886,1736603.6,1738033,"AMD Ryzen 5 5600GT with Radeon Graphics","Null Device",False
2026-10-08T04:41:58.9342990Z,bandwidth,bw-m1024-t8-v32-r3,bw.bytype.health,share,80000,1024,8,32,10,10,4,5,8,0.019,0.018,0.027,0.028,0.029,"AMD Ryzen 5 5600GT with Radeon Graphics","Null Device",False
2026-10-08T04:41:58.9347930Z,bandwidth,bw-m1024-t8-v32-r3,bw.health,count,80000,1024,8,32,10,10,4,5,8,143855,143908.5,147097.7,147108.34,147111,"AMD Ryzen 5 5600GT with Radeon Graphics","Null Device",False
2026-10-08T04:41:58.9352880Z,bandwidth,bw-m1024-t8-v32-r3,bw.bytype.enter,share,80000,1024,8,32,10,10,4,5,8,0.399,0.44,0.513,0.517,0.518,"AMD Ryzen 5 5600GT with Radeon Graphics","Null Device",False
2026-10-08T04:41:58.9357820Z,bandwidth,bw-m1024-t8-v32-r3,bw.enter,count,80000,1024,8,32,10,10,4,5,8,95587.75,100132,124573.55,125773.91,126074,"AMD Ryzen 5 5600GT with Radeon Graphics","Null Device",False
2026-10-08T04:41:58.9362850Z,bandwidth,bw-m1024-t8-v32-r3,bw.bytype.leave,share,80000,1024,8,32,10,10,4,5,8,0.013,0.013,0.016,0.016,0.016,"AMD Ryzen 5 5600GT with Radeon Graphics","Null Device",False
2026-10-08T04:41:58.9367630Z,bandwidth,bw-m1024-t8-v32-r3,bw.leave,count,80000,1024,8,32,10,10,4,5,8,81753.5,85976.5,110681.5,112157.1,112526,"AMD Ryzen 5 5600GT with Radeon Graphics","Null Device",False
2026-10-08T04:41:58.9372680Z,bandwidth,bw-m1024-t8-v32-r3,bw.bytype.explosion,share,80000,1024,8,32,10,10,4,5,8,0.005,0.005,0.008,0.008,0.008,"AMD Ryzen 5 5600GT with Radeon Graphics","Null Device",False
2026-10-08T04:41:58.9377630Z,bandwidth,bw-m1024-t8-v32-r3,bw.explosion,count,80000,1024,8,32,10,10,4,5,8,21013,20957.5,21397.1,21440.22,21451,"AMD Ryzen 5 5600GT with Radeon Graphics","Null Device",False
2026-10-08T04:41:58.9382560Z,bandwidth,bw-m1024-t8-v32-r3,bw.bytype.fogdelta,share,80000,1024,8,32,10,10,4,5,8,0.008,0.007,0.014,0.015,0.016,"AMD Ryzen 5 5600GT with Radeon Graphics","Null Device",False
2026-10-08T04:41:58.9387370Z,bandwidth,bw-m1024-t8-v32-r3,bw.fogdelta,count,80000,1024,8,32,10,10,4,5,8,84946.125,85893.5,114067.15,121865.43,123815,"AMD Ryzen 5 5600GT with Radeon Graphics","Null Device",False
2026-10-08T04:41:58.9392190Z,bandwidth,bw-m1024-t8-v32-r3,bw.waypoints,waypoints,80000,1024,8,32,10,10,4,5,1,23.167,23.167,23.167,23.167,23.167,"AMD Ryzen 5 5600GT with Radeon Graphics","Null Device",False
2026-10-08T04:41:58.9397060Z,bandwidth,bw-m1024-t8-v32-r3,bw.waypoints.smoothed,waypoints,80000,1024,8,32,10,10,4,5,1,2.759,2.759,2.759,2.759,2.759,"AMD Ryzen 5 5600GT with Radeon Graphics","Null Device",False
2026-10-08T04:41:58.9401890Z,bandwidth,bw-m1024-t8-v32-r3,bw.waypoints.saved,share,80000,1024,8,32,10,10,4,5,1,0.881,0.881,0.881,0.881,0.881,"AMD Ryzen 5 5600GT with Radeon Graphics","Null Device",False
2026-10-08T04:41:58.9428880Z,bandwidth,bw-m1024-t8-v32-r3,bw.units,units,80000,1024,8,32,10,10,4,5,1,79979,79979,79979,79979,79979,"AMD Ryzen 5 5600GT with Radeon Graphics","Null Device",False
2026-10-08T04:41:58.9475030Z,bandwidth,bw-m1024-t8-v32-r3,bw.units.engaged,share,80000,1024,8,32,10,10,4,5,1,0.033,0.033,0.033,0.033,0.033,"AMD Ryzen 5 5600GT with Radeon Graphics","Null Device",False
2026-10-08T04:41:58.9480170Z,bandwidth,bw-m1024-t8-v32-r3,bw.units.ordered,share,80000,1024,8,32,10,10,4,5,1,0.985,0.985,0.985,0.985,0.985,"AMD Ryzen 5 5600GT with Radeon Graphics","Null Device",False
2026-10-08T04:41:58.9486560Z,bandwidth,bw-m1024-t8-v32-r3,bw.allowed,units,80000,1024,8,32,10,10,4,5,1,12741,12741,12741,12741,12741,"AMD Ryzen 5 5600GT with Radeon Graphics","Null Device",False
2026-10-08T04:41:58.9491710Z,bandwidth,bw-m1024-t8-v32-r3,bw.corrections.perunit,corrections,80000,1024,8,32,10,10,4,5,1,0.084,0.084,0.084,0.084,0.084,"AMD Ryzen 5 5600GT with Radeon Graphics","Null Device",False
2026-10-08T04:41:58.9503400Z,bandwidth,bw-m1024-t8-v32-r3,bw.error.all.mean,tiles,80000,1024,8,32,10,10,4,5,1,0.376,0.376,0.376,0.376,0.376,"AMD Ryzen 5 5600GT with Radeon Graphics","Null Device",False
2026-10-08T04:41:58.9509410Z,bandwidth,bw-m1024-t8-v32-r3,bw.error.all.p50,tiles,80000,1024,8,32,10,10,4,5,1,0.078,0.078,0.078,0.078,0.078,"AMD Ryzen 5 5600GT with Radeon Graphics","Null Device",False
2026-10-08T04:41:58.9514620Z,bandwidth,bw-m1024-t8-v32-r3,bw.error.all.p95,tiles,80000,1024,8,32,10,10,4,5,1,1.656,1.656,1.656,1.656,1.656,"AMD Ryzen 5 5600GT with Radeon Graphics","Null Device",False
2026-10-08T04:41:58.9519490Z,bandwidth,bw-m1024-t8-v32-r3,bw.error.all.p99,tiles,80000,1024,8,32,10,10,4,5,1,1.938,1.938,1.938,1.938,1.938,"AMD Ryzen 5 5600GT with Radeon Graphics","Null Device",False
2026-10-08T04:41:58.9539720Z,bandwidth,bw-m1024-t8-v32-r3,bw.error.view.mean,tiles,80000,1024,8,32,10,10,4,5,1,0.065,0.065,0.065,0.065,0.065,"AMD Ryzen 5 5600GT with Radeon Graphics","Null Device",False
2026-10-08T04:41:58.9544930Z,bandwidth,bw-m1024-t8-v32-r3,bw.error.view.p50,tiles,80000,1024,8,32,10,10,4,5,1,0.063,0.063,0.063,0.063,0.063,"AMD Ryzen 5 5600GT with Radeon Graphics","Null Device",False
2026-10-08T04:41:58.9549830Z,bandwidth,bw-m1024-t8-v32-r3,bw.error.view.p95,tiles,80000,1024,8,32,10,10,4,5,1,0.203,0.203,0.203,0.203,0.203,"AMD Ryzen 5 5600GT with Radeon Graphics","Null Device",False
2026-10-08T04:41:58.9554660Z,bandwidth,bw-m1024-t8-v32-r3,bw.error.view.p99,tiles,80000,1024,8,32,10,10,4,5,1,0.25,0.25,0.25,0.25,0.25,"AMD Ryzen 5 5600GT with Radeon Graphics","Null Device",False
2026-10-08T04:41:58.9560290Z,bandwidth,bw-m1024-t8-v32-r3,bw.error.raw.mean,tiles,80000,1024,8,32,10,10,4,5,1,0.756,0.756,0.756,0.756,0.756,"AMD Ryzen 5 5600GT with Radeon Graphics","Null Device",False
2026-10-08T04:41:58.9565250Z,bandwidth,bw-m1024-t8-v32-r3,bw.error.raw.p50,tiles,80000,1024,8,32,10,10,4,5,1,0.656,0.656,0.656,0.656,0.656,"AMD Ryzen 5 5600GT with Radeon Graphics","Null Device",False
2026-10-08T04:41:58.9570020Z,bandwidth,bw-m1024-t8-v32-r3,bw.error.raw.p95,tiles,80000,1024,8,32,10,10,4,5,1,1.781,1.781,1.781,1.781,1.781,"AMD Ryzen 5 5600GT with Radeon Graphics","Null Device",False
2026-10-08T04:41:58.9575820Z,bandwidth,bw-m1024-t8-v32-r3,bw.error.raw.p99,tiles,80000,1024,8,32,10,10,4,5,1,2.313,2.313,2.313,2.313,2.313,"AMD Ryzen 5 5600GT with Radeon Graphics","Null Device",False
2026-10-08T04:41:58.9582250Z,bandwidth,bw-m1024-t8-v32-r3,bw.error.rawanchored.mean,tiles,80000,1024,8,32,10,10,4,5,1,0.757,0.757,0.757,0.757,0.757,"AMD Ryzen 5 5600GT with Radeon Graphics","Null Device",False
2026-10-08T04:41:58.9587120Z,bandwidth,bw-m1024-t8-v32-r3,bw.error.rawanchored.p50,tiles,80000,1024,8,32,10,10,4,5,1,0.656,0.656,0.656,0.656,0.656,"AMD Ryzen 5 5600GT with Radeon Graphics","Null Device",False
2026-10-08T04:41:58.9591900Z,bandwidth,bw-m1024-t8-v32-r3,bw.error.rawanchored.p95,tiles,80000,1024,8,32,10,10,4,5,1,1.781,1.781,1.781,1.781,1.781,"AMD Ryzen 5 5600GT with Radeon Graphics","Null Device",False
2026-10-08T04:41:58.9596570Z,bandwidth,bw-m1024-t8-v32-r3,bw.error.rawanchored.p99,tiles,80000,1024,8,32,10,10,4,5,1,2.313,2.313,2.313,2.313,2.313,"AMD Ryzen 5 5600GT with Radeon Graphics","Null Device",False
2026-10-08T04:41:58.9601870Z,bandwidth,bw-m1024-t8-v32-r3,bw.checks.anchored,share,80000,1024,8,32,10,10,4,5,1,0.943,0.943,0.943,0.943,0.943,"AMD Ryzen 5 5600GT with Radeon Graphics","Null Device",False
2026-10-08T04:41:58.9606550Z,bandwidth,bw-m1024-t8-v32-r3,bw.route.live,waypoints,80000,1024,8,32,10,10,4,5,1,5444596,5444596,5444596,5444596,5444596,"AMD Ryzen 5 5600GT with Radeon Graphics","Null Device",False
2026-10-08T04:41:58.9611580Z,bandwidth,bw-m1024-t8-v32-r3,bw.route.arena,MB,80000,1024,8,32,10,10,4,5,1,64,64,64,64,64,"AMD Ryzen 5 5600GT with Radeon Graphics","Null Device",False
2026-10-08T04:42:03.0786070Z,bandwidth,bw-plan-m1024-t2-v8-r3,bw.snapshot.bytes,KB,80000,1024,2,8,10,10,4,5,8,983.205,983.205,1019.942,1019.942,1019.942,"AMD Ryzen 5 5600GT with Radeon Graphics","Null Device",False
2026-10-08T04:42:03.0882290Z,bandwidth,bw-plan-m1024-t2-v8-r3,bw.snapshot.wire,KB,80000,1024,2,8,10,10,4,5,8,1026.916,1026.916,1065.305,1065.305,1065.305,"AMD Ryzen 5 5600GT with Radeon Graphics","Null Device",False
2026-10-08T04:42:03.0887100Z,bandwidth,bw-plan-m1024-t2-v8-r3,bw.snapshot.units,units,80000,1024,2,8,10,10,4,5,8,40000,40000,40000,40000,40000,"AMD Ryzen 5 5600GT with Radeon Graphics","Null Device",False
2026-10-08T04:42:03.0891590Z,bandwidth,bw-plan-m1024-t2-v8-r3,bw.snapshot.seconds,s,80000,1024,2,8,10,10,4,5,8,4.011,4.011,4.161,4.161,4.161,"AMD Ryzen 5 5600GT with Radeon Graphics","Null Device",False
2026-10-08T04:42:45.9361660Z,bandwidth,bw-plan-m1024-t2-v8-r3,bw.avg,KB/s,80000,1024,2,8,10,10,4,5,8,1923.717,1923.717,1965.811,1965.811,1965.811,"AMD Ryzen 5 5600GT with Radeon Graphics","Null Device",False
2026-10-08T04:42:45.9367170Z,bandwidth,bw-plan-m1024-t2-v8-r3,bw.peak1s,KB/s,80000,1024,2,8,10,10,4,5,8,2331.895,2331.895,2337.192,2337.192,2337.192,"AMD Ryzen 5 5600GT with Radeon Graphics","Null Device",False
2026-10-08T04:42:45.9371920Z,bandwidth,bw-plan-m1024-t2-v8-r3,bw.wire.avg,KB/s,80000,1024,2,8,10,10,4,5,8,2091.723,2091.723,2137.896,2137.896,2137.896,"AMD Ryzen 5 5600GT with Radeon Graphics","Null Device",False
2026-10-08T04:42:45.9376490Z,bandwidth,bw-plan-m1024-t2-v8-r3,bw.wire.peak1s,KB/s,80000,1024,2,8,10,10,4,5,8,2515.34,2515.34,2520.7,2520.7,2520.7,"AMD Ryzen 5 5600GT with Radeon Graphics","Null Device",False
2026-10-08T04:42:45.9380800Z,bandwidth,bw-plan-m1024-t2-v8-r3,bw.encode.ms,ms,80000,1024,2,8,10,10,4,5,1200,7.8,8.44,9.633,10.217,18.606,"AMD Ryzen 5 5600GT with Radeon Graphics","Null Device",False
2026-10-08T04:42:45.9389200Z,bandwidth,bw-plan-m1024-t2-v8-r3,bw.interest.ms,ms,80000,1024,2,8,10,10,4,5,1200,2.313,2.216,3.088,3.45,3.759,"AMD Ryzen 5 5600GT with Radeon Graphics","Null Device",False
2026-10-08T04:42:45.9398470Z,bandwidth,bw-plan-m1024-t2-v8-r3,bw.routes.ms,ms,80000,1024,2,8,10,10,4,5,1200,1.94,0.983,1.443,48.475,96.22,"AMD Ryzen 5 5600GT with Radeon Graphics","Null Device",False
2026-10-08T04:42:45.9407310Z,bandwidth,bw-plan-m1024-t2-v8-r3,bw.routes.deferred,units,80000,1024,2,8,10,10,4,5,1200,0,0,0,0,0,"AMD Ryzen 5 5600GT with Radeon Graphics","Null Device",False
2026-10-08T04:42:45.9427360Z,bandwidth,bw-plan-m1024-t2-v8-r3,bw.bytype.moveorder,share,80000,1024,2,8,10,10,4,5,8,0.044,0.044,0.046,0.046,0.046,"AMD Ryzen 5 5600GT with Radeon Graphics","Null Device",False
2026-10-08T04:42:45.9432040Z,bandwidth,bw-plan-m1024-t2-v8-r3,bw.moveorder,count,80000,1024,2,8,10,10,4,5,8,69001.5,69001.5,69261,69261,69261,"AMD Ryzen 5 5600GT with Radeon Graphics","Null Device",False
2026-10-08T04:42:45.9436410Z,bandwidth,bw-plan-m1024-t2-v8-r3,bw.bytype.correction,share,80000,1024,2,8,10,10,4,5,8,0.934,0.934,0.938,0.938,0.938,"AMD Ryzen 5 5600GT with Radeon Graphics","Null Device",False
2026-10-08T04:42:45.9440640Z,bandwidth,bw-plan-m1024-t2-v8-r3,bw.correction,count,80000,1024,2,8,10,10,4,5,8,18418769.5,18418769.5,18888136,18888136,18888136,"AMD Ryzen 5 5600GT with Radeon Graphics","Null Device",False
2026-10-08T04:42:45.9444930Z,bandwidth,bw-plan-m1024-t2-v8-r3,bw.bytype.health,share,80000,1024,2,8,10,10,4,5,8,0.005,0.005,0.005,0.005,0.005,"AMD Ryzen 5 5600GT with Radeon Graphics","Null Device",False
2026-10-08T04:42:45.9449590Z,bandwidth,bw-plan-m1024-t2-v8-r3,bw.health,count,80000,1024,2,8,10,10,4,5,8,287747,287747,287845,287845,287845,"AMD Ryzen 5 5600GT with Radeon Graphics","Null Device",False
2026-10-08T04:42:45.9453890Z,bandwidth,bw-plan-m1024-t2-v8-r3,bw.bytype.enter,share,80000,1024,2,8,10,10,4,5,8,0.013,0.013,0.014,0.014,0.014,"AMD Ryzen 5 5600GT with Radeon Graphics","Null Device",False
2026-10-08T04:42:45.9458370Z,bandwidth,bw-plan-m1024-t2-v8-r3,bw.enter,count,80000,1024,2,8,10,10,4,5,8,82027,82027,82563,82563,82563,"AMD Ryzen 5 5600GT with Radeon Graphics","Null Device",False
2026-10-08T04:42:45.9462690Z,bandwidth,bw-plan-m1024-t2-v8-r3,bw.bytype.leave,share,80000,1024,2,8,10,10,4,5,8,0.001,0.001,0.001,0.001,0.001,"AMD Ryzen 5 5600GT with Radeon Graphics","Null Device",False
2026-10-08T04:42:45.9466880Z,bandwidth,bw-plan-m1024-t2-v8-r3,bw.leave,count,80000,1024,2,8,10,10,4,5,8,42038.5,42038.5,42578,42578,42578,"AMD Ryzen 5 5600GT with Radeon Graphics","Null Device",False
2026-10-08T04:42:45.9471180Z,bandwidth,bw-plan-m1024-t2-v8-r3,bw.bytype.explosion,share,80000,1024,2,8,10,10,4,5,8,0.001,0.001,0.001,0.001,0.001,"AMD Ryzen 5 5600GT with Radeon Graphics","Null Device",False
2026-10-08T04:42:45.9475610Z,bandwidth,bw-plan-m1024-t2-v8-r3,bw.explosion,count,80000,1024,2,8,10,10,4,5,8,41939,41939,42381,42381,42381,"AMD Ryzen 5 5600GT with Radeon Graphics","Null Device",False
2026-10-08T04:42:45.9479830Z,bandwidth,bw-plan-m1024-t2-v8-r3,bw.bytype.fogdelta,share,80000,1024,2,8,10,10,4,5,8,0.002,0.002,0.002,0.002,0.002,"AMD Ryzen 5 5600GT with Radeon Graphics","Null Device",False
2026-10-08T04:42:45.9484070Z,bandwidth,bw-plan-m1024-t2-v8-r3,bw.fogdelta,count,80000,1024,2,8,10,10,4,5,8,155819.5,155819.5,183390,183390,183390,"AMD Ryzen 5 5600GT with Radeon Graphics","Null Device",False
2026-10-08T04:42:45.9488310Z,bandwidth,bw-plan-m1024-t2-v8-r3,bw.waypoints,waypoints,80000,1024,2,8,10,10,4,5,1,23.167,23.167,23.167,23.167,23.167,"AMD Ryzen 5 5600GT with Radeon Graphics","Null Device",False
2026-10-08T04:42:45.9492650Z,bandwidth,bw-plan-m1024-t2-v8-r3,bw.waypoints.smoothed,waypoints,80000,1024,2,8,10,10,4,5,1,2.759,2.759,2.759,2.759,2.759,"AMD Ryzen 5 5600GT with Radeon Graphics","Null Device",False
2026-10-08T04:42:45.9496840Z,bandwidth,bw-plan-m1024-t2-v8-r3,bw.waypoints.saved,share,80000,1024,2,8,10,10,4,5,1,0.881,0.881,0.881,0.881,0.881,"AMD Ryzen 5 5600GT with Radeon Graphics","Null Device",False
2026-10-08T04:42:45.9523850Z,bandwidth,bw-plan-m1024-t2-v8-r3,bw.units,units,80000,1024,2,8,10,10,4,5,1,79979,79979,79979,79979,79979,"AMD Ryzen 5 5600GT with Radeon Graphics","Null Device",False
2026-10-08T04:42:45.9564570Z,bandwidth,bw-plan-m1024-t2-v8-r3,bw.units.engaged,share,80000,1024,2,8,10,10,4,5,1,0.033,0.033,0.033,0.033,0.033,"AMD Ryzen 5 5600GT with Radeon Graphics","Null Device",False
2026-10-08T04:42:45.9568850Z,bandwidth,bw-plan-m1024-t2-v8-r3,bw.units.ordered,share,80000,1024,2,8,10,10,4,5,1,0.985,0.985,0.985,0.985,0.985,"AMD Ryzen 5 5600GT with Radeon Graphics","Null Device",False
2026-10-08T04:42:45.9574410Z,bandwidth,bw-plan-m1024-t2-v8-r3,bw.allowed,units,80000,1024,2,8,10,10,4,5,1,39992,39992,39992,39992,39992,"AMD Ryzen 5 5600GT with Radeon Graphics","Null Device",False
2026-10-08T04:42:45.9578790Z,bandwidth,bw-plan-m1024-t2-v8-r3,bw.corrections.perunit,corrections,80000,1024,2,8,10,10,4,5,1,0.394,0.394,0.394,0.394,0.394,"AMD Ryzen 5 5600GT with Radeon Graphics","Null Device",False
2026-10-08T04:42:45.9588850Z,bandwidth,bw-plan-m1024-t2-v8-r3,bw.error.all.mean,tiles,80000,1024,2,8,10,10,4,5,1,0.04,0.04,0.04,0.04,0.04,"AMD Ryzen 5 5600GT with Radeon Graphics","Null Device",False
2026-10-08T04:42:45.9594200Z,bandwidth,bw-plan-m1024-t2-v8-r3,bw.error.all.p50,tiles,80000,1024,2,8,10,10,4,5,1,0.031,0.031,0.031,0.031,0.031,"AMD Ryzen 5 5600GT with Radeon Graphics","Null Device",False
2026-10-08T04:42:45.9598620Z,bandwidth,bw-plan-m1024-t2-v8-r3,bw.error.all.p95,tiles,80000,1024,2,8,10,10,4,5,1,0.188,0.188,0.188,0.188,0.188,"AMD Ryzen 5 5600GT with Radeon Graphics","Null Device",False
2026-10-08T04:42:45.9602940Z,bandwidth,bw-plan-m1024-t2-v8-r3,bw.error.all.p99,tiles,80000,1024,2,8,10,10,4,5,1,0.25,0.25,0.25,0.25,0.25,"AMD Ryzen 5 5600GT with Radeon Graphics","Null Device",False
2026-10-08T04:42:45.9607770Z,bandwidth,bw-plan-m1024-t2-v8-r3,bw.error.view.mean,tiles,80000,1024,2,8,10,10,4,5,1,0.04,0.04,0.04,0.04,0.04,"AMD Ryzen 5 5600GT with Radeon Graphics","Null Device",False
2026-10-08T04:42:45.9612240Z,bandwidth,bw-plan-m1024-t2-v8-r3,bw.error.view.p50,tiles,80000,1024,2,8,10,10,4,5,1,0.031,0.031,0.031,0.031,0.031,"AMD Ryzen 5 5600GT with Radeon Graphics","Null Device",False
2026-10-08T04:42:45.9616500Z,bandwidth,bw-plan-m1024-t2-v8-r3,bw.error.view.p95,tiles,80000,1024,2,8,10,10,4,5,1,0.188,0.188,0.188,0.188,0.188,"AMD Ryzen 5 5600GT with Radeon Graphics","Null Device",False
2026-10-08T04:42:45.9620810Z,bandwidth,bw-plan-m1024-t2-v8-r3,bw.error.view.p99,tiles,80000,1024,2,8,10,10,4,5,1,0.25,0.25,0.25,0.25,0.25,"AMD Ryzen 5 5600GT with Radeon Graphics","Null Device",False
2026-10-08T04:42:45.9625800Z,bandwidth,bw-plan-m1024-t2-v8-r3,bw.error.raw.mean,tiles,80000,1024,2,8,10,10,4,5,1,0.659,0.659,0.659,0.659,0.659,"AMD Ryzen 5 5600GT with Radeon Graphics","Null Device",False
2026-10-08T04:42:45.9630080Z,bandwidth,bw-plan-m1024-t2-v8-r3,bw.error.raw.p50,tiles,80000,1024,2,8,10,10,4,5,1,0.625,0.625,0.625,0.625,0.625,"AMD Ryzen 5 5600GT with Radeon Graphics","Null Device",False
2026-10-08T04:42:45.9634580Z,bandwidth,bw-plan-m1024-t2-v8-r3,bw.error.raw.p95,tiles,80000,1024,2,8,10,10,4,5,1,1.25,1.25,1.25,1.25,1.25,"AMD Ryzen 5 5600GT with Radeon Graphics","Null Device",False
2026-10-08T04:42:45.9638800Z,bandwidth,bw-plan-m1024-t2-v8-r3,bw.error.raw.p99,tiles,80000,1024,2,8,10,10,4,5,1,1.438,1.438,1.438,1.438,1.438,"AMD Ryzen 5 5600GT with Radeon Graphics","Null Device",False
2026-10-08T04:42:45.9643760Z,bandwidth,bw-plan-m1024-t2-v8-r3,bw.error.rawanchored.mean,tiles,80000,1024,2,8,10,10,4,5,1,0.665,0.665,0.665,0.665,0.665,"AMD Ryzen 5 5600GT with Radeon Graphics","Null Device",False
2026-10-08T04:42:45.9648140Z,bandwidth,bw-plan-m1024-t2-v8-r3,bw.error.rawanchored.p50,tiles,80000,1024,2,8,10,10,4,5,1,0.641,0.641,0.641,0.641,0.641,"AMD Ryzen 5 5600GT with Radeon Graphics","Null Device",False
2026-10-08T04:42:45.9652430Z,bandwidth,bw-plan-m1024-t2-v8-r3,bw.error.rawanchored.p95,tiles,80000,1024,2,8,10,10,4,5,1,1.25,1.25,1.25,1.25,1.25,"AMD Ryzen 5 5600GT with Radeon Graphics","Null Device",False
2026-10-08T04:42:45.9656680Z,bandwidth,bw-plan-m1024-t2-v8-r3,bw.error.rawanchored.p99,tiles,80000,1024,2,8,10,10,4,5,1,1.438,1.438,1.438,1.438,1.438,"AMD Ryzen 5 5600GT with Radeon Graphics","Null Device",False
2026-10-08T04:42:45.9661530Z,bandwidth,bw-plan-m1024-t2-v8-r3,bw.checks.anchored,share,80000,1024,2,8,10,10,4,5,1,0.981,0.981,0.981,0.981,0.981,"AMD Ryzen 5 5600GT with Radeon Graphics","Null Device",False
2026-10-08T04:42:45.9665950Z,bandwidth,bw-plan-m1024-t2-v8-r3,bw.route.live,waypoints,80000,1024,2,8,10,10,4,5,1,5444596,5444596,5444596,5444596,5444596,"AMD Ryzen 5 5600GT with Radeon Graphics","Null Device",False
2026-10-08T04:42:45.9670260Z,bandwidth,bw-plan-m1024-t2-v8-r3,bw.route.arena,MB,80000,1024,2,8,10,10,4,5,1,64,64,64,64,64,"AMD Ryzen 5 5600GT with Radeon Graphics","Null Device",False
2026-10-08T04:42:50.0764460Z,bandwidth,bw-m1024-t2-v8-r3,bw.snapshot.bytes,KB,80000,1024,2,8,10,10,4,5,8,983.205,983.205,1019.942,1019.942,1019.942,"AMD Ryzen 5 5600GT with Radeon Graphics","Null Device",False
2026-10-08T04:42:50.0859910Z,bandwidth,bw-m1024-t2-v8-r3,bw.snapshot.wire,KB,80000,1024,2,8,10,10,4,5,8,1026.916,1026.916,1065.305,1065.305,1065.305,"AMD Ryzen 5 5600GT with Radeon Graphics","Null Device",False
2026-10-08T04:42:50.0865080Z,bandwidth,bw-m1024-t2-v8-r3,bw.snapshot.units,units,80000,1024,2,8,10,10,4,5,8,40000,40000,40000,40000,40000,"AMD Ryzen 5 5600GT with Radeon Graphics","Null Device",False
2026-10-08T04:42:50.0869560Z,bandwidth,bw-m1024-t2-v8-r3,bw.snapshot.seconds,s,80000,1024,2,8,10,10,4,5,8,4.011,4.011,4.161,4.161,4.161,"AMD Ryzen 5 5600GT with Radeon Graphics","Null Device",False
2026-10-08T04:43:27.8608280Z,bandwidth,bw-m1024-t2-v8-r3,bw.avg,KB/s,80000,1024,2,8,10,10,4,5,8,276.788,272.817,303.653,307.036,307.882,"AMD Ryzen 5 5600GT with Radeon Graphics","Null Device",False
2026-10-08T04:43:27.8613860Z,bandwidth,bw-m1024-t2-v8-r3,bw.peak1s,KB/s,80000,1024,2,8,10,10,4,5,8,706.331,703.814,742.9,742.969,742.986,"AMD Ryzen 5 5600GT with Radeon Graphics","Null Device",False
2026-10-08T04:43:27.8618480Z,bandwidth,bw-m1024-t2-v8-r3,bw.wire.avg,KB/s,80000,1024,2,8,10,10,4,5,8,297.363,293.12,326.515,330.024,330.902,"AMD Ryzen 5 5600GT with Radeon Graphics","Null Device",False
2026-10-08T04:43:27.8623220Z,bandwidth,bw-m1024-t2-v8-r3,bw.wire.peak1s,KB/s,80000,1024,2,8,10,10,4,5,8,743.594,740.832,782.303,782.372,782.39,"AMD Ryzen 5 5600GT with Radeon Graphics","Null Device",False
2026-10-08T04:43:27.8627580Z,bandwidth,bw-m1024-t2-v8-r3,bw.encode.ms,ms,80000,1024,2,8,10,10,4,5,1200,3.567,3.813,4.568,5.189,16.269,"AMD Ryzen 5 5600GT with Radeon Graphics","Null Device",False
2026-10-08T04:43:27.8636550Z,bandwidth,bw-m1024-t2-v8-r3,bw.interest.ms,ms,80000,1024,2,8,10,10,4,5,1200,2.316,2.229,3.027,3.439,3.612,"AMD Ryzen 5 5600GT with Radeon Graphics","Null Device",False
2026-10-08T04:43:27.8645980Z,bandwidth,bw-m1024-t2-v8-r3,bw.routes.ms,ms,80000,1024,2,8,10,10,4,5,1200,1.938,0.985,1.426,49.372,93.446,"AMD Ryzen 5 5600GT with Radeon Graphics","Null Device",False
2026-10-08T04:43:27.8655130Z,bandwidth,bw-m1024-t2-v8-r3,bw.routes.deferred,units,80000,1024,2,8,10,10,4,5,1200,0,0,0,0,0,"AMD Ryzen 5 5600GT with Radeon Graphics","Null Device",False
2026-10-08T04:43:27.8675830Z,bandwidth,bw-m1024-t2-v8-r3,bw.bytype.moveorder,share,80000,1024,2,8,10,10,4,5,8,0.29,0.282,0.322,0.328,0.329,"AMD Ryzen 5 5600GT with Radeon Graphics","Null Device",False
2026-10-08T04:43:27.8680570Z,bandwidth,bw-m1024-t2-v8-r3,bw.moveorder,count,80000,1024,2,8,10,10,4,5,8,69001.5,69001.5,69261,69261,69261,"AMD Ryzen 5 5600GT with Radeon Graphics","Null Device",False
2026-10-08T04:43:27.8685110Z,bandwidth,bw-m1024-t2-v8-r3,bw.bytype.correction,share,80000,1024,2,8,10,10,4,5,8,0.561,0.57,0.599,0.603,0.604,"AMD Ryzen 5 5600GT with Radeon Graphics","Null Device",False
2026-10-08T04:43:27.8689620Z,bandwidth,bw-m1024-t2-v8-r3,bw.correction,count,80000,1024,2,8,10,10,4,5,8,1985603,1971475,2300617.8,2311020.36,2313621,"AMD Ryzen 5 5600GT with Radeon Graphics","Null Device",False
2026-10-08T04:43:27.8694190Z,bandwidth,bw-m1024-t2-v8-r3,bw.bytype.health,share,80000,1024,2,8,10,10,4,5,8,0.034,0.035,0.037,0.037,0.038,"AMD Ryzen 5 5600GT with Radeon Graphics","Null Device",False
2026-10-08T04:43:27.8698600Z,bandwidth,bw-m1024-t2-v8-r3,bw.health,count,80000,1024,2,8,10,10,4,5,8,287747,287747,287845,287845,287845,"AMD Ryzen 5 5600GT with Radeon Graphics","Null Device",False
2026-10-08T04:43:27.8703140Z,bandwidth,bw-m1024-t2-v8-r3,bw.bytype.enter,share,80000,1024,2,8,10,10,4,5,8,0.087,0.087,0.095,0.097,0.097,"AMD Ryzen 5 5600GT with Radeon Graphics","Null Device",False
2026-10-08T04:43:27.8707540Z,bandwidth,bw-m1024-t2-v8-r3,bw.enter,count,80000,1024,2,8,10,10,4,5,8,82027,82027,82563,82563,82563,"AMD Ryzen 5 5600GT with Radeon Graphics","Null Device",False
2026-10-08T04:43:27.8712060Z,bandwidth,bw-m1024-t2-v8-r3,bw.bytype.leave,share,80000,1024,2,8,10,10,4,5,8,0.006,0.006,0.006,0.006,0.007,"AMD Ryzen 5 5600GT with Radeon Graphics","Null Device",False
2026-10-08T04:43:27.8716340Z,bandwidth,bw-m1024-t2-v8-r3,bw.leave,count,80000,1024,2,8,10,10,4,5,8,42038.5,42038.5,42578,42578,42578,"AMD Ryzen 5 5600GT with Radeon Graphics","Null Device",False
2026-10-08T04:43:27.8734430Z,bandwidth,bw-m1024-t2-v8-r3,bw.bytype.explosion,share,80000,1024,2,8,10,10,4,5,8,0.009,0.01,0.01,0.01,0.01,"AMD Ryzen 5 5600GT with Radeon Graphics","Null Device",False
2026-10-08T04:43:27.8738870Z,bandwidth,bw-m1024-t2-v8-r3,bw.explosion,count,80000,1024,2,8,10,10,4,5,8,41939,41939,42381,42381,42381,"AMD Ryzen 5 5600GT with Radeon Graphics","Null Device",False
2026-10-08T04:43:27.8743400Z,bandwidth,bw-m1024-t2-v8-r3,bw.bytype.fogdelta,share,80000,1024,2,8,10,10,4,5,8,0.013,0.012,0.016,0.016,0.016,"AMD Ryzen 5 5600GT with Radeon Graphics","Null Device",False
2026-10-08T04:43:27.8747610Z,bandwidth,bw-m1024-t2-v8-r3,bw.fogdelta,count,80000,1024,2,8,10,10,4,5,8,155819.5,155819.5,183390,183390,183390,"AMD Ryzen 5 5600GT with Radeon Graphics","Null Device",False
2026-10-08T04:43:27.8752070Z,bandwidth,bw-m1024-t2-v8-r3,bw.waypoints,waypoints,80000,1024,2,8,10,10,4,5,1,23.167,23.167,23.167,23.167,23.167,"AMD Ryzen 5 5600GT with Radeon Graphics","Null Device",False
2026-10-08T04:43:27.8756450Z,bandwidth,bw-m1024-t2-v8-r3,bw.waypoints.smoothed,waypoints,80000,1024,2,8,10,10,4,5,1,2.759,2.759,2.759,2.759,2.759,"AMD Ryzen 5 5600GT with Radeon Graphics","Null Device",False
2026-10-08T04:43:27.8760740Z,bandwidth,bw-m1024-t2-v8-r3,bw.waypoints.saved,share,80000,1024,2,8,10,10,4,5,1,0.881,0.881,0.881,0.881,0.881,"AMD Ryzen 5 5600GT with Radeon Graphics","Null Device",False
2026-10-08T04:43:27.8787750Z,bandwidth,bw-m1024-t2-v8-r3,bw.units,units,80000,1024,2,8,10,10,4,5,1,79979,79979,79979,79979,79979,"AMD Ryzen 5 5600GT with Radeon Graphics","Null Device",False
2026-10-08T04:43:27.8829100Z,bandwidth,bw-m1024-t2-v8-r3,bw.units.engaged,share,80000,1024,2,8,10,10,4,5,1,0.033,0.033,0.033,0.033,0.033,"AMD Ryzen 5 5600GT with Radeon Graphics","Null Device",False
2026-10-08T04:43:27.8833780Z,bandwidth,bw-m1024-t2-v8-r3,bw.units.ordered,share,80000,1024,2,8,10,10,4,5,1,0.985,0.985,0.985,0.985,0.985,"AMD Ryzen 5 5600GT with Radeon Graphics","Null Device",False
2026-10-08T04:43:27.8839580Z,bandwidth,bw-m1024-t2-v8-r3,bw.allowed,units,80000,1024,2,8,10,10,4,5,1,39992,39992,39992,39992,39992,"AMD Ryzen 5 5600GT with Radeon Graphics","Null Device",False
2026-10-08T04:43:27.8844140Z,bandwidth,bw-m1024-t2-v8-r3,bw.corrections.perunit,corrections,80000,1024,2,8,10,10,4,5,1,0.04,0.04,0.04,0.04,0.04,"AMD Ryzen 5 5600GT with Radeon Graphics","Null Device",False
2026-10-08T04:43:27.8854430Z,bandwidth,bw-m1024-t2-v8-r3,bw.error.all.mean,tiles,80000,1024,2,8,10,10,4,5,1,0.535,0.535,0.535,0.535,0.535,"AMD Ryzen 5 5600GT with Radeon Graphics","Null Device",False
2026-10-08T04:43:27.8859760Z,bandwidth,bw-m1024-t2-v8-r3,bw.error.all.p50,tiles,80000,1024,2,8,10,10,4,5,1,0.094,0.094,0.094,0.094,0.094,"AMD Ryzen 5 5600GT with Radeon Graphics","Null Device",False
2026-10-08T04:43:27.8864560Z,bandwidth,bw-m1024-t2-v8-r3,bw.error.all.p95,tiles,80000,1024,2,8,10,10,4,5,1,1.797,1.797,1.797,1.797,1.797,"AMD Ryzen 5 5600GT with Radeon Graphics","Null Device",False
2026-10-08T04:43:27.8868890Z,bandwidth,bw-m1024-t2-v8-r3,bw.error.all.p99,tiles,80000,1024,2,8,10,10,4,5,1,1.969,1.969,1.969,1.969,1.969,"AMD Ryzen 5 5600GT with Radeon Graphics","Null Device",False
2026-10-08T04:43:27.8873910Z,bandwidth,bw-m1024-t2-v8-r3,bw.error.view.mean,tiles,80000,1024,2,8,10,10,4,5,1,0.065,0.065,0.065,0.065,0.065,"AMD Ryzen 5 5600GT with Radeon Graphics","Null Device",False
2026-10-08T04:43:27.8878320Z,bandwidth,bw-m1024-t2-v8-r3,bw.error.view.p50,tiles,80000,1024,2,8,10,10,4,5,1,0.063,0.063,0.063,0.063,0.063,"AMD Ryzen 5 5600GT with Radeon Graphics","Null Device",False
2026-10-08T04:43:27.8883170Z,bandwidth,bw-m1024-t2-v8-r3,bw.error.view.p95,tiles,80000,1024,2,8,10,10,4,5,1,0.203,0.203,0.203,0.203,0.203,"AMD Ryzen 5 5600GT with Radeon Graphics","Null Device",False
2026-10-08T04:43:27.8887710Z,bandwidth,bw-m1024-t2-v8-r3,bw.error.view.p99,tiles,80000,1024,2,8,10,10,4,5,1,0.25,0.25,0.25,0.25,0.25,"AMD Ryzen 5 5600GT with Radeon Graphics","Null Device",False
2026-10-08T04:43:27.8892860Z,bandwidth,bw-m1024-t2-v8-r3,bw.error.raw.mean,tiles,80000,1024,2,8,10,10,4,5,1,0.756,0.756,0.756,0.756,0.756,"AMD Ryzen 5 5600GT with Radeon Graphics","Null Device",False
2026-10-08T04:43:27.8897210Z,bandwidth,bw-m1024-t2-v8-r3,bw.error.raw.p50,tiles,80000,1024,2,8,10,10,4,5,1,0.656,0.656,0.656,0.656,0.656,"AMD Ryzen 5 5600GT with Radeon Graphics","Null Device",False
2026-10-08T04:43:27.8901430Z,bandwidth,bw-m1024-t2-v8-r3,bw.error.raw.p95,tiles,80000,1024,2,8,10,10,4,5,1,1.781,1.781,1.781,1.781,1.781,"AMD Ryzen 5 5600GT with Radeon Graphics","Null Device",False
2026-10-08T04:43:27.8905740Z,bandwidth,bw-m1024-t2-v8-r3,bw.error.raw.p99,tiles,80000,1024,2,8,10,10,4,5,1,2.313,2.313,2.313,2.313,2.313,"AMD Ryzen 5 5600GT with Radeon Graphics","Null Device",False
2026-10-08T04:43:27.8910540Z,bandwidth,bw-m1024-t2-v8-r3,bw.error.rawanchored.mean,tiles,80000,1024,2,8,10,10,4,5,1,0.757,0.757,0.757,0.757,0.757,"AMD Ryzen 5 5600GT with Radeon Graphics","Null Device",False
2026-10-08T04:43:27.8914920Z,bandwidth,bw-m1024-t2-v8-r3,bw.error.rawanchored.p50,tiles,80000,1024,2,8,10,10,4,5,1,0.656,0.656,0.656,0.656,0.656,"AMD Ryzen 5 5600GT with Radeon Graphics","Null Device",False
2026-10-08T04:43:27.8919100Z,bandwidth,bw-m1024-t2-v8-r3,bw.error.rawanchored.p95,tiles,80000,1024,2,8,10,10,4,5,1,1.781,1.781,1.781,1.781,1.781,"AMD Ryzen 5 5600GT with Radeon Graphics","Null Device",False
2026-10-08T04:43:27.8924710Z,bandwidth,bw-m1024-t2-v8-r3,bw.error.rawanchored.p99,tiles,80000,1024,2,8,10,10,4,5,1,2.313,2.313,2.313,2.313,2.313,"AMD Ryzen 5 5600GT with Radeon Graphics","Null Device",False
2026-10-08T04:43:27.8932410Z,bandwidth,bw-m1024-t2-v8-r3,bw.checks.anchored,share,80000,1024,2,8,10,10,4,5,1,0.943,0.943,0.943,0.943,0.943,"AMD Ryzen 5 5600GT with Radeon Graphics","Null Device",False
2026-10-08T04:43:27.8936970Z,bandwidth,bw-m1024-t2-v8-r3,bw.route.live,waypoints,80000,1024,2,8,10,10,4,5,1,5444596,5444596,5444596,5444596,5444596,"AMD Ryzen 5 5600GT with Radeon Graphics","Null Device",False
2026-10-08T04:43:27.8942470Z,bandwidth,bw-m1024-t2-v8-r3,bw.route.arena,MB,80000,1024,2,8,10,10,4,5,1,64,64,64,64,64,"AMD Ryzen 5 5600GT with Radeon Graphics","Null Device",False
2026-10-08T04:43:32.0134830Z,bandwidth,bw-m1024-t2-v16-r3,bw.snapshot.bytes,KB,80000,1024,2,16,10,10,4,5,8,985.335,985.335,1024.202,1024.202,1024.202,"AMD Ryzen 5 5600GT with Radeon Graphics","Null Device",False
2026-10-08T04:43:32.0248300Z,bandwidth,bw-m1024-t2-v16-r3,bw.snapshot.wire,KB,80000,1024,2,16,10,10,4,5,8,1029.147,1029.147,1069.768,1069.768,1069.768,"AMD Ryzen 5 5600GT with Radeon Graphics","Null Device",False
2026-10-08T04:43:32.0254120Z,bandwidth,bw-m1024-t2-v16-r3,bw.snapshot.units,units,80000,1024,2,16,10,10,4,5,8,40000,40000,40000,40000,40000,"AMD Ryzen 5 5600GT with Radeon Graphics","Null Device",False
2026-10-08T04:43:32.0259240Z,bandwidth,bw-m1024-t2-v16-r3,bw.snapshot.seconds,s,80000,1024,2,16,10,10,4,5,8,4.02,4.02,4.179,4.179,4.179,"AMD Ryzen 5 5600GT with Radeon Graphics","Null Device",False
2026-10-08T04:44:11.5704140Z,bandwidth,bw-m1024-t2-v16-r3,bw.avg,KB/s,80000,1024,2,16,10,10,4,5,8,277,273.028,303.896,307.336,308.196,"AMD Ryzen 5 5600GT with Radeon Graphics","Null Device",False
2026-10-08T04:44:11.5709600Z,bandwidth,bw-m1024-t2-v16-r3,bw.peak1s,KB/s,80000,1024,2,16,10,10,4,5,8,707.036,704.519,744.005,744.074,744.092,"AMD Ryzen 5 5600GT with Radeon Graphics","Null Device",False
2026-10-08T04:44:11.5714410Z,bandwidth,bw-m1024-t2-v16-r3,bw.wire.avg,KB/s,80000,1024,2,16,10,10,4,5,8,297.593,293.35,326.779,330.351,331.244,"AMD Ryzen 5 5600GT with Radeon Graphics","Null Device",False
2026-10-08T04:44:11.5718920Z,bandwidth,bw-m1024-t2-v16-r3,bw.wire.peak1s,KB/s,80000,1024,2,16,10,10,4,5,8,744.324,741.563,783.459,783.529,783.546,"AMD Ryzen 5 5600GT with Radeon Graphics","Null Device",False
2026-10-08T04:44:11.5723440Z,bandwidth,bw-m1024-t2-v16-r3,bw.encode.ms,ms,80000,1024,2,16,10,10,4,5,1200,3.593,3.827,4.628,5.458,16.932,"AMD Ryzen 5 5600GT with Radeon Graphics","Null Device",False
2026-10-08T04:44:11.5735590Z,bandwidth,bw-m1024-t2-v16-r3,bw.interest.ms,ms,80000,1024,2,16,10,10,4,5,1200,2.313,2.218,3.05,3.423,3.839,"AMD Ryzen 5 5600GT with Radeon Graphics","Null Device",False
2026-10-08T04:44:11.5745950Z,bandwidth,bw-m1024-t2-v16-r3,bw.routes.ms,ms,80000,1024,2,16,10,10,4,5,1200,1.947,0.989,1.454,48.928,94.816,"AMD Ryzen 5 5600GT with Radeon Graphics","Null Device",False
2026-10-08T04:44:11.5754870Z,bandwidth,bw-m1024-t2-v16-r3,bw.routes.deferred,units,80000,1024,2,16,10,10,4,5,1200,0,0,0,0,0,"AMD Ryzen 5 5600GT with Radeon Graphics","Null Device",False
2026-10-08T04:44:11.5775620Z,bandwidth,bw-m1024-t2-v16-r3,bw.bytype.moveorder,share,80000,1024,2,16,10,10,4,5,8,0.289,0.282,0.322,0.327,0.329,"AMD Ryzen 5 5600GT with Radeon Graphics","Null Device",False
2026-10-08T04:44:11.5780420Z,bandwidth,bw-m1024-t2-v16-r3,bw.moveorder,count,80000,1024,2,16,10,10,4,5,8,69001.5,69001.5,69261,69261,69261,"AMD Ryzen 5 5600GT with Radeon Graphics","Null Device",False
2026-10-08T04:44:11.5785070Z,bandwidth,bw-m1024-t2-v16-r3,bw.bytype.correction,share,80000,1024,2,16,10,10,4,5,8,0.56,0.569,0.599,0.603,0.604,"AMD Ryzen 5 5600GT with Radeon Graphics","Null Device",False
2026-10-08T04:44:11.5789590Z,bandwidth,bw-m1024-t2-v16-r3,bw.correction,count,80000,1024,2,16,10,10,4,5,8,1985603,1971475,2300617.8,2311020.36,2313621,"AMD Ryzen 5 5600GT with Radeon Graphics","Null Device",False
2026-10-08T04:44:11.5794030Z,bandwidth,bw-m1024-t2-v16-r3,bw.bytype.health,share,80000,1024,2,16,10,10,4,5,8,0.034,0.035,0.037,0.037,0.038,"AMD Ryzen 5 5600GT with Radeon Graphics","Null Device",False
2026-10-08T04:44:11.5798390Z,bandwidth,bw-m1024-t2-v16-r3,bw.health,count,80000,1024,2,16,10,10,4,5,8,287747,287747,287845,287845,287845,"AMD Ryzen 5 5600GT with Radeon Graphics","Null Device",False
2026-10-08T04:44:11.5802780Z,bandwidth,bw-m1024-t2-v16-r3,bw.bytype.enter,share,80000,1024,2,16,10,10,4,5,8,0.087,0.087,0.095,0.097,0.097,"AMD Ryzen 5 5600GT with Radeon Graphics","Null Device",False
2026-10-08T04:44:11.5807070Z,bandwidth,bw-m1024-t2-v16-r3,bw.enter,count,80000,1024,2,16,10,10,4,5,8,82027,82027,82563,82563,82563,"AMD Ryzen 5 5600GT with Radeon Graphics","Null Device",False
2026-10-08T04:44:11.5811370Z,bandwidth,bw-m1024-t2-v16-r3,bw.bytype.leave,share,80000,1024,2,16,10,10,4,5,8,0.006,0.006,0.006,0.006,0.007,"AMD Ryzen 5 5600GT with Radeon Graphics","Null Device",False
2026-10-08T04:44:11.5828350Z,bandwidth,bw-m1024-t2-v16-r3,bw.leave,count,80000,1024,2,16,10,10,4,5,8,42038.5,42038.5,42578,42578,42578,"AMD Ryzen 5 5600GT with Radeon Graphics","Null Device",False
2026-10-08T04:44:11.5833150Z,bandwidth,bw-m1024-t2-v16-r3,bw.bytype.explosion,share,80000,1024,2,16,10,10,4,5,8,0.009,0.01,0.01,0.01,0.01,"AMD Ryzen 5 5600GT with Radeon Graphics","Null Device",False
2026-10-08T04:44:11.5837520Z,bandwidth,bw-m1024-t2-v16-r3,bw.explosion,count,80000,1024,2,16,10,10,4,5,8,41939,41939,42381,42381,42381,"AMD Ryzen 5 5600GT with Radeon Graphics","Null Device",False
2026-10-08T04:44:11.5841850Z,bandwidth,bw-m1024-t2-v16-r3,bw.bytype.fogdelta,share,80000,1024,2,16,10,10,4,5,8,0.013,0.013,0.017,0.017,0.017,"AMD Ryzen 5 5600GT with Radeon Graphics","Null Device",False
2026-10-08T04:44:11.5846070Z,bandwidth,bw-m1024-t2-v16-r3,bw.fogdelta,count,80000,1024,2,16,10,10,4,5,8,169699.5,169699.5,204164,204164,204164,"AMD Ryzen 5 5600GT with Radeon Graphics","Null Device",False
2026-10-08T04:44:11.5850340Z,bandwidth,bw-m1024-t2-v16-r3,bw.waypoints,waypoints,80000,1024,2,16,10,10,4,5,1,23.167,23.167,23.167,23.167,23.167,"AMD Ryzen 5 5600GT with Radeon Graphics","Null Device",False
2026-10-08T04:44:11.5854650Z,bandwidth,bw-m1024-t2-v16-r3,bw.waypoints.smoothed,waypoints,80000,1024,2,16,10,10,4,5,1,2.759,2.759,2.759,2.759,2.759,"AMD Ryzen 5 5600GT with Radeon Graphics","Null Device",False
2026-10-08T04:44:11.5858860Z,bandwidth,bw-m1024-t2-v16-r3,bw.waypoints.saved,share,80000,1024,2,16,10,10,4,5,1,0.881,0.881,0.881,0.881,0.881,"AMD Ryzen 5 5600GT with Radeon Graphics","Null Device",False
2026-10-08T04:44:11.5887690Z,bandwidth,bw-m1024-t2-v16-r3,bw.units,units,80000,1024,2,16,10,10,4,5,1,79979,79979,79979,79979,79979,"AMD Ryzen 5 5600GT with Radeon Graphics","Null Device",False
2026-10-08T04:44:11.5929110Z,bandwidth,bw-m1024-t2-v16-r3,bw.units.engaged,share,80000,1024,2,16,10,10,4,5,1,0.033,0.033,0.033,0.033,0.033,"AMD Ryzen 5 5600GT with Radeon Graphics","Null Device",False
2026-10-08T04:44:11.5933660Z,bandwidth,bw-m1024-t2-v16-r3,bw.units.ordered,share,80000,1024,2,16,10,10,4,5,1,0.985,0.985,0.985,0.985,0.985,"AMD Ryzen 5 5600GT with Radeon Graphics","Null Device",False
2026-10-08T04:44:11.5939420Z,bandwidth,bw-m1024-t2-v16-r3,bw.allowed,units,80000,1024,2,16,10,10,4,5,1,39992,39992,39992,39992,39992,"AMD Ryzen 5 5600GT with Radeon Graphics","Null Device",False
2026-10-08T04:44:11.5944490Z,bandwidth,bw-m1024-t2-v16-r3,bw.corrections.perunit,corrections,80000,1024,2,16,10,10,4,5,1,0.04,0.04,0.04,0.04,0.04,"AMD Ryzen 5 5600GT with Radeon Graphics","Null Device",False
2026-10-08T04:44:11.5954860Z,bandwidth,bw-m1024-t2-v16-r3,bw.error.all.mean,tiles,80000,1024,2,16,10,10,4,5,1,0.535,0.535,0.535,0.535,0.535,"AMD Ryzen 5 5600GT with Radeon Graphics","Null Device",False
2026-10-08T04:44:11.5960100Z,bandwidth,bw-m1024-t2-v16-r3,bw.error.all.p50,tiles,80000,1024,2,16,10,10,4,5,1,0.094,0.094,0.094,0.094,0.094,"AMD Ryzen 5 5600GT with Radeon Graphics","Null Device",False
2026-10-08T04:44:11.5964620Z,bandwidth,bw-m1024-t2-v16-r3,bw.error.all.p95,tiles,80000,1024,2,16,10,10,4,5,1,1.797,1.797,1.797,1.797,1.797,"AMD Ryzen 5 5600GT with Radeon Graphics","Null Device",False
2026-10-08T04:44:11.5968930Z,bandwidth,bw-m1024-t2-v16-r3,bw.error.all.p99,tiles,80000,1024,2,16,10,10,4,5,1,1.969,1.969,1.969,1.969,1.969,"AMD Ryzen 5 5600GT with Radeon Graphics","Null Device",False
2026-10-08T04:44:11.5973880Z,bandwidth,bw-m1024-t2-v16-r3,bw.error.view.mean,tiles,80000,1024,2,16,10,10,4,5,1,0.065,0.065,0.065,0.065,0.065,"AMD Ryzen 5 5600GT with Radeon Graphics","Null Device",False
2026-10-08T04:44:11.5978170Z,bandwidth,bw-m1024-t2-v16-r3,bw.error.view.p50,tiles,80000,1024,2,16,10,10,4,5,1,0.063,0.063,0.063,0.063,0.063,"AMD Ryzen 5 5600GT with Radeon Graphics","Null Device",False
2026-10-08T04:44:11.5982440Z,bandwidth,bw-m1024-t2-v16-r3,bw.error.view.p95,tiles,80000,1024,2,16,10,10,4,5,1,0.203,0.203,0.203,0.203,0.203,"AMD Ryzen 5 5600GT with Radeon Graphics","Null Device",False
2026-10-08T04:44:11.5986630Z,bandwidth,bw-m1024-t2-v16-r3,bw.error.view.p99,tiles,80000,1024,2,16,10,10,4,5,1,0.25,0.25,0.25,0.25,0.25,"AMD Ryzen 5 5600GT with Radeon Graphics","Null Device",False
2026-10-08T04:44:11.5991440Z,bandwidth,bw-m1024-t2-v16-r3,bw.error.raw.mean,tiles,80000,1024,2,16,10,10,4,5,1,0.756,0.756,0.756,0.756,0.756,"AMD Ryzen 5 5600GT with Radeon Graphics","Null Device",False
2026-10-08T04:44:11.5995890Z,bandwidth,bw-m1024-t2-v16-r3,bw.error.raw.p50,tiles,80000,1024,2,16,10,10,4,5,1,0.656,0.656,0.656,0.656,0.656,"AMD Ryzen 5 5600GT with Radeon Graphics","Null Device",False
2026-10-08T04:44:11.6000120Z,bandwidth,bw-m1024-t2-v16-r3,bw.error.raw.p95,tiles,80000,1024,2,16,10,10,4,5,1,1.781,1.781,1.781,1.781,1.781,"AMD Ryzen 5 5600GT with Radeon Graphics","Null Device",False
2026-10-08T04:44:11.6004410Z,bandwidth,bw-m1024-t2-v16-r3,bw.error.raw.p99,tiles,80000,1024,2,16,10,10,4,5,1,2.313,2.313,2.313,2.313,2.313,"AMD Ryzen 5 5600GT with Radeon Graphics","Null Device",False
2026-10-08T04:44:11.6009200Z,bandwidth,bw-m1024-t2-v16-r3,bw.error.rawanchored.mean,tiles,80000,1024,2,16,10,10,4,5,1,0.757,0.757,0.757,0.757,0.757,"AMD Ryzen 5 5600GT with Radeon Graphics","Null Device",False
2026-10-08T04:44:11.6013600Z,bandwidth,bw-m1024-t2-v16-r3,bw.error.rawanchored.p50,tiles,80000,1024,2,16,10,10,4,5,1,0.656,0.656,0.656,0.656,0.656,"AMD Ryzen 5 5600GT with Radeon Graphics","Null Device",False
2026-10-08T04:44:11.6017810Z,bandwidth,bw-m1024-t2-v16-r3,bw.error.rawanchored.p95,tiles,80000,1024,2,16,10,10,4,5,1,1.781,1.781,1.781,1.781,1.781,"AMD Ryzen 5 5600GT with Radeon Graphics","Null Device",False
2026-10-08T04:44:11.6022080Z,bandwidth,bw-m1024-t2-v16-r3,bw.error.rawanchored.p99,tiles,80000,1024,2,16,10,10,4,5,1,2.313,2.313,2.313,2.313,2.313,"AMD Ryzen 5 5600GT with Radeon Graphics","Null Device",False
2026-10-08T04:44:11.6026920Z,bandwidth,bw-m1024-t2-v16-r3,bw.checks.anchored,share,80000,1024,2,16,10,10,4,5,1,0.943,0.943,0.943,0.943,0.943,"AMD Ryzen 5 5600GT with Radeon Graphics","Null Device",False
2026-10-08T04:44:11.6031190Z,bandwidth,bw-m1024-t2-v16-r3,bw.route.live,waypoints,80000,1024,2,16,10,10,4,5,1,5444596,5444596,5444596,5444596,5444596,"AMD Ryzen 5 5600GT with Radeon Graphics","Null Device",False
2026-10-08T04:44:11.6035570Z,bandwidth,bw-m1024-t2-v16-r3,bw.route.arena,MB,80000,1024,2,16,10,10,4,5,1,64,64,64,64,64,"AMD Ryzen 5 5600GT with Radeon Graphics","Null Device",False
2026-10-08T04:44:15.7235340Z,bandwidth,bw-m1024-t2-v32-r3,bw.snapshot.bytes,KB,80000,1024,2,32,10,10,4,5,8,988.447,988.447,1030.427,1030.427,1030.427,"AMD Ryzen 5 5600GT with Radeon Graphics","Null Device",False
2026-10-08T04:44:15.7331520Z,bandwidth,bw-m1024-t2-v32-r3,bw.snapshot.wire,KB,80000,1024,2,32,10,10,4,5,8,1032.386,1032.386,1076.246,1076.246,1076.246,"AMD Ryzen 5 5600GT with Radeon Graphics","Null Device",False
2026-10-08T04:44:15.7336300Z,bandwidth,bw-m1024-t2-v32-r3,bw.snapshot.units,units,80000,1024,2,32,10,10,4,5,8,40000,40000,40000,40000,40000,"AMD Ryzen 5 5600GT with Radeon Graphics","Null Device",False
2026-10-08T04:44:15.7340720Z,bandwidth,bw-m1024-t2-v32-r3,bw.snapshot.seconds,s,80000,1024,2,32,10,10,4,5,8,4.033,4.033,4.204,4.204,4.204,"AMD Ryzen 5 5600GT with Radeon Graphics","Null Device",False
2026-10-08T04:44:57.8683820Z,bandwidth,bw-m1024-t2-v32-r3,bw.avg,KB/s,80000,1024,2,32,10,10,4,5,8,278.248,274.276,305.222,308.808,309.705,"AMD Ryzen 5 5600GT with Radeon Graphics","Null Device",False
2026-10-08T04:44:57.8689350Z,bandwidth,bw-m1024-t2-v32-r3,bw.peak1s,KB/s,80000,1024,2,32,10,10,4,5,8,708.009,705.493,745.202,745.272,745.289,"AMD Ryzen 5 5600GT with Radeon Graphics","Null Device",False
2026-10-08T04:44:57.8694160Z,bandwidth,bw-m1024-t2-v32-r3,bw.wire.avg,KB/s,80000,1024,2,32,10,10,4,5,8,298.956,294.713,328.232,331.97,332.905,"AMD Ryzen 5 5600GT with Radeon Graphics","Null Device",False
2026-10-08T04:44:57.8699170Z,bandwidth,bw-m1024-t2-v32-r3,bw.wire.peak1s,KB/s,80000,1024,2,32,10,10,4,5,8,745.298,742.536,784.656,784.726,784.743,"AMD Ryzen 5 5600GT with Radeon Graphics","Null Device",False
2026-10-08T04:44:57.8703750Z,bandwidth,bw-m1024-t2-v32-r3,bw.encode.ms,ms,80000,1024,2,32,10,10,4,5,1200,3.66,3.88,4.676,5.409,15.965,"AMD Ryzen 5 5600GT with Radeon Graphics","Null Device",False
2026-10-08T04:44:57.8712810Z,bandwidth,bw-m1024-t2-v32-r3,bw.interest.ms,ms,80000,1024,2,32,10,10,4,5,1200,2.273,2.203,2.714,3.369,4.975,"AMD Ryzen 5 5600GT with Radeon Graphics","Null Device",False
2026-10-08T04:44:57.8722500Z,bandwidth,bw-m1024-t2-v32-r3,bw.routes.ms,ms,80000,1024,2,32,10,10,4,5,1200,1.924,0.983,1.42,48.526,93.78,"AMD Ryzen 5 5600GT with Radeon Graphics","Null Device",False
2026-10-08T04:44:57.8731950Z,bandwidth,bw-m1024-t2-v32-r3,bw.routes.deferred,units,80000,1024,2,32,10,10,4,5,1200,0,0,0,0,0,"AMD Ryzen 5 5600GT with Radeon Graphics","Null Device",False
2026-10-08T04:44:57.8752810Z,bandwidth,bw-m1024-t2-v32-r3,bw.bytype.moveorder,share,80000,1024,2,32,10,10,4,5,8,0.288,0.281,0.32,0.325,0.327,"AMD Ryzen 5 5600GT with Radeon Graphics","Null Device",False
2026-10-08T04:44:57.8757590Z,bandwidth,bw-m1024-t2-v32-r3,bw.moveorder,count,80000,1024,2,32,10,10,4,5,8,69001.5,69001.5,69261,69261,69261,"AMD Ryzen 5 5600GT with Radeon Graphics","Null Device",False
2026-10-08T04:44:57.8762310Z,bandwidth,bw-m1024-t2-v32-r3,bw.bytype.correction,share,80000,1024,2,32,10,10,4,5,8,0.558,0.568,0.596,0.601,0.602,"AMD Ryzen 5 5600GT with Radeon Graphics","Null Device",False
2026-10-08T04:44:57.8766670Z,bandwidth,bw-m1024-t2-v32-r3,bw.correction,count,80000,1024,2,32,10,10,4,5,8,1985603,1971475,2300617.8,2311020.36,2313621,"AMD Ryzen 5 5600GT with Radeon Graphics","Null Device",False
2026-10-08T04:44:57.8771120Z,bandwidth,bw-m1024-t2-v32-r3,bw.bytype.health,share,80000,1024,2,32,10,10,4,5,8,0.034,0.034,0.037,0.037,0.037,"AMD Ryzen 5 5600GT with Radeon Graphics","Null Device",False
2026-10-08T04:44:57.8775890Z,bandwidth,bw-m1024-t2-v32-r3,bw.health,count,80000,1024,2,32,10,10,4,5,8,287747,287747,287845,287845,287845,"AMD Ryzen 5 5600GT with Radeon Graphics","Null Device",False
2026-10-08T04:44:57.8780150Z,bandwidth,bw-m1024-t2-v32-r3,bw.bytype.enter,share,80000,1024,2,32,10,10,4,5,8,0.087,0.087,0.095,0.096,0.097,"AMD Ryzen 5 5600GT with Radeon Graphics","Null Device",False
2026-10-08T04:44:57.8784640Z,bandwidth,bw-m1024-t2-v32-r3,bw.enter,count,80000,1024,2,32,10,10,4,5,8,82027,82027,82563,82563,82563,"AMD Ryzen 5 5600GT with Radeon Graphics","Null Device",False
2026-10-08T04:44:57.8789090Z,bandwidth,bw-m1024-t2-v32-r3,bw.bytype.leave,share,80000,1024,2,32,10,10,4,5,8,0.006,0.006,0.006,0.006,0.006,"AMD Ryzen 5 5600GT with Radeon Graphics","Null Device",False
2026-10-08T04:44:57.8793560Z,bandwidth,bw-m1024-t2-v32-r3,bw.leave,count,80000,1024,2,32,10,10,4,5,8,42038.5,42038.5,42578,42578,42578,"AMD Ryzen 5 5600GT with Radeon Graphics","Null Device",False
2026-10-08T04:44:57.8797920Z,bandwidth,bw-m1024-t2-v32-r3,bw.bytype.explosion,share,80000,1024,2,32,10,10,4,5,8,0.009,0.01,0.01,0.01,0.01,"AMD Ryzen 5 5600GT with Radeon Graphics","Null Device",False
2026-10-08T04:44:57.8802290Z,bandwidth,bw-m1024-t2-v32-r3,bw.explosion,count,80000,1024,2,32,10,10,4,5,8,41939,41939,42381,42381,42381,"AMD Ryzen 5 5600GT with Radeon Graphics","Null Device",False
2026-10-08T04:44:57.8806680Z,bandwidth,bw-m1024-t2-v32-r3,bw.bytype.fogdelta,share,80000,1024,2,32,10,10,4,5,8,0.018,0.017,0.023,0.023,0.023,"AMD Ryzen 5 5600GT with Radeon Graphics","Null Device",False
2026-10-08T04:44:57.8824290Z,bandwidth,bw-m1024-t2-v32-r3,bw.fogdelta,count,80000,1024,2,32,10,10,4,5,8,233907,233907,283480,283480,283480,"AMD Ryzen 5 5600GT with Radeon Graphics","Null Device",False
2026-10-08T04:44:57.8829040Z,bandwidth,bw-m1024-t2-v32-r3,bw.waypoints,waypoints,80000,1024,2,32,10,10,4,5,1,23.167,23.167,23.167,23.167,23.167,"AMD Ryzen 5 5600GT with Radeon Graphics","Null Device",False
2026-10-08T04:44:57.8833470Z,bandwidth,bw-m1024-t2-v32-r3,bw.waypoints.smoothed,waypoints,80000,1024,2,32,10,10,4,5,1,2.759,2.759,2.759,2.759,2.759,"AMD Ryzen 5 5600GT with Radeon Graphics","Null Device",False
2026-10-08T04:44:57.8837830Z,bandwidth,bw-m1024-t2-v32-r3,bw.waypoints.saved,share,80000,1024,2,32,10,10,4,5,1,0.881,0.881,0.881,0.881,0.881,"AMD Ryzen 5 5600GT with Radeon Graphics","Null Device",False
2026-10-08T04:44:57.8864590Z,bandwidth,bw-m1024-t2-v32-r3,bw.units,units,80000,1024,2,32,10,10,4,5,1,79979,79979,79979,79979,79979,"AMD Ryzen 5 5600GT with Radeon Graphics","Null Device",False
2026-10-08T04:44:57.8906280Z,bandwidth,bw-m1024-t2-v32-r3,bw.units.engaged,share,80000,1024,2,32,10,10,4,5,1,0.033,0.033,0.033,0.033,0.033,"AMD Ryzen 5 5600GT with Radeon Graphics","Null Device",False
2026-10-08T04:44:57.8910750Z,bandwidth,bw-m1024-t2-v32-r3,bw.units.ordered,share,80000,1024,2,32,10,10,4,5,1,0.985,0.985,0.985,0.985,0.985,"AMD Ryzen 5 5600GT with Radeon Graphics","Null Device",False
2026-10-08T04:44:57.8916480Z,bandwidth,bw-m1024-t2-v32-r3,bw.allowed,units,80000,1024,2,32,10,10,4,5,1,39992,39992,39992,39992,39992,"AMD Ryzen 5 5600GT with Radeon Graphics","Null Device",False
2026-10-08T04:44:57.8920970Z,bandwidth,bw-m1024-t2-v32-r3,bw.corrections.perunit,corrections,80000,1024,2,32,10,10,4,5,1,0.04,0.04,0.04,0.04,0.04,"AMD Ryzen 5 5600GT with Radeon Graphics","Null Device",False
2026-10-08T04:44:57.8931170Z,bandwidth,bw-m1024-t2-v32-r3,bw.error.all.mean,tiles,80000,1024,2,32,10,10,4,5,1,0.535,0.535,0.535,0.535,0.535,"AMD Ryzen 5 5600GT with Radeon Graphics","Null Device",False
2026-10-08T04:44:57.8936770Z,bandwidth,bw-m1024-t2-v32-r3,bw.error.all.p50,tiles,80000,1024,2,32,10,10,4,5,1,0.094,0.094,0.094,0.094,0.094,"AMD Ryzen 5 5600GT with Radeon Graphics","Null Device",False
2026-10-08T04:44:57.8941370Z,bandwidth,bw-m1024-t2-v32-r3,bw.error.all.p95,tiles,80000,1024,2,32,10,10,4,5,1,1.797,1.797,1.797,1.797,1.797,"AMD Ryzen 5 5600GT with Radeon Graphics","Null Device",False
2026-10-08T04:44:57.8945840Z,bandwidth,bw-m1024-t2-v32-r3,bw.error.all.p99,tiles,80000,1024,2,32,10,10,4,5,1,1.969,1.969,1.969,1.969,1.969,"AMD Ryzen 5 5600GT with Radeon Graphics","Null Device",False
2026-10-08T04:44:57.8950750Z,bandwidth,bw-m1024-t2-v32-r3,bw.error.view.mean,tiles,80000,1024,2,32,10,10,4,5,1,0.065,0.065,0.065,0.065,0.065,"AMD Ryzen 5 5600GT with Radeon Graphics","Null Device",False
2026-10-08T04:44:57.8955220Z,bandwidth,bw-m1024-t2-v32-r3,bw.error.view.p50,tiles,80000,1024,2,32,10,10,4,5,1,0.063,0.063,0.063,0.063,0.063,"AMD Ryzen 5 5600GT with Radeon Graphics","Null Device",False
2026-10-08T04:44:57.8959510Z,bandwidth,bw-m1024-t2-v32-r3,bw.error.view.p95,tiles,80000,1024,2,32,10,10,4,5,1,0.203,0.203,0.203,0.203,0.203,"AMD Ryzen 5 5600GT with Radeon Graphics","Null Device",False
2026-10-08T04:44:57.8964060Z,bandwidth,bw-m1024-t2-v32-r3,bw.error.view.p99,tiles,80000,1024,2,32,10,10,4,5,1,0.25,0.25,0.25,0.25,0.25,"AMD Ryzen 5 5600GT with Radeon Graphics","Null Device",False
2026-10-08T04:44:57.8968890Z,bandwidth,bw-m1024-t2-v32-r3,bw.error.raw.mean,tiles,80000,1024,2,32,10,10,4,5,1,0.756,0.756,0.756,0.756,0.756,"AMD Ryzen 5 5600GT with Radeon Graphics","Null Device",False
2026-10-08T04:44:57.8973330Z,bandwidth,bw-m1024-t2-v32-r3,bw.error.raw.p50,tiles,80000,1024,2,32,10,10,4,5,1,0.656,0.656,0.656,0.656,0.656,"AMD Ryzen 5 5600GT with Radeon Graphics","Null Device",False
2026-10-08T04:44:57.8977590Z,bandwidth,bw-m1024-t2-v32-r3,bw.error.raw.p95,tiles,80000,1024,2,32,10,10,4,5,1,1.781,1.781,1.781,1.781,1.781,"AMD Ryzen 5 5600GT with Radeon Graphics","Null Device",False
2026-10-08T04:44:57.8981930Z,bandwidth,bw-m1024-t2-v32-r3,bw.error.raw.p99,tiles,80000,1024,2,32,10,10,4,5,1,2.313,2.313,2.313,2.313,2.313,"AMD Ryzen 5 5600GT with Radeon Graphics","Null Device",False
2026-10-08T04:44:57.8987010Z,bandwidth,bw-m1024-t2-v32-r3,bw.error.rawanchored.mean,tiles,80000,1024,2,32,10,10,4,5,1,0.757,0.757,0.757,0.757,0.757,"AMD Ryzen 5 5600GT with Radeon Graphics","Null Device",False
2026-10-08T04:44:57.8991320Z,bandwidth,bw-m1024-t2-v32-r3,bw.error.rawanchored.p50,tiles,80000,1024,2,32,10,10,4,5,1,0.656,0.656,0.656,0.656,0.656,"AMD Ryzen 5 5600GT with Radeon Graphics","Null Device",False
2026-10-08T04:44:57.8995710Z,bandwidth,bw-m1024-t2-v32-r3,bw.error.rawanchored.p95,tiles,80000,1024,2,32,10,10,4,5,1,1.781,1.781,1.781,1.781,1.781,"AMD Ryzen 5 5600GT with Radeon Graphics","Null Device",False
2026-10-08T04:44:57.8999940Z,bandwidth,bw-m1024-t2-v32-r3,bw.error.rawanchored.p99,tiles,80000,1024,2,32,10,10,4,5,1,2.313,2.313,2.313,2.313,2.313,"AMD Ryzen 5 5600GT with Radeon Graphics","Null Device",False
2026-10-08T04:44:57.9005020Z,bandwidth,bw-m1024-t2-v32-r3,bw.checks.anchored,share,80000,1024,2,32,10,10,4,5,1,0.943,0.943,0.943,0.943,0.943,"AMD Ryzen 5 5600GT with Radeon Graphics","Null Device",False
2026-10-08T04:44:57.9009380Z,bandwidth,bw-m1024-t2-v32-r3,bw.route.live,waypoints,80000,1024,2,32,10,10,4,5,1,5444596,5444596,5444596,5444596,5444596,"AMD Ryzen 5 5600GT with Radeon Graphics","Null Device",False
2026-10-08T04:44:57.9013930Z,bandwidth,bw-m1024-t2-v32-r3,bw.route.arena,MB,80000,1024,2,32,10,10,4,5,1,64,64,64,64,64,"AMD Ryzen 5 5600GT with Radeon Graphics","Null Device",False
