utc,bench,tag,metric,unit,units,map,teams,vision,bvision,large,slice,cell,samples,mean,p50,p95,p99,max,cpu,gpu,debugBuild
2026-10-08T02:16:05.2898990Z,bandwidth,base-t8,bw.snapshot.bytes,KB,80000,512,8,8,10,10,4,5,8,397.208,401.281,403.532,403.532,403.532,"AMD Ryzen 5 5600GT with Radeon Graphics","Null Device",False
2026-10-08T02:16:05.2992560Z,bandwidth,base-t8,bw.snapshot.wire,KB,80000,512,8,8,10,10,4,5,8,414.873,419.137,421.464,421.464,421.464,"AMD Ryzen 5 5600GT with Radeon Graphics","Null Device",False
2026-10-08T02:16:05.2998770Z,bandwidth,base-t8,bw.snapshot.units,units,80000,512,8,8,10,10,4,5,8,20000,20000,20000,20000,20000,"AMD Ryzen 5 5600GT with Radeon Graphics","Null Device",False
2026-10-08T02:16:05.3004160Z,bandwidth,base-t8,bw.snapshot.seconds,s,80000,512,8,8,10,10,4,5,8,1.621,1.637,1.646,1.646,1.646,"AMD Ryzen 5 5600GT with Radeon Graphics","Null Device",False
2026-10-08T02:17:22.7873760Z,bandwidth,base-t8,bw.avg,KB/s,80000,512,8,8,10,10,4,5,8,652.948,657.181,680.679,683.567,684.289,"AMD Ryzen 5 5600GT with Radeon Graphics","Null Device",False
2026-10-08T02:17:22.7879480Z,bandwidth,base-t8,bw.peak1s,KB/s,80000,512,8,8,10,10,4,5,8,1048.882,1048.199,1070.155,1072.182,1072.688,"AMD Ryzen 5 5600GT with Radeon Graphics","Null Device",False
2026-10-08T02:17:22.7884950Z,bandwidth,base-t8,bw.wire.avg,KB/s,80000,512,8,8,10,10,4,5,8,709.018,713.959,738.895,742.129,742.938,"AMD Ryzen 5 5600GT with Radeon Graphics","Null Device",False
2026-10-08T02:17:22.7889750Z,bandwidth,base-t8,bw.wire.peak1s,KB/s,80000,512,8,8,10,10,4,5,8,1134.869,1134.264,1157.488,1159.572,1160.093,"AMD Ryzen 5 5600GT with Radeon Graphics","Null Device",False
2026-10-08T02:17:22.7894450Z,bandwidth,base-t8,bw.encode.ms,ms,80000,512,8,8,10,10,4,5,1200,30.333,31.724,37.579,41.573,67.613,"AMD Ryzen 5 5600GT with Radeon Graphics","Null Device",False
2026-10-08T02:17:22.7904060Z,bandwidth,base-t8,bw.interest.ms,ms,80000,512,8,8,10,10,4,5,1200,5.122,5.066,5.694,6.212,7.843,"AMD Ryzen 5 5600GT with Radeon Graphics","Null Device",False
2026-10-08T02:17:22.7913620Z,bandwidth,base-t8,bw.routes.ms,ms,80000,512,8,8,10,10,4,5,1200,1.616,1.112,1.732,24.604,53.984,"AMD Ryzen 5 5600GT with Radeon Graphics","Null Device",False
2026-10-08T02:17:22.7923110Z,bandwidth,base-t8,bw.routes.deferred,units,80000,512,8,8,10,10,4,5,1200,0,0,0,0,0,"AMD Ryzen 5 5600GT with Radeon Graphics","Null Device",False
2026-10-08T02:17:22.7944420Z,bandwidth,base-t8,bw.bytype.moveorder,share,80000,512,8,8,10,10,4,5,8,0.028,0.028,0.033,0.034,0.034,"AMD Ryzen 5 5600GT with Radeon Graphics","Null Device",False
2026-10-08T02:17:22.7949450Z,bandwidth,base-t8,bw.moveorder,count,80000,512,8,8,10,10,4,5,8,25839.75,25710.5,26645.85,26833.17,26880,"AMD Ryzen 5 5600GT with Radeon Graphics","Null Device",False
2026-10-08T02:17:22.7955000Z,bandwidth,base-t8,bw.bytype.correction,share,80000,512,8,8,10,10,4,5,8,0.875,0.877,0.904,0.908,0.909,"AMD Ryzen 5 5600GT with Radeon Graphics","Null Device",False
2026-10-08T02:17:22.7960310Z,bandwidth,base-t8,bw.correction,count,80000,512,8,8,10,10,4,5,8,5858313.375,5945304.5,6095890.55,6124217.31,6131299,"AMD Ryzen 5 5600GT with Radeon Graphics","Null Device",False
2026-10-08T02:17:22.7965320Z,bandwidth,base-t8,bw.bytype.health,share,80000,512,8,8,10,10,4,5,8,0.008,0.008,0.009,0.009,0.009,"AMD Ryzen 5 5600GT with Radeon Graphics","Null Device",False
2026-10-08T02:17:22.7970020Z,bandwidth,base-t8,bw.health,count,80000,512,8,8,10,10,4,5,8,154873.75,154123,165548.15,165584.83,165594,"AMD Ryzen 5 5600GT with Radeon Graphics","Null Device",False
2026-10-08T02:17:22.7974920Z,bandwidth,base-t8,bw.bytype.enter,share,80000,512,8,8,10,10,4,5,8,0.08,0.076,0.118,0.128,0.13,"AMD Ryzen 5 5600GT with Radeon Graphics","Null Device",False
2026-10-08T02:17:22.7979480Z,bandwidth,base-t8,bw.enter,count,80000,512,8,8,10,10,4,5,8,77559.875,73264,105148.25,113975.25,116182,"AMD Ryzen 5 5600GT with Radeon Graphics","Null Device",False
2026-10-08T02:17:22.7984160Z,bandwidth,base-t8,bw.bytype.leave,share,80000,512,8,8,10,10,4,5,8,0.004,0.004,0.006,0.007,0.007,"AMD Ryzen 5 5600GT with Radeon Graphics","Null Device",False
2026-10-08T02:17:22.7988790Z,bandwidth,base-t8,bw.leave,count,80000,512,8,8,10,10,4,5,8,65540.5,60896,93141.35,102241.07,104516,"AMD Ryzen 5 5600GT with Radeon Graphics","Null Device",False
2026-10-08T02:17:22.7994320Z,bandwidth,base-t8,bw.bytype.explosion,share,80000,512,8,8,10,10,4,5,8,0.002,0.002,0.003,0.003,0.003,"AMD Ryzen 5 5600GT with Radeon Graphics","Null Device",False
2026-10-08T02:17:22.7999820Z,bandwidth,base-t8,bw.explosion,count,80000,512,8,8,10,10,4,5,8,23823.5,23535.5,25396.25,25408.85,25412,"AMD Ryzen 5 5600GT with Radeon Graphics","Null Device",False
2026-10-08T02:17:22.8005310Z,bandwidth,base-t8,bw.bytype.fogdelta,share,80000,512,8,8,10,10,4,5,8,0.001,0.001,0.002,0.002,0.002,"AMD Ryzen 5 5600GT with Radeon Graphics","Null Device",False
2026-10-08T02:17:22.8010390Z,bandwidth,base-t8,bw.fogdelta,count,80000,512,8,8,10,10,4,5,8,36779.375,33971.5,58635.6,66661.52,68668,"AMD Ryzen 5 5600GT with Radeon Graphics","Null Device",False
2026-10-08T02:17:22.8015860Z,bandwidth,base-t8,bw.waypoints,waypoints,80000,512,8,8,10,10,4,5,1,14.076,14.076,14.076,14.076,14.076,"AMD Ryzen 5 5600GT with Radeon Graphics","Null Device",False
2026-10-08T02:17:22.8020880Z,bandwidth,base-t8,bw.waypoints.smoothed,waypoints,80000,512,8,8,10,10,4,5,1,2.5,2.5,2.5,2.5,2.5,"AMD Ryzen 5 5600GT with Radeon Graphics","Null Device",False
2026-10-08T02:17:22.8026010Z,bandwidth,base-t8,bw.waypoints.saved,share,80000,512,8,8,10,10,4,5,1,0.822,0.822,0.822,0.822,0.822,"AMD Ryzen 5 5600GT with Radeon Graphics","Null Device",False
2026-10-08T02:17:22.8055390Z,bandwidth,base-t8,bw.units,units,80000,512,8,8,10,10,4,5,1,79964,79964,79964,79964,79964,"AMD Ryzen 5 5600GT with Radeon Graphics","Null Device",False
2026-10-08T02:17:22.8107240Z,bandwidth,base-t8,bw.units.engaged,share,80000,512,8,8,10,10,4,5,1,0.077,0.077,0.077,0.077,0.077,"AMD Ryzen 5 5600GT with Radeon Graphics","Null Device",False
2026-10-08T02:17:22.8112460Z,bandwidth,base-t8,bw.units.ordered,share,80000,512,8,8,10,10,4,5,1,0.971,0.971,0.971,0.971,0.971,"AMD Ryzen 5 5600GT with Radeon Graphics","Null Device",False
2026-10-08T02:17:22.8119190Z,bandwidth,base-t8,bw.allowed,units,80000,512,8,8,10,10,4,5,1,12736,12736,12736,12736,12736,"AMD Ryzen 5 5600GT with Radeon Graphics","Null Device",False
2026-10-08T02:17:22.8125460Z,bandwidth,base-t8,bw.corrections.perunit,corrections,80000,512,8,8,10,10,4,5,1,0.387,0.387,0.387,0.387,0.387,"AMD Ryzen 5 5600GT with Radeon Graphics","Null Device",False
2026-10-08T02:17:22.8135020Z,bandwidth,base-t8,bw.error.all.mean,tiles,80000,512,8,8,10,10,4,5,1,0.041,0.041,0.041,0.041,0.041,"AMD Ryzen 5 5600GT with Radeon Graphics","Null Device",False
2026-10-08T02:17:22.8140790Z,bandwidth,base-t8,bw.error.all.p50,tiles,80000,512,8,8,10,10,4,5,1,0.031,0.031,0.031,0.031,0.031,"AMD Ryzen 5 5600GT with Radeon Graphics","Null Device",False
2026-10-08T02:17:22.8145810Z,bandwidth,base-t8,bw.error.all.p95,tiles,80000,512,8,8,10,10,4,5,1,0.188,0.188,0.188,0.188,0.188,"AMD Ryzen 5 5600GT with Radeon Graphics","Null Device",False
2026-10-08T02:17:22.8150520Z,bandwidth,base-t8,bw.error.all.p99,tiles,80000,512,8,8,10,10,4,5,1,0.25,0.25,0.25,0.25,0.25,"AMD Ryzen 5 5600GT with Radeon Graphics","Null Device",False
2026-10-08T02:17:22.8155540Z,bandwidth,base-t8,bw.error.view.mean,tiles,80000,512,8,8,10,10,4,5,1,0.041,0.041,0.041,0.041,0.041,"AMD Ryzen 5 5600GT with Radeon Graphics","Null Device",False
2026-10-08T02:17:22.8159920Z,bandwidth,base-t8,bw.error.view.p50,tiles,80000,512,8,8,10,10,4,5,1,0.031,0.031,0.031,0.031,0.031,"AMD Ryzen 5 5600GT with Radeon Graphics","Null Device",False
2026-10-08T02:17:22.8185520Z,bandwidth,base-t8,bw.error.view.p95,tiles,80000,512,8,8,10,10,4,5,1,0.188,0.188,0.188,0.188,0.188,"AMD Ryzen 5 5600GT with Radeon Graphics","Null Device",False
2026-10-08T02:17:22.8194070Z,bandwidth,base-t8,bw.error.view.p99,tiles,80000,512,8,8,10,10,4,5,1,0.25,0.25,0.25,0.25,0.25,"AMD Ryzen 5 5600GT with Radeon Graphics","Null Device",False
2026-10-08T02:17:22.8201660Z,bandwidth,base-t8,bw.route.live,waypoints,80000,512,8,8,10,10,4,5,1,3552134,3552134,3552134,3552134,3552134,"AMD Ryzen 5 5600GT with Radeon Graphics","Null Device",False
2026-10-08T02:17:22.8209240Z,bandwidth,base-t8,bw.route.arena,MB,80000,512,8,8,10,10,4,5,1,32,32,32,32,32,"AMD Ryzen 5 5600GT with Radeon Graphics","Null Device",False
2026-10-08T02:17:26.5290390Z,bandwidth,L1-t8,bw.snapshot.bytes,KB,80000,512,8,8,10,10,4,5,8,397.208,401.281,403.532,403.532,403.532,"AMD Ryzen 5 5600GT with Radeon Graphics","Null Device",False
2026-10-08T02:17:26.5389950Z,bandwidth,L1-t8,bw.snapshot.wire,KB,80000,512,8,8,10,10,4,5,8,414.873,419.137,421.464,421.464,421.464,"AMD Ryzen 5 5600GT with Radeon Graphics","Null Device",False
2026-10-08T02:17:26.5394880Z,bandwidth,L1-t8,bw.snapshot.units,units,80000,512,8,8,10,10,4,5,8,20000,20000,20000,20000,20000,"AMD Ryzen 5 5600GT with Radeon Graphics","Null Device",False
2026-10-08T02:17:26.5399340Z,bandwidth,L1-t8,bw.snapshot.seconds,s,80000,512,8,8,10,10,4,5,8,1.621,1.637,1.646,1.646,1.646,"AMD Ryzen 5 5600GT with Radeon Graphics","Null Device",False
2026-10-08T02:18:31.6066880Z,bandwidth,L1-t8,bw.avg,KB/s,80000,512,8,8,10,10,4,5,8,380.227,382.188,397.8,398.555,398.744,"AMD Ryzen 5 5600GT with Radeon Graphics","Null Device",False
2026-10-08T02:18:31.6072390Z,bandwidth,L1-t8,bw.peak1s,KB/s,80000,512,8,8,10,10,4,5,8,646.569,648.63,663.445,665.102,665.516,"AMD Ryzen 5 5600GT with Radeon Graphics","Null Device",False
2026-10-08T02:18:31.6077160Z,bandwidth,L1-t8,bw.wire.avg,KB/s,80000,512,8,8,10,10,4,5,8,411.984,414.232,430.724,431.614,431.836,"AMD Ryzen 5 5600GT with Radeon Graphics","Null Device",False
2026-10-08T02:18:31.6081740Z,bandwidth,L1-t8,bw.wire.peak1s,KB/s,80000,512,8,8,10,10,4,5,8,696.701,699.018,714.341,716.053,716.481,"AMD Ryzen 5 5600GT with Radeon Graphics","Null Device",False
2026-10-08T02:18:31.6088110Z,bandwidth,L1-t8,bw.encode.ms,ms,80000,512,8,8,10,10,4,5,1200,20.9,21.132,27.639,30.508,56.992,"AMD Ryzen 5 5600GT with Radeon Graphics","Null Device",False
2026-10-08T02:18:31.6099110Z,bandwidth,L1-t8,bw.interest.ms,ms,80000,512,8,8,10,10,4,5,1200,5.094,5.039,5.722,6.192,7.923,"AMD Ryzen 5 5600GT with Radeon Graphics","Null Device",False
2026-10-08T02:18:31.6108620Z,bandwidth,L1-t8,bw.routes.ms,ms,80000,512,8,8,10,10,4,5,1200,1.595,1.076,1.808,24.349,53.558,"AMD Ryzen 5 5600GT with Radeon Graphics","Null Device",False
2026-10-08T02:18:31.6118370Z,bandwidth,L1-t8,bw.routes.deferred,units,80000,512,8,8,10,10,4,5,1200,0,0,0,0,0,"AMD Ryzen 5 5600GT with Radeon Graphics","Null Device",False
2026-10-08T02:18:31.6141390Z,bandwidth,L1-t8,bw.bytype.moveorder,share,80000,512,8,8,10,10,4,5,8,0.048,0.047,0.056,0.058,0.058,"AMD Ryzen 5 5600GT with Radeon Graphics","Null Device",False
2026-10-08T02:18:31.6147200Z,bandwidth,L1-t8,bw.moveorder,count,80000,512,8,8,10,10,4,5,8,25839.75,25710.5,26645.85,26833.17,26880,"AMD Ryzen 5 5600GT with Radeon Graphics","Null Device",False
2026-10-08T02:18:31.6152670Z,bandwidth,L1-t8,bw.bytype.correction,share,80000,512,8,8,10,10,4,5,8,0.788,0.789,0.832,0.839,0.841,"AMD Ryzen 5 5600GT with Radeon Graphics","Null Device",False
2026-10-08T02:18:31.6157230Z,bandwidth,L1-t8,bw.correction,count,80000,512,8,8,10,10,4,5,8,3077773.5,3115981,3201460.7,3216652.94,3220451,"AMD Ryzen 5 5600GT with Radeon Graphics","Null Device",False
2026-10-08T02:18:31.6161960Z,bandwidth,L1-t8,bw.bytype.health,share,80000,512,8,8,10,10,4,5,8,0.014,0.014,0.015,0.016,0.016,"AMD Ryzen 5 5600GT with Radeon Graphics","Null Device",False
2026-10-08T02:18:31.6166980Z,bandwidth,L1-t8,bw.health,count,80000,512,8,8,10,10,4,5,8,154873.75,154123,165548.15,165584.83,165594,"AMD Ryzen 5 5600GT with Radeon Graphics","Null Device",False
2026-10-08T02:18:31.6171630Z,bandwidth,L1-t8,bw.bytype.enter,share,80000,512,8,8,10,10,4,5,8,0.135,0.13,0.194,0.208,0.212,"AMD Ryzen 5 5600GT with Radeon Graphics","Null Device",False
2026-10-08T02:18:31.6176690Z,bandwidth,L1-t8,bw.enter,count,80000,512,8,8,10,10,4,5,8,77559.875,73264,105148.25,113975.25,116182,"AMD Ryzen 5 5600GT with Radeon Graphics","Null Device",False
2026-10-08T02:18:31.6181220Z,bandwidth,L1-t8,bw.bytype.leave,share,80000,512,8,8,10,10,4,5,8,0.008,0.007,0.01,0.011,0.012,"AMD Ryzen 5 5600GT with Radeon Graphics","Null Device",False
2026-10-08T02:18:31.6185990Z,bandwidth,L1-t8,bw.leave,count,80000,512,8,8,10,10,4,5,8,65540.5,60896,93141.35,102241.07,104516,"AMD Ryzen 5 5600GT with Radeon Graphics","Null Device",False
2026-10-08T02:18:31.6190580Z,bandwidth,L1-t8,bw.bytype.explosion,share,80000,512,8,8,10,10,4,5,8,0.004,0.004,0.004,0.005,0.005,"AMD Ryzen 5 5600GT with Radeon Graphics","Null Device",False
2026-10-08T02:18:31.6195220Z,bandwidth,L1-t8,bw.explosion,count,80000,512,8,8,10,10,4,5,8,23823.5,23535.5,25396.25,25408.85,25412,"AMD Ryzen 5 5600GT with Radeon Graphics","Null Device",False
2026-10-08T02:18:31.6199760Z,bandwidth,L1-t8,bw.bytype.fogdelta,share,80000,512,8,8,10,10,4,5,8,0.002,0.002,0.003,0.004,0.004,"AMD Ryzen 5 5600GT with Radeon Graphics","Null Device",False
2026-10-08T02:18:31.6204850Z,bandwidth,L1-t8,bw.fogdelta,count,80000,512,8,8,10,10,4,5,8,36779.375,33971.5,58635.6,66661.52,68668,"AMD Ryzen 5 5600GT with Radeon Graphics","Null Device",False
2026-10-08T02:18:31.6209530Z,bandwidth,L1-t8,bw.waypoints,waypoints,80000,512,8,8,10,10,4,5,1,14.076,14.076,14.076,14.076,14.076,"AMD Ryzen 5 5600GT with Radeon Graphics","Null Device",False
2026-10-08T02:18:31.6214190Z,bandwidth,L1-t8,bw.waypoints.smoothed,waypoints,80000,512,8,8,10,10,4,5,1,2.5,2.5,2.5,2.5,2.5,"AMD Ryzen 5 5600GT with Radeon Graphics","Null Device",False
2026-10-08T02:18:31.6218750Z,bandwidth,L1-t8,bw.waypoints.saved,share,80000,512,8,8,10,10,4,5,1,0.822,0.822,0.822,0.822,0.822,"AMD Ryzen 5 5600GT with Radeon Graphics","Null Device",False
2026-10-08T02:18:31.6249020Z,bandwidth,L1-t8,bw.units,units,80000,512,8,8,10,10,4,5,1,79964,79964,79964,79964,79964,"AMD Ryzen 5 5600GT with Radeon Graphics","Null Device",False
2026-10-08T02:18:31.6292620Z,bandwidth,L1-t8,bw.units.engaged,share,80000,512,8,8,10,10,4,5,1,0.077,0.077,0.077,0.077,0.077,"AMD Ryzen 5 5600GT with Radeon Graphics","Null Device",False
2026-10-08T02:18:31.6297770Z,bandwidth,L1-t8,bw.units.ordered,share,80000,512,8,8,10,10,4,5,1,0.971,0.971,0.971,0.971,0.971,"AMD Ryzen 5 5600GT with Radeon Graphics","Null Device",False
2026-10-08T02:18:31.6304230Z,bandwidth,L1-t8,bw.allowed,units,80000,512,8,8,10,10,4,5,1,12736,12736,12736,12736,12736,"AMD Ryzen 5 5600GT with Radeon Graphics","Null Device",False
2026-10-08T02:18:31.6309030Z,bandwidth,L1-t8,bw.corrections.perunit,corrections,80000,512,8,8,10,10,4,5,1,0.203,0.203,0.203,0.203,0.203,"AMD Ryzen 5 5600GT with Radeon Graphics","Null Device",False
2026-10-08T02:18:31.6317960Z,bandwidth,L1-t8,bw.error.all.mean,tiles,80000,512,8,8,10,10,4,5,1,0.035,0.035,0.035,0.035,0.035,"AMD Ryzen 5 5600GT with Radeon Graphics","Null Device",False
2026-10-08T02:18:31.6323540Z,bandwidth,L1-t8,bw.error.all.p50,tiles,80000,512,8,8,10,10,4,5,1,0.031,0.031,0.031,0.031,0.031,"AMD Ryzen 5 5600GT with Radeon Graphics","Null Device",False
2026-10-08T02:18:31.6328140Z,bandwidth,L1-t8,bw.error.all.p95,tiles,80000,512,8,8,10,10,4,5,1,0.156,0.156,0.156,0.156,0.156,"AMD Ryzen 5 5600GT with Radeon Graphics","Null Device",False
2026-10-08T02:18:31.6333140Z,bandwidth,L1-t8,bw.error.all.p99,tiles,80000,512,8,8,10,10,4,5,1,0.234,0.234,0.234,0.234,0.234,"AMD Ryzen 5 5600GT with Radeon Graphics","Null Device",False
2026-10-08T02:18:31.6337950Z,bandwidth,L1-t8,bw.error.view.mean,tiles,80000,512,8,8,10,10,4,5,1,0.035,0.035,0.035,0.035,0.035,"AMD Ryzen 5 5600GT with Radeon Graphics","Null Device",False
2026-10-08T02:18:31.6342940Z,bandwidth,L1-t8,bw.error.view.p50,tiles,80000,512,8,8,10,10,4,5,1,0.031,0.031,0.031,0.031,0.031,"AMD Ryzen 5 5600GT with Radeon Graphics","Null Device",False
2026-10-08T02:18:31.6347430Z,bandwidth,L1-t8,bw.error.view.p95,tiles,80000,512,8,8,10,10,4,5,1,0.156,0.156,0.156,0.156,0.156,"AMD Ryzen 5 5600GT with Radeon Graphics","Null Device",False
2026-10-08T02:18:31.6352040Z,bandwidth,L1-t8,bw.error.view.p99,tiles,80000,512,8,8,10,10,4,5,1,0.234,0.234,0.234,0.234,0.234,"AMD Ryzen 5 5600GT with Radeon Graphics","Null Device",False
2026-10-08T02:18:31.6356530Z,bandwidth,L1-t8,bw.route.live,waypoints,80000,512,8,8,10,10,4,5,1,3552134,3552134,3552134,3552134,3552134,"AMD Ryzen 5 5600GT with Radeon Graphics","Null Device",False
2026-10-08T02:18:31.6361230Z,bandwidth,L1-t8,bw.route.arena,MB,80000,512,8,8,10,10,4,5,1,32,32,32,32,32,"AMD Ryzen 5 5600GT with Radeon Graphics","Null Device",False
2026-10-08T02:18:35.3439260Z,bandwidth,L2-t8,bw.snapshot.bytes,KB,80000,512,8,8,10,10,4,5,8,397.208,401.281,403.532,403.532,403.532,"AMD Ryzen 5 5600GT with Radeon Graphics","Null Device",False
2026-10-08T02:18:35.3540410Z,bandwidth,L2-t8,bw.snapshot.wire,KB,80000,512,8,8,10,10,4,5,8,414.873,419.137,421.464,421.464,421.464,"AMD Ryzen 5 5600GT with Radeon Graphics","Null Device",False
2026-10-08T02:18:35.3545400Z,bandwidth,L2-t8,bw.snapshot.units,units,80000,512,8,8,10,10,4,5,8,20000,20000,20000,20000,20000,"AMD Ryzen 5 5600GT with Radeon Graphics","Null Device",False
2026-10-08T02:18:35.3550290Z,bandwidth,L2-t8,bw.snapshot.seconds,s,80000,512,8,8,10,10,4,5,8,1.621,1.637,1.646,1.646,1.646,"AMD Ryzen 5 5600GT with Radeon Graphics","Null Device",False
2026-10-08T02:19:42.2874980Z,bandwidth,L2-t8,bw.avg,KB/s,80000,512,8,8,10,10,4,5,8,280.041,281.059,298.399,300.004,300.405,"AMD Ryzen 5 5600GT with Radeon Graphics","Null Device",False
2026-10-08T02:19:42.2880510Z,bandwidth,L2-t8,bw.peak1s,KB/s,80000,512,8,8,10,10,4,5,8,496.307,497.509,511.265,512.859,513.258,"AMD Ryzen 5 5600GT with Radeon Graphics","Null Device",False
2026-10-08T02:19:42.2885420Z,bandwidth,L2-t8,bw.wire.avg,KB/s,80000,512,8,8,10,10,4,5,8,302.865,304.065,321.641,323.089,323.451,"AMD Ryzen 5 5600GT with Radeon Graphics","Null Device",False
2026-10-08T02:19:42.2890020Z,bandwidth,L2-t8,bw.wire.peak1s,KB/s,80000,512,8,8,10,10,4,5,8,532.668,534.206,548.575,550.327,550.765,"AMD Ryzen 5 5600GT with Radeon Graphics","Null Device",False
2026-10-08T02:19:42.2894710Z,bandwidth,L2-t8,bw.encode.ms,ms,80000,512,8,8,10,10,4,5,1200,22.067,22.531,28.639,31.226,58.489,"AMD Ryzen 5 5600GT with Radeon Graphics","Null Device",False
2026-10-08T02:19:42.2904370Z,bandwidth,L2-t8,bw.interest.ms,ms,80000,512,8,8,10,10,4,5,1200,5.136,5.082,5.74,6.133,8.584,"AMD Ryzen 5 5600GT with Radeon Graphics","Null Device",False
2026-10-08T02:19:42.2914550Z,bandwidth,L2-t8,bw.routes.ms,ms,80000,512,8,8,10,10,4,5,1200,1.593,1.082,1.736,24.508,54.548,"AMD Ryzen 5 5600GT with Radeon Graphics","Null Device",False
2026-10-08T02:19:42.2924320Z,bandwidth,L2-t8,bw.routes.deferred,units,80000,512,8,8,10,10,4,5,1200,0,0,0,0,0,"AMD Ryzen 5 5600GT with Radeon Graphics","Null Device",False
2026-10-08T02:19:42.2945730Z,bandwidth,L2-t8,bw.bytype.moveorder,share,80000,512,8,8,10,10,4,5,8,0.065,0.063,0.077,0.078,0.078,"AMD Ryzen 5 5600GT with Radeon Graphics","Null Device",False
2026-10-08T02:19:42.2950880Z,bandwidth,L2-t8,bw.moveorder,count,80000,512,8,8,10,10,4,5,8,25839.75,25710.5,26645.85,26833.17,26880,"AMD Ryzen 5 5600GT with Radeon Graphics","Null Device",False
2026-10-08T02:19:42.2955720Z,bandwidth,L2-t8,bw.bytype.correction,share,80000,512,8,8,10,10,4,5,8,0.715,0.715,0.769,0.778,0.78,"AMD Ryzen 5 5600GT with Radeon Graphics","Null Device",False
2026-10-08T02:19:42.2960310Z,bandwidth,L2-t8,bw.correction,count,80000,512,8,8,10,10,4,5,8,3079130.5,3117424.5,3202824.05,3218055.21,3221863,"AMD Ryzen 5 5600GT with Radeon Graphics","Null Device",False
2026-10-08T02:19:42.2965130Z,bandwidth,L2-t8,bw.bytype.health,share,80000,512,8,8,10,10,4,5,8,0.019,0.019,0.021,0.021,0.021,"AMD Ryzen 5 5600GT with Radeon Graphics","Null Device",False
2026-10-08T02:19:42.2969730Z,bandwidth,L2-t8,bw.health,count,80000,512,8,8,10,10,4,5,8,154873.75,154123,165548.15,165584.83,165594,"AMD Ryzen 5 5600GT with Radeon Graphics","Null Device",False
2026-10-08T02:19:42.2974410Z,bandwidth,L2-t8,bw.bytype.enter,share,80000,512,8,8,10,10,4,5,8,0.182,0.177,0.254,0.271,0.276,"AMD Ryzen 5 5600GT with Radeon Graphics","Null Device",False
2026-10-08T02:19:42.2978940Z,bandwidth,L2-t8,bw.enter,count,80000,512,8,8,10,10,4,5,8,77559.875,73264,105148.25,113975.25,116182,"AMD Ryzen 5 5600GT with Radeon Graphics","Null Device",False
2026-10-08T02:19:42.2983800Z,bandwidth,L2-t8,bw.bytype.leave,share,80000,512,8,8,10,10,4,5,8,0.01,0.01,0.014,0.015,0.015,"AMD Ryzen 5 5600GT with Radeon Graphics","Null Device",False
2026-10-08T02:19:42.2988560Z,bandwidth,L2-t8,bw.leave,count,80000,512,8,8,10,10,4,5,8,65540.5,60896,93141.35,102241.07,104516,"AMD Ryzen 5 5600GT with Radeon Graphics","Null Device",False
2026-10-08T02:19:42.2993190Z,bandwidth,L2-t8,bw.bytype.explosion,share,80000,512,8,8,10,10,4,5,8,0.006,0.006,0.006,0.006,0.006,"AMD Ryzen 5 5600GT with Radeon Graphics","Null Device",False
2026-10-08T02:19:42.2997670Z,bandwidth,L2-t8,bw.explosion,count,80000,512,8,8,10,10,4,5,8,23823.5,23535.5,25396.25,25408.85,25412,"AMD Ryzen 5 5600GT with Radeon Graphics","Null Device",False
2026-10-08T02:19:42.3003120Z,bandwidth,L2-t8,bw.bytype.fogdelta,share,80000,512,8,8,10,10,4,5,8,0.003,0.003,0.004,0.005,0.005,"AMD Ryzen 5 5600GT with Radeon Graphics","Null Device",False
2026-10-08T02:19:42.3008200Z,bandwidth,L2-t8,bw.fogdelta,count,80000,512,8,8,10,10,4,5,8,36779.375,33971.5,58635.6,66661.52,68668,"AMD Ryzen 5 5600GT with Radeon Graphics","Null Device",False
2026-10-08T02:19:42.3013920Z,bandwidth,L2-t8,bw.waypoints,waypoints,80000,512,8,8,10,10,4,5,1,14.076,14.076,14.076,14.076,14.076,"AMD Ryzen 5 5600GT with Radeon Graphics","Null Device",False
2026-10-08T02:19:42.3018490Z,bandwidth,L2-t8,bw.waypoints.smoothed,waypoints,80000,512,8,8,10,10,4,5,1,2.5,2.5,2.5,2.5,2.5,"AMD Ryzen 5 5600GT with Radeon Graphics","Null Device",False
2026-10-08T02:19:42.3023270Z,bandwidth,L2-t8,bw.waypoints.saved,share,80000,512,8,8,10,10,4,5,1,0.822,0.822,0.822,0.822,0.822,"AMD Ryzen 5 5600GT with Radeon Graphics","Null Device",False
2026-10-08T02:19:42.3050710Z,bandwidth,L2-t8,bw.units,units,80000,512,8,8,10,10,4,5,1,79964,79964,79964,79964,79964,"AMD Ryzen 5 5600GT with Radeon Graphics","Null Device",False
2026-10-08T02:19:42.3116460Z,bandwidth,L2-t8,bw.units.engaged,share,80000,512,8,8,10,10,4,5,1,0.077,0.077,0.077,0.077,0.077,"AMD Ryzen 5 5600GT with Radeon Graphics","Null Device",False
2026-10-08T02:19:42.3124970Z,bandwidth,L2-t8,bw.units.ordered,share,80000,512,8,8,10,10,4,5,1,0.971,0.971,0.971,0.971,0.971,"AMD Ryzen 5 5600GT with Radeon Graphics","Null Device",False
2026-10-08T02:19:42.3134810Z,bandwidth,L2-t8,bw.allowed,units,80000,512,8,8,10,10,4,5,1,12736,12736,12736,12736,12736,"AMD Ryzen 5 5600GT with Radeon Graphics","Null Device",False
2026-10-08T02:19:42.3142360Z,bandwidth,L2-t8,bw.corrections.perunit,corrections,80000,512,8,8,10,10,4,5,1,0.203,0.203,0.203,0.203,0.203,"AMD Ryzen 5 5600GT with Radeon Graphics","Null Device",False
2026-10-08T02:19:42.3155070Z,bandwidth,L2-t8,bw.error.all.mean,tiles,80000,512,8,8,10,10,4,5,1,0.057,0.057,0.057,0.057,0.057,"AMD Ryzen 5 5600GT with Radeon Graphics","Null Device",False
2026-10-08T02:19:42.3163230Z,bandwidth,L2-t8,bw.error.all.p50,tiles,80000,512,8,8,10,10,4,5,1,0.063,0.063,0.063,0.063,0.063,"AMD Ryzen 5 5600GT with Radeon Graphics","Null Device",False
2026-10-08T02:19:42.3168840Z,bandwidth,L2-t8,bw.error.all.p95,tiles,80000,512,8,8,10,10,4,5,1,0.156,0.156,0.156,0.156,0.156,"AMD Ryzen 5 5600GT with Radeon Graphics","Null Device",False
2026-10-08T02:19:42.3173980Z,bandwidth,L2-t8,bw.error.all.p99,tiles,80000,512,8,8,10,10,4,5,1,0.234,0.234,0.234,0.234,0.234,"AMD Ryzen 5 5600GT with Radeon Graphics","Null Device",False
2026-10-08T02:19:42.3179840Z,bandwidth,L2-t8,bw.error.view.mean,tiles,80000,512,8,8,10,10,4,5,1,0.057,0.057,0.057,0.057,0.057,"AMD Ryzen 5 5600GT with Radeon Graphics","Null Device",False
2026-10-08T02:19:42.3186630Z,bandwidth,L2-t8,bw.error.view.p50,tiles,80000,512,8,8,10,10,4,5,1,0.063,0.063,0.063,0.063,0.063,"AMD Ryzen 5 5600GT with Radeon Graphics","Null Device",False
2026-10-08T02:19:42.3193480Z,bandwidth,L2-t8,bw.error.view.p95,tiles,80000,512,8,8,10,10,4,5,1,0.156,0.156,0.156,0.156,0.156,"AMD Ryzen 5 5600GT with Radeon Graphics","Null Device",False
2026-10-08T02:19:42.3200120Z,bandwidth,L2-t8,bw.error.view.p99,tiles,80000,512,8,8,10,10,4,5,1,0.234,0.234,0.234,0.234,0.234,"AMD Ryzen 5 5600GT with Radeon Graphics","Null Device",False
2026-10-08T02:19:42.3206930Z,bandwidth,L2-t8,bw.route.live,waypoints,80000,512,8,8,10,10,4,5,1,3552134,3552134,3552134,3552134,3552134,"AMD Ryzen 5 5600GT with Radeon Graphics","Null Device",False
2026-10-08T02:19:42.3213820Z,bandwidth,L2-t8,bw.route.arena,MB,80000,512,8,8,10,10,4,5,1,32,32,32,32,32,"AMD Ryzen 5 5600GT with Radeon Graphics","Null Device",False
2026-10-08T02:19:46.0813790Z,bandwidth,L2view-t8,bw.snapshot.bytes,KB,80000,512,8,8,10,10,4,5,8,397.208,401.281,403.532,403.532,403.532,"AMD Ryzen 5 5600GT with Radeon Graphics","Null Device",False
2026-10-08T02:19:46.0915520Z,bandwidth,L2view-t8,bw.snapshot.wire,KB,80000,512,8,8,10,10,4,5,8,414.873,419.137,421.464,421.464,421.464,"AMD Ryzen 5 5600GT with Radeon Graphics","Null Device",False
2026-10-08T02:19:46.0920790Z,bandwidth,L2view-t8,bw.snapshot.units,units,80000,512,8,8,10,10,4,5,8,20000,20000,20000,20000,20000,"AMD Ryzen 5 5600GT with Radeon Graphics","Null Device",False
2026-10-08T02:19:46.0925980Z,bandwidth,L2view-t8,bw.snapshot.seconds,s,80000,512,8,8,10,10,4,5,8,1.621,1.637,1.646,1.646,1.646,"AMD Ryzen 5 5600GT with Radeon Graphics","Null Device",False
2026-10-08T02:20:54.9171060Z,bandwidth,L2view-t8,bw.avg,KB/s,80000,512,8,8,10,10,4,5,8,193.634,196.38,202.334,202.62,202.692,"AMD Ryzen 5 5600GT with Radeon Graphics","Null Device",False
2026-10-08T02:20:54.9176800Z,bandwidth,L2view-t8,bw.peak1s,KB/s,80000,512,8,8,10,10,4,5,8,315.935,310.751,346.529,347.844,348.173,"AMD Ryzen 5 5600GT with Radeon Graphics","Null Device",False
2026-10-08T02:20:54.9181450Z,bandwidth,L2view-t8,bw.wire.avg,KB/s,80000,512,8,8,10,10,4,5,8,208.753,211.752,217.964,218.851,219.073,"AMD Ryzen 5 5600GT with Radeon Graphics","Null Device",False
2026-10-08T02:20:54.9186310Z,bandwidth,L2view-t8,bw.wire.peak1s,KB/s,80000,512,8,8,10,10,4,5,8,336.426,330.968,369.559,371.214,371.628,"AMD Ryzen 5 5600GT with Radeon Graphics","Null Device",False
2026-10-08T02:20:54.9190730Z,bandwidth,L2view-t8,bw.encode.ms,ms,80000,512,8,8,10,10,4,5,1200,20.905,20.807,30.356,38.666,60.608,"AMD Ryzen 5 5600GT with Radeon Graphics","Null Device",False
2026-10-08T02:20:54.9199730Z,bandwidth,L2view-t8,bw.interest.ms,ms,80000,512,8,8,10,10,4,5,1200,5.312,5.171,6.279,7.4,14.849,"AMD Ryzen 5 5600GT with Radeon Graphics","Null Device",False
2026-10-08T02:20:54.9210500Z,bandwidth,L2view-t8,bw.routes.ms,ms,80000,512,8,8,10,10,4,5,1200,1.728,1.174,2.204,23.47,56.148,"AMD Ryzen 5 5600GT with Radeon Graphics","Null Device",False
2026-10-08T02:20:54.9219740Z,bandwidth,L2view-t8,bw.routes.deferred,units,80000,512,8,8,10,10,4,5,1200,0,0,0,0,0,"AMD Ryzen 5 5600GT with Radeon Graphics","Null Device",False
2026-10-08T02:20:54.9240330Z,bandwidth,L2view-t8,bw.bytype.moveorder,share,80000,512,8,8,10,10,4,5,8,0.093,0.092,0.112,0.118,0.12,"AMD Ryzen 5 5600GT with Radeon Graphics","Null Device",False
2026-10-08T02:20:54.9245570Z,bandwidth,L2view-t8,bw.moveorder,count,80000,512,8,8,10,10,4,5,8,25839.75,25710.5,26645.85,26833.17,26880,"AMD Ryzen 5 5600GT with Radeon Graphics","Null Device",False
2026-10-08T02:20:54.9251310Z,bandwidth,L2view-t8,bw.bytype.correction,share,80000,512,8,8,10,10,4,5,8,0.589,0.574,0.7,0.714,0.717,"AMD Ryzen 5 5600GT with Radeon Graphics","Null Device",False
2026-10-08T02:20:54.9256560Z,bandwidth,L2view-t8,bw.correction,count,80000,512,8,8,10,10,4,5,8,1738256.875,1688020,2081085.55,2085595.51,2086723,"AMD Ryzen 5 5600GT with Radeon Graphics","Null Device",False
2026-10-08T02:20:54.9262620Z,bandwidth,L2view-t8,bw.bytype.health,share,80000,512,8,8,10,10,4,5,8,0.028,0.027,0.031,0.032,0.032,"AMD Ryzen 5 5600GT with Radeon Graphics","Null Device",False
2026-10-08T02:20:54.9267550Z,bandwidth,L2view-t8,bw.health,count,80000,512,8,8,10,10,4,5,8,154873.75,154123,165548.15,165584.83,165594,"AMD Ryzen 5 5600GT with Radeon Graphics","Null Device",False
2026-10-08T02:20:54.9272480Z,bandwidth,L2view-t8,bw.bytype.enter,share,80000,512,8,8,10,10,4,5,8,0.263,0.264,0.373,0.4,0.406,"AMD Ryzen 5 5600GT with Radeon Graphics","Null Device",False
2026-10-08T02:20:54.9277090Z,bandwidth,L2view-t8,bw.enter,count,80000,512,8,8,10,10,4,5,8,77559.875,73264,105148.25,113975.25,116182,"AMD Ryzen 5 5600GT with Radeon Graphics","Null Device",False
2026-10-08T02:20:54.9282010Z,bandwidth,L2view-t8,bw.bytype.leave,share,80000,512,8,8,10,10,4,5,8,0.015,0.014,0.02,0.022,0.022,"AMD Ryzen 5 5600GT with Radeon Graphics","Null Device",False
2026-10-08T02:20:54.9286600Z,bandwidth,L2view-t8,bw.leave,count,80000,512,8,8,10,10,4,5,8,65540.5,60896,93141.35,102241.07,104516,"AMD Ryzen 5 5600GT with Radeon Graphics","Null Device",False
2026-10-08T02:20:54.9291250Z,bandwidth,L2view-t8,bw.bytype.explosion,share,80000,512,8,8,10,10,4,5,8,0.008,0.008,0.009,0.009,0.009,"AMD Ryzen 5 5600GT with Radeon Graphics","Null Device",False
2026-10-08T02:20:54.9296000Z,bandwidth,L2view-t8,bw.explosion,count,80000,512,8,8,10,10,4,5,8,23823.5,23535.5,25396.25,25408.85,25412,"AMD Ryzen 5 5600GT with Radeon Graphics","Null Device",False
2026-10-08T02:20:54.9300690Z,bandwidth,L2view-t8,bw.bytype.fogdelta,share,80000,512,8,8,10,10,4,5,8,0.004,0.004,0.007,0.007,0.007,"AMD Ryzen 5 5600GT with Radeon Graphics","Null Device",False
2026-10-08T02:20:54.9305450Z,bandwidth,L2view-t8,bw.fogdelta,count,80000,512,8,8,10,10,4,5,8,36779.375,33971.5,58635.6,66661.52,68668,"AMD Ryzen 5 5600GT with Radeon Graphics","Null Device",False
2026-10-08T02:20:54.9310560Z,bandwidth,L2view-t8,bw.waypoints,waypoints,80000,512,8,8,10,10,4,5,1,14.076,14.076,14.076,14.076,14.076,"AMD Ryzen 5 5600GT with Radeon Graphics","Null Device",False
2026-10-08T02:20:54.9315400Z,bandwidth,L2view-t8,bw.waypoints.smoothed,waypoints,80000,512,8,8,10,10,4,5,1,2.5,2.5,2.5,2.5,2.5,"AMD Ryzen 5 5600GT with Radeon Graphics","Null Device",False
2026-10-08T02:20:54.9320330Z,bandwidth,L2view-t8,bw.waypoints.saved,share,80000,512,8,8,10,10,4,5,1,0.822,0.822,0.822,0.822,0.822,"AMD Ryzen 5 5600GT with Radeon Graphics","Null Device",False
2026-10-08T02:20:54.9352120Z,bandwidth,L2view-t8,bw.units,units,80000,512,8,8,10,10,4,5,1,79964,79964,79964,79964,79964,"AMD Ryzen 5 5600GT with Radeon Graphics","Null Device",False
2026-10-08T02:20:54.9398610Z,bandwidth,L2view-t8,bw.units.engaged,share,80000,512,8,8,10,10,4,5,1,0.077,0.077,0.077,0.077,0.077,"AMD Ryzen 5 5600GT with Radeon Graphics","Null Device",False
2026-10-08T02:20:54.9404060Z,bandwidth,L2view-t8,bw.units.ordered,share,80000,512,8,8,10,10,4,5,1,0.971,0.971,0.971,0.971,0.971,"AMD Ryzen 5 5600GT with Radeon Graphics","Null Device",False
2026-10-08T02:20:54.9410840Z,bandwidth,L2view-t8,bw.allowed,units,80000,512,8,8,10,10,4,5,1,12736,12736,12736,12736,12736,"AMD Ryzen 5 5600GT with Radeon Graphics","Null Device",False
2026-10-08T02:20:54.9415720Z,bandwidth,L2view-t8,bw.corrections.perunit,corrections,80000,512,8,8,10,10,4,5,1,0.102,0.102,0.102,0.102,0.102,"AMD Ryzen 5 5600GT with Radeon Graphics","Null Device",False
2026-10-08T02:20:54.9425410Z,bandwidth,L2view-t8,bw.error.all.mean,tiles,80000,512,8,8,10,10,4,5,1,0.139,0.139,0.139,0.139,0.139,"AMD Ryzen 5 5600GT with Radeon Graphics","Null Device",False
2026-10-08T02:20:54.9431070Z,bandwidth,L2view-t8,bw.error.all.p50,tiles,80000,512,8,8,10,10,4,5,1,0.063,0.063,0.063,0.063,0.063,"AMD Ryzen 5 5600GT with Radeon Graphics","Null Device",False
2026-10-08T02:20:54.9436030Z,bandwidth,L2view-t8,bw.error.all.p95,tiles,80000,512,8,8,10,10,4,5,1,0.844,0.844,0.844,0.844,0.844,"AMD Ryzen 5 5600GT with Radeon Graphics","Null Device",False
2026-10-08T02:20:54.9440460Z,bandwidth,L2view-t8,bw.error.all.p99,tiles,80000,512,8,8,10,10,4,5,1,1.719,1.719,1.719,1.719,1.719,"AMD Ryzen 5 5600GT with Radeon Graphics","Null Device",False
2026-10-08T02:20:54.9445200Z,bandwidth,L2view-t8,bw.error.view.mean,tiles,80000,512,8,8,10,10,4,5,1,0.057,0.057,0.057,0.057,0.057,"AMD Ryzen 5 5600GT with Radeon Graphics","Null Device",False
2026-10-08T02:20:54.9449500Z,bandwidth,L2view-t8,bw.error.view.p50,tiles,80000,512,8,8,10,10,4,5,1,0.063,0.063,0.063,0.063,0.063,"AMD Ryzen 5 5600GT with Radeon Graphics","Null Device",False
2026-10-08T02:20:54.9454300Z,bandwidth,L2view-t8,bw.error.view.p95,tiles,80000,512,8,8,10,10,4,5,1,0.156,0.156,0.156,0.156,0.156,"AMD Ryzen 5 5600GT with Radeon Graphics","Null Device",False
2026-10-08T02:20:54.9458800Z,bandwidth,L2view-t8,bw.error.view.p99,tiles,80000,512,8,8,10,10,4,5,1,0.234,0.234,0.234,0.234,0.234,"AMD Ryzen 5 5600GT with Radeon Graphics","Null Device",False
2026-10-08T02:20:54.9463440Z,bandwidth,L2view-t8,bw.route.live,waypoints,80000,512,8,8,10,10,4,5,1,3552134,3552134,3552134,3552134,3552134,"AMD Ryzen 5 5600GT with Radeon Graphics","Null Device",False
2026-10-08T02:20:54.9467890Z,bandwidth,L2view-t8,bw.route.arena,MB,80000,512,8,8,10,10,4,5,1,32,32,32,32,32,"AMD Ryzen 5 5600GT with Radeon Graphics","Null Device",False
2026-10-08T02:20:58.6069820Z,bandwidth,L2bud-t8,bw.snapshot.bytes,KB,80000,512,8,8,10,10,4,5,8,397.208,401.281,403.532,403.532,403.532,"AMD Ryzen 5 5600GT with Radeon Graphics","Null Device",False
2026-10-08T02:20:58.6168380Z,bandwidth,L2bud-t8,bw.snapshot.wire,KB,80000,512,8,8,10,10,4,5,8,414.873,419.137,421.464,421.464,421.464,"AMD Ryzen 5 5600GT with Radeon Graphics","Null Device",False
2026-10-08T02:20:58.6173600Z,bandwidth,L2bud-t8,bw.snapshot.units,units,80000,512,8,8,10,10,4,5,8,20000,20000,20000,20000,20000,"AMD Ryzen 5 5600GT with Radeon Graphics","Null Device",False
2026-10-08T02:20:58.6178610Z,bandwidth,L2bud-t8,bw.snapshot.seconds,s,80000,512,8,8,10,10,4,5,8,1.621,1.637,1.646,1.646,1.646,"AMD Ryzen 5 5600GT with Radeon Graphics","Null Device",False
2026-10-08T02:22:14.1682560Z,bandwidth,L2bud-t8,bw.avg,KB/s,80000,512,8,8,10,10,4,5,8,97.36,96.265,109.257,110.379,110.659,"AMD Ryzen 5 5600GT with Radeon Graphics","Null Device",False
2026-10-08T02:22:14.1687940Z,bandwidth,L2bud-t8,bw.peak1s,KB/s,80000,512,8,8,10,10,4,5,8,199.427,201.903,208.916,209.151,209.21,"AMD Ryzen 5 5600GT with Radeon Graphics","Null Device",False
2026-10-08T02:22:14.1692540Z,bandwidth,L2bud-t8,bw.wire.avg,KB/s,80000,512,8,8,10,10,4,5,8,103.904,102.747,115.683,116.607,116.838,"AMD Ryzen 5 5600GT with Radeon Graphics","Null Device",False
2026-10-08T02:22:14.1696880Z,bandwidth,L2bud-t8,bw.wire.peak1s,KB/s,80000,512,8,8,10,10,4,5,8,209.108,211.63,218.974,219.21,219.27,"AMD Ryzen 5 5600GT with Radeon Graphics","Null Device",False
2026-10-08T02:22:14.1701500Z,bandwidth,L2bud-t8,bw.encode.ms,ms,80000,512,8,8,10,10,4,5,1200,33.083,32.83,49.976,55.039,84.853,"AMD Ryzen 5 5600GT with Radeon Graphics","Null Device",False
2026-10-08T02:22:14.1710840Z,bandwidth,L2bud-t8,bw.interest.ms,ms,80000,512,8,8,10,10,4,5,1200,4.978,4.922,5.427,5.781,6.733,"AMD Ryzen 5 5600GT with Radeon Graphics","Null Device",False
2026-10-08T02:22:14.1723970Z,bandwidth,L2bud-t8,bw.routes.ms,ms,80000,512,8,8,10,10,4,5,1200,1.519,1.028,1.582,22.757,55.092,"AMD Ryzen 5 5600GT with Radeon Graphics","Null Device",False
2026-10-08T02:22:14.1733320Z,bandwidth,L2bud-t8,bw.routes.deferred,units,80000,512,8,8,10,10,4,5,1200,0,0,0,0,0,"AMD Ryzen 5 5600GT with Radeon Graphics","Null Device",False
2026-10-08T02:22:14.1753130Z,bandwidth,L2bud-t8,bw.bytype.moveorder,share,80000,512,8,8,10,10,4,5,8,0.178,0.178,0.211,0.217,0.218,"AMD Ryzen 5 5600GT with Radeon Graphics","Null Device",False
2026-10-08T02:22:14.1757860Z,bandwidth,L2bud-t8,bw.moveorder,count,80000,512,8,8,10,10,4,5,8,25839.75,25710.5,26645.85,26833.17,26880,"AMD Ryzen 5 5600GT with Radeon Graphics","Null Device",False
2026-10-08T02:22:14.1762570Z,bandwidth,L2bud-t8,bw.bytype.correction,share,80000,512,8,8,10,10,4,5,8,0.215,0.204,0.367,0.399,0.407,"AMD Ryzen 5 5600GT with Radeon Graphics","Null Device",False
2026-10-08T02:22:14.1767160Z,bandwidth,L2bud-t8,bw.correction,count,80000,512,8,8,10,10,4,5,8,277383.25,258271,464190.65,502802.93,512456,"AMD Ryzen 5 5600GT with Radeon Graphics","Null Device",False
2026-10-08T02:22:14.1771470Z,bandwidth,L2bud-t8,bw.bytype.health,share,80000,512,8,8,10,10,4,5,8,0.054,0.054,0.058,0.059,0.059,"AMD Ryzen 5 5600GT with Radeon Graphics","Null Device",False
2026-10-08T02:22:14.1775810Z,bandwidth,L2bud-t8,bw.health,count,80000,512,8,8,10,10,4,5,8,154873.75,154123,165548.15,165584.83,165594,"AMD Ryzen 5 5600GT with Radeon Graphics","Null Device",False
2026-10-08T02:22:14.1780040Z,bandwidth,L2bud-t8,bw.bytype.enter,share,80000,512,8,8,10,10,4,5,8,0.501,0.499,0.668,0.711,0.722,"AMD Ryzen 5 5600GT with Radeon Graphics","Null Device",False
2026-10-08T02:22:14.1784660Z,bandwidth,L2bud-t8,bw.enter,count,80000,512,8,8,10,10,4,5,8,77559.875,73264,105148.25,113975.25,116182,"AMD Ryzen 5 5600GT with Radeon Graphics","Null Device",False
2026-10-08T02:22:14.1788960Z,bandwidth,L2bud-t8,bw.bytype.leave,share,80000,512,8,8,10,10,4,5,8,0.028,0.027,0.036,0.039,0.04,"AMD Ryzen 5 5600GT with Radeon Graphics","Null Device",False
2026-10-08T02:22:14.1793310Z,bandwidth,L2bud-t8,bw.leave,count,80000,512,8,8,10,10,4,5,8,65540.5,60896,93141.35,102241.07,104516,"AMD Ryzen 5 5600GT with Radeon Graphics","Null Device",False
2026-10-08T02:22:14.1797660Z,bandwidth,L2bud-t8,bw.bytype.explosion,share,80000,512,8,8,10,10,4,5,8,0.015,0.016,0.017,0.017,0.017,"AMD Ryzen 5 5600GT with Radeon Graphics","Null Device",False
2026-10-08T02:22:14.1801950Z,bandwidth,L2bud-t8,bw.explosion,count,80000,512,8,8,10,10,4,5,8,23823.5,23535.5,25396.25,25408.85,25412,"AMD Ryzen 5 5600GT with Radeon Graphics","Null Device",False
2026-10-08T02:22:14.1806200Z,bandwidth,L2bud-t8,bw.bytype.fogdelta,share,80000,512,8,8,10,10,4,5,8,0.008,0.008,0.012,0.013,0.013,"AMD Ryzen 5 5600GT with Radeon Graphics","Null Device",False
2026-10-08T02:22:14.1810390Z,bandwidth,L2bud-t8,bw.fogdelta,count,80000,512,8,8,10,10,4,5,8,36779.375,33971.5,58635.6,66661.52,68668,"AMD Ryzen 5 5600GT with Radeon Graphics","Null Device",False
2026-10-08T02:22:14.1814690Z,bandwidth,L2bud-t8,bw.waypoints,waypoints,80000,512,8,8,10,10,4,5,1,14.076,14.076,14.076,14.076,14.076,"AMD Ryzen 5 5600GT with Radeon Graphics","Null Device",False
2026-10-08T02:22:14.1819470Z,bandwidth,L2bud-t8,bw.waypoints.smoothed,waypoints,80000,512,8,8,10,10,4,5,1,2.5,2.5,2.5,2.5,2.5,"AMD Ryzen 5 5600GT with Radeon Graphics","Null Device",False
2026-10-08T02:22:14.1823800Z,bandwidth,L2bud-t8,bw.waypoints.saved,share,80000,512,8,8,10,10,4,5,1,0.822,0.822,0.822,0.822,0.822,"AMD Ryzen 5 5600GT with Radeon Graphics","Null Device",False
2026-10-08T02:22:14.1850800Z,bandwidth,L2bud-t8,bw.units,units,80000,512,8,8,10,10,4,5,1,79964,79964,79964,79964,79964,"AMD Ryzen 5 5600GT with Radeon Graphics","Null Device",False
2026-10-08T02:22:14.1893800Z,bandwidth,L2bud-t8,bw.units.engaged,share,80000,512,8,8,10,10,4,5,1,0.077,0.077,0.077,0.077,0.077,"AMD Ryzen 5 5600GT with Radeon Graphics","Null Device",False
2026-10-08T02:22:14.1898520Z,bandwidth,L2bud-t8,bw.units.ordered,share,80000,512,8,8,10,10,4,5,1,0.971,0.971,0.971,0.971,0.971,"AMD Ryzen 5 5600GT with Radeon Graphics","Null Device",False
2026-10-08T02:22:14.1904930Z,bandwidth,L2bud-t8,bw.allowed,units,80000,512,8,8,10,10,4,5,1,12736,12736,12736,12736,12736,"AMD Ryzen 5 5600GT with Radeon Graphics","Null Device",False
2026-10-08T02:22:14.1909530Z,bandwidth,L2bud-t8,bw.corrections.perunit,corrections,80000,512,8,8,10,10,4,5,1,0.018,0.018,0.018,0.018,0.018,"AMD Ryzen 5 5600GT with Radeon Graphics","Null Device",False
2026-10-08T02:22:14.1918010Z,bandwidth,L2bud-t8,bw.error.all.mean,tiles,80000,512,8,8,10,10,4,5,1,8.084,8.084,8.084,8.084,8.084,"AMD Ryzen 5 5600GT with Radeon Graphics","Null Device",False
2026-10-08T02:22:14.1923470Z,bandwidth,L2bud-t8,bw.error.all.p50,tiles,80000,512,8,8,10,10,4,5,1,3.453,3.453,3.453,3.453,3.453,"AMD Ryzen 5 5600GT with Radeon Graphics","Null Device",False
2026-10-08T02:22:14.1928450Z,bandwidth,L2bud-t8,bw.error.all.p95,tiles,80000,512,8,8,10,10,4,5,1,32.016,32.016,32.016,32.016,32.016,"AMD Ryzen 5 5600GT with Radeon Graphics","Null Device",False
2026-10-08T02:22:14.1933120Z,bandwidth,L2bud-t8,bw.error.all.p99,tiles,80000,512,8,8,10,10,4,5,1,32.016,32.016,32.016,32.016,32.016,"AMD Ryzen 5 5600GT with Radeon Graphics","Null Device",False
2026-10-08T02:22:14.1937610Z,bandwidth,L2bud-t8,bw.error.view.mean,tiles,80000,512,8,8,10,10,4,5,1,8.084,8.084,8.084,8.084,8.084,"AMD Ryzen 5 5600GT with Radeon Graphics","Null Device",False
2026-10-08T02:22:14.1941950Z,bandwidth,L2bud-t8,bw.error.view.p50,tiles,80000,512,8,8,10,10,4,5,1,3.453,3.453,3.453,3.453,3.453,"AMD Ryzen 5 5600GT with Radeon Graphics","Null Device",False
2026-10-08T02:22:14.1946820Z,bandwidth,L2bud-t8,bw.error.view.p95,tiles,80000,512,8,8,10,10,4,5,1,32.016,32.016,32.016,32.016,32.016,"AMD Ryzen 5 5600GT with Radeon Graphics","Null Device",False
2026-10-08T02:22:14.1951140Z,bandwidth,L2bud-t8,bw.error.view.p99,tiles,80000,512,8,8,10,10,4,5,1,32.016,32.016,32.016,32.016,32.016,"AMD Ryzen 5 5600GT with Radeon Graphics","Null Device",False
2026-10-08T02:22:14.1955570Z,bandwidth,L2bud-t8,bw.route.live,waypoints,80000,512,8,8,10,10,4,5,1,3552134,3552134,3552134,3552134,3552134,"AMD Ryzen 5 5600GT with Radeon Graphics","Null Device",False
2026-10-08T02:22:14.1959880Z,bandwidth,L2bud-t8,bw.route.arena,MB,80000,512,8,8,10,10,4,5,1,32,32,32,32,32,"AMD Ryzen 5 5600GT with Radeon Graphics","Null Device",False
2026-10-08T02:22:17.8089470Z,bandwidth,L2viewbud-t8,bw.snapshot.bytes,KB,80000,512,8,8,10,10,4,5,8,397.208,401.281,403.532,403.532,403.532,"AMD Ryzen 5 5600GT with Radeon Graphics","Null Device",False
2026-10-08T02:22:17.8183060Z,bandwidth,L2viewbud-t8,bw.snapshot.wire,KB,80000,512,8,8,10,10,4,5,8,414.873,419.137,421.464,421.464,421.464,"AMD Ryzen 5 5600GT with Radeon Graphics","Null Device",False
2026-10-08T02:22:17.8188150Z,bandwidth,L2viewbud-t8,bw.snapshot.units,units,80000,512,8,8,10,10,4,5,8,20000,20000,20000,20000,20000,"AMD Ryzen 5 5600GT with Radeon Graphics","Null Device",False
2026-10-08T02:22:17.8192930Z,bandwidth,L2viewbud-t8,bw.snapshot.seconds,s,80000,512,8,8,10,10,4,5,8,1.621,1.637,1.646,1.646,1.646,"AMD Ryzen 5 5600GT with Radeon Graphics","Null Device",False
2026-10-08T02:23:22.8442690Z,bandwidth,L2viewbud-t8,bw.avg,KB/s,80000,512,8,8,10,10,4,5,8,97.048,95.581,109.153,110.33,110.625,"AMD Ryzen 5 5600GT with Radeon Graphics","Null Device",False
2026-10-08T02:23:22.8448480Z,bandwidth,L2viewbud-t8,bw.peak1s,KB/s,80000,512,8,8,10,10,4,5,8,199.427,201.903,208.916,209.151,209.21,"AMD Ryzen 5 5600GT with Radeon Graphics","Null Device",False
2026-10-08T02:23:22.8453760Z,bandwidth,L2viewbud-t8,bw.wire.avg,KB/s,80000,512,8,8,10,10,4,5,8,103.565,102.003,115.57,116.555,116.802,"AMD Ryzen 5 5600GT with Radeon Graphics","Null Device",False
2026-10-08T02:23:22.8458510Z,bandwidth,L2viewbud-t8,bw.wire.peak1s,KB/s,80000,512,8,8,10,10,4,5,8,209.108,211.63,218.974,219.21,219.27,"AMD Ryzen 5 5600GT with Radeon Graphics","Null Device",False
2026-10-08T02:23:22.8463310Z,bandwidth,L2viewbud-t8,bw.encode.ms,ms,80000,512,8,8,10,10,4,5,1200,24.753,25.257,32.608,35.53,59.474,"AMD Ryzen 5 5600GT with Radeon Graphics","Null Device",False
2026-10-08T02:23:22.8472960Z,bandwidth,L2viewbud-t8,bw.interest.ms,ms,80000,512,8,8,10,10,4,5,1200,4.99,4.923,5.652,6.007,6.223,"AMD Ryzen 5 5600GT with Radeon Graphics","Null Device",False
2026-10-08T02:23:22.8482510Z,bandwidth,L2viewbud-t8,bw.routes.ms,ms,80000,512,8,8,10,10,4,5,1200,1.481,1.013,1.493,22.53,51.597,"AMD Ryzen 5 5600GT with Radeon Graphics","Null Device",False
2026-10-08T02:23:22.8492280Z,bandwidth,L2viewbud-t8,bw.routes.deferred,units,80000,512,8,8,10,10,4,5,1200,0,0,0,0,0,"AMD Ryzen 5 5600GT with Radeon Graphics","Null Device",False
2026-10-08T02:23:22.8515640Z,bandwidth,L2viewbud-t8,bw.bytype.moveorder,share,80000,512,8,8,10,10,4,5,8,0.179,0.178,0.213,0.219,0.22,"AMD Ryzen 5 5600GT with Radeon Graphics","Null Device",False
2026-10-08T02:23:22.8523350Z,bandwidth,L2viewbud-t8,bw.moveorder,count,80000,512,8,8,10,10,4,5,8,25839.75,25710.5,26645.85,26833.17,26880,"AMD Ryzen 5 5600GT with Radeon Graphics","Null Device",False
2026-10-08T02:23:22.8528630Z,bandwidth,L2viewbud-t8,bw.bytype.correction,share,80000,512,8,8,10,10,4,5,8,0.213,0.198,0.366,0.398,0.406,"AMD Ryzen 5 5600GT with Radeon Graphics","Null Device",False
2026-10-08T02:23:22.8534080Z,bandwidth,L2viewbud-t8,bw.correction,count,80000,512,8,8,10,10,4,5,8,287822.25,274283.5,468385.75,505036.35,514199,"AMD Ryzen 5 5600GT with Radeon Graphics","Null Device",False
2026-10-08T02:23:22.8538680Z,bandwidth,L2viewbud-t8,bw.bytype.health,share,80000,512,8,8,10,10,4,5,8,0.054,0.055,0.059,0.059,0.059,"AMD Ryzen 5 5600GT with Radeon Graphics","Null Device",False
2026-10-08T02:23:22.8543250Z,bandwidth,L2viewbud-t8,bw.health,count,80000,512,8,8,10,10,4,5,8,154873.75,154123,165548.15,165584.83,165594,"AMD Ryzen 5 5600GT with Radeon Graphics","Null Device",False
2026-10-08T02:23:22.8547620Z,bandwidth,L2viewbud-t8,bw.bytype.enter,share,80000,512,8,8,10,10,4,5,8,0.503,0.501,0.668,0.711,0.722,"AMD Ryzen 5 5600GT with Radeon Graphics","Null Device",False
2026-10-08T02:23:22.8552070Z,bandwidth,L2viewbud-t8,bw.enter,count,80000,512,8,8,10,10,4,5,8,77559.875,73264,105148.25,113975.25,116182,"AMD Ryzen 5 5600GT with Radeon Graphics","Null Device",False
2026-10-08T02:23:22.8556430Z,bandwidth,L2viewbud-t8,bw.bytype.leave,share,80000,512,8,8,10,10,4,5,8,0.028,0.028,0.036,0.039,0.04,"AMD Ryzen 5 5600GT with Radeon Graphics","Null Device",False
2026-10-08T02:23:22.8560610Z,bandwidth,L2viewbud-t8,bw.leave,count,80000,512,8,8,10,10,4,5,8,65540.5,60896,93141.35,102241.07,104516,"AMD Ryzen 5 5600GT with Radeon Graphics","Null Device",False
2026-10-08T02:23:22.8564990Z,bandwidth,L2viewbud-t8,bw.bytype.explosion,share,80000,512,8,8,10,10,4,5,8,0.015,0.016,0.017,0.017,0.017,"AMD Ryzen 5 5600GT with Radeon Graphics","Null Device",False
2026-10-08T02:23:22.8569850Z,bandwidth,L2viewbud-t8,bw.explosion,count,80000,512,8,8,10,10,4,5,8,23823.5,23535.5,25396.25,25408.85,25412,"AMD Ryzen 5 5600GT with Radeon Graphics","Null Device",False
2026-10-08T02:23:22.8576700Z,bandwidth,L2viewbud-t8,bw.bytype.fogdelta,share,80000,512,8,8,10,10,4,5,8,0.008,0.008,0.012,0.013,0.013,"AMD Ryzen 5 5600GT with Radeon Graphics","Null Device",False
2026-10-08T02:23:22.8583580Z,bandwidth,L2viewbud-t8,bw.fogdelta,count,80000,512,8,8,10,10,4,5,8,36779.375,33971.5,58635.6,66661.52,68668,"AMD Ryzen 5 5600GT with Radeon Graphics","Null Device",False
2026-10-08T02:23:22.8589880Z,bandwidth,L2viewbud-t8,bw.waypoints,waypoints,80000,512,8,8,10,10,4,5,1,14.076,14.076,14.076,14.076,14.076,"AMD Ryzen 5 5600GT with Radeon Graphics","Null Device",False
2026-10-08T02:23:22.8594630Z,bandwidth,L2viewbud-t8,bw.waypoints.smoothed,waypoints,80000,512,8,8,10,10,4,5,1,2.5,2.5,2.5,2.5,2.5,"AMD Ryzen 5 5600GT with Radeon Graphics","Null Device",False
2026-10-08T02:23:22.8598880Z,bandwidth,L2viewbud-t8,bw.waypoints.saved,share,80000,512,8,8,10,10,4,5,1,0.822,0.822,0.822,0.822,0.822,"AMD Ryzen 5 5600GT with Radeon Graphics","Null Device",False
2026-10-08T02:23:22.8625740Z,bandwidth,L2viewbud-t8,bw.units,units,80000,512,8,8,10,10,4,5,1,79964,79964,79964,79964,79964,"AMD Ryzen 5 5600GT with Radeon Graphics","Null Device",False
2026-10-08T02:23:22.8672870Z,bandwidth,L2viewbud-t8,bw.units.engaged,share,80000,512,8,8,10,10,4,5,1,0.077,0.077,0.077,0.077,0.077,"AMD Ryzen 5 5600GT with Radeon Graphics","Null Device",False
2026-10-08T02:23:22.8678060Z,bandwidth,L2viewbud-t8,bw.units.ordered,share,80000,512,8,8,10,10,4,5,1,0.971,0.971,0.971,0.971,0.971,"AMD Ryzen 5 5600GT with Radeon Graphics","Null Device",False
2026-10-08T02:23:22.8684360Z,bandwidth,L2viewbud-t8,bw.allowed,units,80000,512,8,8,10,10,4,5,1,12736,12736,12736,12736,12736,"AMD Ryzen 5 5600GT with Radeon Graphics","Null Device",False
2026-10-08T02:23:22.8689030Z,bandwidth,L2viewbud-t8,bw.corrections.perunit,corrections,80000,512,8,8,10,10,4,5,1,0.019,0.019,0.019,0.019,0.019,"AMD Ryzen 5 5600GT with Radeon Graphics","Null Device",False
2026-10-08T02:23:22.8698610Z,bandwidth,L2viewbud-t8,bw.error.all.mean,tiles,80000,512,8,8,10,10,4,5,1,11.553,11.553,11.553,11.553,11.553,"AMD Ryzen 5 5600GT with Radeon Graphics","Null Device",False
2026-10-08T02:23:22.8704130Z,bandwidth,L2viewbud-t8,bw.error.all.p50,tiles,80000,512,8,8,10,10,4,5,1,4.844,4.844,4.844,4.844,4.844,"AMD Ryzen 5 5600GT with Radeon Graphics","Null Device",False
2026-10-08T02:23:22.8709050Z,bandwidth,L2viewbud-t8,bw.error.all.p95,tiles,80000,512,8,8,10,10,4,5,1,32.016,32.016,32.016,32.016,32.016,"AMD Ryzen 5 5600GT with Radeon Graphics","Null Device",False
2026-10-08T02:23:22.8713520Z,bandwidth,L2viewbud-t8,bw.error.all.p99,tiles,80000,512,8,8,10,10,4,5,1,32.016,32.016,32.016,32.016,32.016,"AMD Ryzen 5 5600GT with Radeon Graphics","Null Device",False
2026-10-08T02:23:22.8717990Z,bandwidth,L2viewbud-t8,bw.error.view.mean,tiles,80000,512,8,8,10,10,4,5,1,4.517,4.517,4.517,4.517,4.517,"AMD Ryzen 5 5600GT with Radeon Graphics","Null Device",False
2026-10-08T02:23:22.8722300Z,bandwidth,L2viewbud-t8,bw.error.view.p50,tiles,80000,512,8,8,10,10,4,5,1,1.484,1.484,1.484,1.484,1.484,"AMD Ryzen 5 5600GT with Radeon Graphics","Null Device",False
2026-10-08T02:23:22.8726630Z,bandwidth,L2viewbud-t8,bw.error.view.p95,tiles,80000,512,8,8,10,10,4,5,1,28.922,28.922,28.922,28.922,28.922,"AMD Ryzen 5 5600GT with Radeon Graphics","Null Device",False
2026-10-08T02:23:22.8730820Z,bandwidth,L2viewbud-t8,bw.error.view.p99,tiles,80000,512,8,8,10,10,4,5,1,32.016,32.016,32.016,32.016,32.016,"AMD Ryzen 5 5600GT with Radeon Graphics","Null Device",False
2026-10-08T02:23:22.8735180Z,bandwidth,L2viewbud-t8,bw.route.live,waypoints,80000,512,8,8,10,10,4,5,1,3552134,3552134,3552134,3552134,3552134,"AMD Ryzen 5 5600GT with Radeon Graphics","Null Device",False
2026-10-08T02:23:22.8739510Z,bandwidth,L2viewbud-t8,bw.route.arena,MB,80000,512,8,8,10,10,4,5,1,32,32,32,32,32,"AMD Ryzen 5 5600GT with Radeon Graphics","Null Device",False
2026-10-08T02:23:26.5614280Z,bandwidth,base-t2,bw.snapshot.bytes,KB,80000,512,2,8,10,10,4,5,8,799.978,799.978,813.665,813.665,813.665,"AMD Ryzen 5 5600GT with Radeon Graphics","Null Device",False
2026-10-08T02:23:26.5714420Z,bandwidth,base-t2,bw.snapshot.wire,KB,80000,512,2,8,10,10,4,5,8,835.561,835.561,849.884,849.884,849.884,"AMD Ryzen 5 5600GT with Radeon Graphics","Null Device",False
2026-10-08T02:23:26.5719260Z,bandwidth,base-t2,bw.snapshot.units,units,80000,512,2,8,10,10,4,5,8,40000,40000,40000,40000,40000,"AMD Ryzen 5 5600GT with Radeon Graphics","Null Device",False
2026-10-08T02:23:26.5723960Z,bandwidth,base-t2,bw.snapshot.seconds,s,80000,512,2,8,10,10,4,5,8,3.264,3.264,3.32,3.32,3.32,"AMD Ryzen 5 5600GT with Radeon Graphics","Null Device",False
2026-10-08T02:25:32.8629130Z,bandwidth,base-t2,bw.avg,KB/s,80000,512,2,8,10,10,4,5,8,1863.075,1863.075,1922.314,1922.314,1922.314,"AMD Ryzen 5 5600GT with Radeon Graphics","Null Device",False
2026-10-08T02:25:32.8634600Z,bandwidth,base-t2,bw.peak1s,KB/s,80000,512,2,8,10,10,4,5,8,2232.327,2232.327,2241.204,2241.204,2241.204,"AMD Ryzen 5 5600GT with Radeon Graphics","Null Device",False
2026-10-08T02:25:32.8639150Z,bandwidth,base-t2,bw.wire.avg,KB/s,80000,512,2,8,10,10,4,5,8,2025.988,2025.988,2090.584,2090.584,2090.584,"AMD Ryzen 5 5600GT with Radeon Graphics","Null Device",False
2026-10-08T02:25:32.8643720Z,bandwidth,base-t2,bw.wire.peak1s,KB/s,80000,512,2,8,10,10,4,5,8,2429.344,2429.344,2438.094,2438.094,2438.094,"AMD Ryzen 5 5600GT with Radeon Graphics","Null Device",False
2026-10-08T02:25:32.8648140Z,bandwidth,base-t2,bw.encode.ms,ms,80000,512,2,8,10,10,4,5,1200,80.009,85.064,101.475,107.629,135.987,"AMD Ryzen 5 5600GT with Radeon Graphics","Null Device",False
2026-10-08T02:25:32.8657850Z,bandwidth,base-t2,bw.interest.ms,ms,80000,512,2,8,10,10,4,5,1200,2.207,2.146,2.585,3.171,3.457,"AMD Ryzen 5 5600GT with Radeon Graphics","Null Device",False
2026-10-08T02:25:32.8668720Z,bandwidth,base-t2,bw.routes.ms,ms,80000,512,2,8,10,10,4,5,1200,1.457,0.987,1.496,22.812,53.055,"AMD Ryzen 5 5600GT with Radeon Graphics","Null Device",False
2026-10-08T02:25:32.8678080Z,bandwidth,base-t2,bw.routes.deferred,units,80000,512,2,8,10,10,4,5,1200,0,0,0,0,0,"AMD Ryzen 5 5600GT with Radeon Graphics","Null Device",False
2026-10-08T02:25:32.8701320Z,bandwidth,base-t2,bw.bytype.moveorder,share,80000,512,2,8,10,10,4,5,8,0.031,0.031,0.032,0.032,0.032,"AMD Ryzen 5 5600GT with Radeon Graphics","Null Device",False
2026-10-08T02:25:32.8706690Z,bandwidth,base-t2,bw.moveorder,count,80000,512,2,8,10,10,4,5,8,74222.5,74222.5,74925,74925,74925,"AMD Ryzen 5 5600GT with Radeon Graphics","Null Device",False
2026-10-08T02:25:32.8711250Z,bandwidth,base-t2,bw.bytype.correction,share,80000,512,2,8,10,10,4,5,8,0.947,0.947,0.949,0.949,0.949,"AMD Ryzen 5 5600GT with Radeon Graphics","Null Device",False
2026-10-08T02:25:32.8716110Z,bandwidth,base-t2,bw.correction,count,80000,512,2,8,10,10,4,5,8,18068560.5,18068560.5,18671807,18671807,18671807,"AMD Ryzen 5 5600GT with Radeon Graphics","Null Device",False
2026-10-08T02:25:32.8720640Z,bandwidth,base-t2,bw.bytype.health,share,80000,512,2,8,10,10,4,5,8,0.006,0.006,0.006,0.006,0.006,"AMD Ryzen 5 5600GT with Radeon Graphics","Null Device",False
2026-10-08T02:25:32.8725000Z,bandwidth,base-t2,bw.health,count,80000,512,2,8,10,10,4,5,8,310000,310000,316727,316727,316727,"AMD Ryzen 5 5600GT with Radeon Graphics","Null Device",False
2026-10-08T02:25:32.8729340Z,bandwidth,base-t2,bw.bytype.enter,share,80000,512,2,8,10,10,4,5,8,0.013,0.013,0.013,0.013,0.013,"AMD Ryzen 5 5600GT with Radeon Graphics","Null Device",False
2026-10-08T02:25:32.8733780Z,bandwidth,base-t2,bw.enter,count,80000,512,2,8,10,10,4,5,8,87738,87738,88544,88544,88544,"AMD Ryzen 5 5600GT with Radeon Graphics","Null Device",False
2026-10-08T02:25:32.8738120Z,bandwidth,base-t2,bw.bytype.leave,share,80000,512,2,8,10,10,4,5,8,0.001,0.001,0.001,0.001,0.001,"AMD Ryzen 5 5600GT with Radeon Graphics","Null Device",False
2026-10-08T02:25:32.8742460Z,bandwidth,base-t2,bw.leave,count,80000,512,2,8,10,10,4,5,8,47756,47756,48571,48571,48571,"AMD Ryzen 5 5600GT with Radeon Graphics","Null Device",False
2026-10-08T02:25:32.8747260Z,bandwidth,base-t2,bw.bytype.explosion,share,80000,512,2,8,10,10,4,5,8,0.002,0.002,0.002,0.002,0.002,"AMD Ryzen 5 5600GT with Radeon Graphics","Null Device",False
2026-10-08T02:25:32.8751540Z,bandwidth,base-t2,bw.explosion,count,80000,512,2,8,10,10,4,5,8,47525,47525,48518,48518,48518,"AMD Ryzen 5 5600GT with Radeon Graphics","Null Device",False
2026-10-08T02:25:32.8756260Z,bandwidth,base-t2,bw.bytype.fogdelta,share,80000,512,2,8,10,10,4,5,8,0.001,0.001,0.001,0.001,0.001,"AMD Ryzen 5 5600GT with Radeon Graphics","Null Device",False
2026-10-08T02:25:32.8761160Z,bandwidth,base-t2,bw.fogdelta,count,80000,512,2,8,10,10,4,5,8,87328,87328,119743,119743,119743,"AMD Ryzen 5 5600GT with Radeon Graphics","Null Device",False
2026-10-08T02:25:32.8765910Z,bandwidth,base-t2,bw.waypoints,waypoints,80000,512,2,8,10,10,4,5,1,14.076,14.076,14.076,14.076,14.076,"AMD Ryzen 5 5600GT with Radeon Graphics","Null Device",False
2026-10-08T02:25:32.8770430Z,bandwidth,base-t2,bw.waypoints.smoothed,waypoints,80000,512,2,8,10,10,4,5,1,2.5,2.5,2.5,2.5,2.5,"AMD Ryzen 5 5600GT with Radeon Graphics","Null Device",False
2026-10-08T02:25:32.8775370Z,bandwidth,base-t2,bw.waypoints.saved,share,80000,512,2,8,10,10,4,5,1,0.822,0.822,0.822,0.822,0.822,"AMD Ryzen 5 5600GT with Radeon Graphics","Null Device",False
2026-10-08T02:25:32.8802230Z,bandwidth,base-t2,bw.units,units,80000,512,2,8,10,10,4,5,1,79964,79964,79964,79964,79964,"AMD Ryzen 5 5600GT with Radeon Graphics","Null Device",False
2026-10-08T02:25:32.8849940Z,bandwidth,base-t2,bw.units.engaged,share,80000,512,2,8,10,10,4,5,1,0.077,0.077,0.077,0.077,0.077,"AMD Ryzen 5 5600GT with Radeon Graphics","Null Device",False
2026-10-08T02:25:32.8855720Z,bandwidth,base-t2,bw.units.ordered,share,80000,512,2,8,10,10,4,5,1,0.971,0.971,0.971,0.971,0.971,"AMD Ryzen 5 5600GT with Radeon Graphics","Null Device",False
2026-10-08T02:25:32.8862340Z,bandwidth,base-t2,bw.allowed,units,80000,512,2,8,10,10,4,5,1,39973,39973,39973,39973,39973,"AMD Ryzen 5 5600GT with Radeon Graphics","Null Device",False
2026-10-08T02:25:32.8867150Z,bandwidth,base-t2,bw.corrections.perunit,corrections,80000,512,2,8,10,10,4,5,1,0.389,0.389,0.389,0.389,0.389,"AMD Ryzen 5 5600GT with Radeon Graphics","Null Device",False
2026-10-08T02:25:32.8876260Z,bandwidth,base-t2,bw.error.all.mean,tiles,80000,512,2,8,10,10,4,5,1,0.04,0.04,0.04,0.04,0.04,"AMD Ryzen 5 5600GT with Radeon Graphics","Null Device",False
2026-10-08T02:25:32.8881630Z,bandwidth,base-t2,bw.error.all.p50,tiles,80000,512,2,8,10,10,4,5,1,0.031,0.031,0.031,0.031,0.031,"AMD Ryzen 5 5600GT with Radeon Graphics","Null Device",False
2026-10-08T02:25:32.8886260Z,bandwidth,base-t2,bw.error.all.p95,tiles,80000,512,2,8,10,10,4,5,1,0.188,0.188,0.188,0.188,0.188,"AMD Ryzen 5 5600GT with Radeon Graphics","Null Device",False
2026-10-08T02:25:32.8890720Z,bandwidth,base-t2,bw.error.all.p99,tiles,80000,512,2,8,10,10,4,5,1,0.25,0.25,0.25,0.25,0.25,"AMD Ryzen 5 5600GT with Radeon Graphics","Null Device",False
2026-10-08T02:25:32.8895300Z,bandwidth,base-t2,bw.error.view.mean,tiles,80000,512,2,8,10,10,4,5,1,0.04,0.04,0.04,0.04,0.04,"AMD Ryzen 5 5600GT with Radeon Graphics","Null Device",False
2026-10-08T02:25:32.8899720Z,bandwidth,base-t2,bw.error.view.p50,tiles,80000,512,2,8,10,10,4,5,1,0.031,0.031,0.031,0.031,0.031,"AMD Ryzen 5 5600GT with Radeon Graphics","Null Device",False
2026-10-08T02:25:32.8904140Z,bandwidth,base-t2,bw.error.view.p95,tiles,80000,512,2,8,10,10,4,5,1,0.188,0.188,0.188,0.188,0.188,"AMD Ryzen 5 5600GT with Radeon Graphics","Null Device",False
2026-10-08T02:25:32.8908440Z,bandwidth,base-t2,bw.error.view.p99,tiles,80000,512,2,8,10,10,4,5,1,0.25,0.25,0.25,0.25,0.25,"AMD Ryzen 5 5600GT with Radeon Graphics","Null Device",False
2026-10-08T02:25:32.8913090Z,bandwidth,base-t2,bw.route.live,waypoints,80000,512,2,8,10,10,4,5,1,3552134,3552134,3552134,3552134,3552134,"AMD Ryzen 5 5600GT with Radeon Graphics","Null Device",False
2026-10-08T02:25:32.8917850Z,bandwidth,base-t2,bw.route.arena,MB,80000,512,2,8,10,10,4,5,1,32,32,32,32,32,"AMD Ryzen 5 5600GT with Radeon Graphics","Null Device",False
2026-10-08T02:25:36.5690860Z,bandwidth,L1-t2,bw.snapshot.bytes,KB,80000,512,2,8,10,10,4,5,8,799.978,799.978,813.665,813.665,813.665,"AMD Ryzen 5 5600GT with Radeon Graphics","Null Device",False
2026-10-08T02:25:36.5784590Z,bandwidth,L1-t2,bw.snapshot.wire,KB,80000,512,2,8,10,10,4,5,8,835.561,835.561,849.884,849.884,849.884,"AMD Ryzen 5 5600GT with Radeon Graphics","Null Device",False
2026-10-08T02:25:36.5789470Z,bandwidth,L1-t2,bw.snapshot.units,units,80000,512,2,8,10,10,4,5,8,40000,40000,40000,40000,40000,"AMD Ryzen 5 5600GT with Radeon Graphics","Null Device",False
2026-10-08T02:25:36.5794000Z,bandwidth,L1-t2,bw.snapshot.seconds,s,80000,512,2,8,10,10,4,5,8,3.264,3.264,3.32,3.32,3.32,"AMD Ryzen 5 5600GT with Radeon Graphics","Null Device",False
2026-10-08T02:27:13.1881110Z,bandwidth,L1-t2,bw.avg,KB/s,80000,512,2,8,10,10,4,5,8,1018.706,1018.706,1050.039,1050.039,1050.039,"AMD Ryzen 5 5600GT with Radeon Graphics","Null Device",False
2026-10-08T02:27:13.1887130Z,bandwidth,L1-t2,bw.peak1s,KB/s,80000,512,2,8,10,10,4,5,8,1350.922,1350.922,1369.666,1369.666,1369.666,"AMD Ryzen 5 5600GT with Radeon Graphics","Null Device",False
2026-10-08T02:27:13.1891990Z,bandwidth,L1-t2,bw.wire.avg,KB/s,80000,512,2,8,10,10,4,5,8,1106.403,1106.403,1140.599,1140.599,1140.599,"AMD Ryzen 5 5600GT with Radeon Graphics","Null Device",False
2026-10-08T02:27:13.1896620Z,bandwidth,L1-t2,bw.wire.peak1s,KB/s,80000,512,2,8,10,10,4,5,8,1453.696,1453.696,1473.726,1473.726,1473.726,"AMD Ryzen 5 5600GT with Radeon Graphics","Null Device",False
2026-10-08T02:27:13.1901110Z,bandwidth,L1-t2,bw.encode.ms,ms,80000,512,2,8,10,10,4,5,1200,54.929,58.49,68.867,75.618,108.276,"AMD Ryzen 5 5600GT with Radeon Graphics","Null Device",False
2026-10-08T02:27:13.1910230Z,bandwidth,L1-t2,bw.interest.ms,ms,80000,512,2,8,10,10,4,5,1200,2.237,2.165,2.707,3.219,3.446,"AMD Ryzen 5 5600GT with Radeon Graphics","Null Device",False
2026-10-08T02:27:13.1919520Z,bandwidth,L1-t2,bw.routes.ms,ms,80000,512,2,8,10,10,4,5,1200,1.508,1.027,1.639,23.201,51.873,"AMD Ryzen 5 5600GT with Radeon Graphics","Null Device",False
2026-10-08T02:27:13.1928910Z,bandwidth,L1-t2,bw.routes.deferred,units,80000,512,2,8,10,10,4,5,1200,0,0,0,0,0,"AMD Ryzen 5 5600GT with Radeon Graphics","Null Device",False
2026-10-08T02:27:13.1949550Z,bandwidth,L1-t2,bw.bytype.moveorder,share,80000,512,2,8,10,10,4,5,8,0.056,0.056,0.057,0.057,0.057,"AMD Ryzen 5 5600GT with Radeon Graphics","Null Device",False
2026-10-08T02:27:13.1954570Z,bandwidth,L1-t2,bw.moveorder,count,80000,512,2,8,10,10,4,5,8,74222.5,74222.5,74925,74925,74925,"AMD Ryzen 5 5600GT with Radeon Graphics","Null Device",False
2026-10-08T02:27:13.1959260Z,bandwidth,L1-t2,bw.bytype.correction,share,80000,512,2,8,10,10,4,5,8,0.904,0.904,0.907,0.907,0.907,"AMD Ryzen 5 5600GT with Radeon Graphics","Null Device",False
2026-10-08T02:27:13.1964510Z,bandwidth,L1-t2,bw.correction,count,80000,512,2,8,10,10,4,5,8,9480385.5,9480385.5,9800040,9800040,9800040,"AMD Ryzen 5 5600GT with Radeon Graphics","Null Device",False
2026-10-08T02:27:13.1969350Z,bandwidth,L1-t2,bw.bytype.health,share,80000,512,2,8,10,10,4,5,8,0.011,0.011,0.011,0.011,0.011,"AMD Ryzen 5 5600GT with Radeon Graphics","Null Device",False
2026-10-08T02:27:13.1974270Z,bandwidth,L1-t2,bw.health,count,80000,512,2,8,10,10,4,5,8,310000,310000,316727,316727,316727,"AMD Ryzen 5 5600GT with Radeon Graphics","Null Device",False
2026-10-08T02:27:13.1978890Z,bandwidth,L1-t2,bw.bytype.enter,share,80000,512,2,8,10,10,4,5,8,0.023,0.023,0.023,0.023,0.023,"AMD Ryzen 5 5600GT with Radeon Graphics","Null Device",False
2026-10-08T02:27:13.1984370Z,bandwidth,L1-t2,bw.enter,count,80000,512,2,8,10,10,4,5,8,87738,87738,88544,88544,88544,"AMD Ryzen 5 5600GT with Radeon Graphics","Null Device",False
2026-10-08T02:27:13.1988860Z,bandwidth,L1-t2,bw.bytype.leave,share,80000,512,2,8,10,10,4,5,8,0.002,0.002,0.002,0.002,0.002,"AMD Ryzen 5 5600GT with Radeon Graphics","Null Device",False
2026-10-08T02:27:13.1993280Z,bandwidth,L1-t2,bw.leave,count,80000,512,2,8,10,10,4,5,8,47756,47756,48571,48571,48571,"AMD Ryzen 5 5600GT with Radeon Graphics","Null Device",False
2026-10-08T02:27:13.1997850Z,bandwidth,L1-t2,bw.bytype.explosion,share,80000,512,2,8,10,10,4,5,8,0.003,0.003,0.003,0.003,0.003,"AMD Ryzen 5 5600GT with Radeon Graphics","Null Device",False
2026-10-08T02:27:13.2002790Z,bandwidth,L1-t2,bw.explosion,count,80000,512,2,8,10,10,4,5,8,47525,47525,48518,48518,48518,"AMD Ryzen 5 5600GT with Radeon Graphics","Null Device",False
2026-10-08T02:27:13.2007400Z,bandwidth,L1-t2,bw.bytype.fogdelta,share,80000,512,2,8,10,10,4,5,8,0.002,0.002,0.003,0.003,0.003,"AMD Ryzen 5 5600GT with Radeon Graphics","Null Device",False
2026-10-08T02:27:13.2012080Z,bandwidth,L1-t2,bw.fogdelta,count,80000,512,2,8,10,10,4,5,8,87328,87328,119743,119743,119743,"AMD Ryzen 5 5600GT with Radeon Graphics","Null Device",False
2026-10-08T02:27:13.2016620Z,bandwidth,L1-t2,bw.waypoints,waypoints,80000,512,2,8,10,10,4,5,1,14.076,14.076,14.076,14.076,14.076,"AMD Ryzen 5 5600GT with Radeon Graphics","Null Device",False
2026-10-08T02:27:13.2020960Z,bandwidth,L1-t2,bw.waypoints.smoothed,waypoints,80000,512,2,8,10,10,4,5,1,2.5,2.5,2.5,2.5,2.5,"AMD Ryzen 5 5600GT with Radeon Graphics","Null Device",False
2026-10-08T02:27:13.2025540Z,bandwidth,L1-t2,bw.waypoints.saved,share,80000,512,2,8,10,10,4,5,1,0.822,0.822,0.822,0.822,0.822,"AMD Ryzen 5 5600GT with Radeon Graphics","Null Device",False
2026-10-08T02:27:13.2053670Z,bandwidth,L1-t2,bw.units,units,80000,512,2,8,10,10,4,5,1,79964,79964,79964,79964,79964,"AMD Ryzen 5 5600GT with Radeon Graphics","Null Device",False
2026-10-08T02:27:13.2094730Z,bandwidth,L1-t2,bw.units.engaged,share,80000,512,2,8,10,10,4,5,1,0.077,0.077,0.077,0.077,0.077,"AMD Ryzen 5 5600GT with Radeon Graphics","Null Device",False
2026-10-08T02:27:13.2099380Z,bandwidth,L1-t2,bw.units.ordered,share,80000,512,2,8,10,10,4,5,1,0.971,0.971,0.971,0.971,0.971,"AMD Ryzen 5 5600GT with Radeon Graphics","Null Device",False
2026-10-08T02:27:13.2105620Z,bandwidth,L1-t2,bw.allowed,units,80000,512,2,8,10,10,4,5,1,39973,39973,39973,39973,39973,"AMD Ryzen 5 5600GT with Radeon Graphics","Null Device",False
2026-10-08T02:27:13.2110150Z,bandwidth,L1-t2,bw.corrections.perunit,corrections,80000,512,2,8,10,10,4,5,1,0.204,0.204,0.204,0.204,0.204,"AMD Ryzen 5 5600GT with Radeon Graphics","Null Device",False
2026-10-08T02:27:13.2118950Z,bandwidth,L1-t2,bw.error.all.mean,tiles,80000,512,2,8,10,10,4,5,1,0.035,0.035,0.035,0.035,0.035,"AMD Ryzen 5 5600GT with Radeon Graphics","Null Device",False
2026-10-08T02:27:13.2124280Z,bandwidth,L1-t2,bw.error.all.p50,tiles,80000,512,2,8,10,10,4,5,1,0.031,0.031,0.031,0.031,0.031,"AMD Ryzen 5 5600GT with Radeon Graphics","Null Device",False
2026-10-08T02:27:13.2128720Z,bandwidth,L1-t2,bw.error.all.p95,tiles,80000,512,2,8,10,10,4,5,1,0.156,0.156,0.156,0.156,0.156,"AMD Ryzen 5 5600GT with Radeon Graphics","Null Device",False
2026-10-08T02:27:13.2133240Z,bandwidth,L1-t2,bw.error.all.p99,tiles,80000,512,2,8,10,10,4,5,1,0.234,0.234,0.234,0.234,0.234,"AMD Ryzen 5 5600GT with Radeon Graphics","Null Device",False
2026-10-08T02:27:13.2137910Z,bandwidth,L1-t2,bw.error.view.mean,tiles,80000,512,2,8,10,10,4,5,1,0.035,0.035,0.035,0.035,0.035,"AMD Ryzen 5 5600GT with Radeon Graphics","Null Device",False
2026-10-08T02:27:13.2142360Z,bandwidth,L1-t2,bw.error.view.p50,tiles,80000,512,2,8,10,10,4,5,1,0.031,0.031,0.031,0.031,0.031,"AMD Ryzen 5 5600GT with Radeon Graphics","Null Device",False
2026-10-08T02:27:13.2146610Z,bandwidth,L1-t2,bw.error.view.p95,tiles,80000,512,2,8,10,10,4,5,1,0.156,0.156,0.156,0.156,0.156,"AMD Ryzen 5 5600GT with Radeon Graphics","Null Device",False
2026-10-08T02:27:13.2151700Z,bandwidth,L1-t2,bw.error.view.p99,tiles,80000,512,2,8,10,10,4,5,1,0.234,0.234,0.234,0.234,0.234,"AMD Ryzen 5 5600GT with Radeon Graphics","Null Device",False
2026-10-08T02:27:13.2156150Z,bandwidth,L1-t2,bw.route.live,waypoints,80000,512,2,8,10,10,4,5,1,3552134,3552134,3552134,3552134,3552134,"AMD Ryzen 5 5600GT with Radeon Graphics","Null Device",False
2026-10-08T02:27:13.2160430Z,bandwidth,L1-t2,bw.route.arena,MB,80000,512,2,8,10,10,4,5,1,32,32,32,32,32,"AMD Ryzen 5 5600GT with Radeon Graphics","Null Device",False
2026-10-08T02:27:16.8918040Z,bandwidth,L2-t2,bw.snapshot.bytes,KB,80000,512,2,8,10,10,4,5,8,799.978,799.978,813.665,813.665,813.665,"AMD Ryzen 5 5600GT with Radeon Graphics","Null Device",False
2026-10-08T02:27:16.9015500Z,bandwidth,L2-t2,bw.snapshot.wire,KB,80000,512,2,8,10,10,4,5,8,835.561,835.561,849.884,849.884,849.884,"AMD Ryzen 5 5600GT with Radeon Graphics","Null Device",False
2026-10-08T02:27:16.9021140Z,bandwidth,L2-t2,bw.snapshot.units,units,80000,512,2,8,10,10,4,5,8,40000,40000,40000,40000,40000,"AMD Ryzen 5 5600GT with Radeon Graphics","Null Device",False
2026-10-08T02:27:16.9025670Z,bandwidth,L2-t2,bw.snapshot.seconds,s,80000,512,2,8,10,10,4,5,8,3.264,3.264,3.32,3.32,3.32,"AMD Ryzen 5 5600GT with Radeon Graphics","Null Device",False
2026-10-08T02:28:58.1050720Z,bandwidth,L2-t2,bw.avg,KB/s,80000,512,2,8,10,10,4,5,8,708.284,708.284,729.15,729.15,729.15,"AMD Ryzen 5 5600GT with Radeon Graphics","Null Device",False
2026-10-08T02:28:58.1056490Z,bandwidth,L2-t2,bw.peak1s,KB/s,80000,512,2,8,10,10,4,5,8,1039.595,1039.595,1054.844,1054.844,1054.844,"AMD Ryzen 5 5600GT with Radeon Graphics","Null Device",False
2026-10-08T02:28:58.1063500Z,bandwidth,L2-t2,bw.wire.avg,KB/s,80000,512,2,8,10,10,4,5,8,768.221,768.221,791.027,791.027,791.027,"AMD Ryzen 5 5600GT with Radeon Graphics","Null Device",False
2026-10-08T02:28:58.1069900Z,bandwidth,L2-t2,bw.wire.peak1s,KB/s,80000,512,2,8,10,10,4,5,8,1114.546,1114.546,1130.744,1130.744,1130.744,"AMD Ryzen 5 5600GT with Radeon Graphics","Null Device",False
2026-10-08T02:28:58.1076250Z,bandwidth,L2-t2,bw.encode.ms,ms,80000,512,2,8,10,10,4,5,1200,58.462,62.781,73.247,80.2,110.98,"AMD Ryzen 5 5600GT with Radeon Graphics","Null Device",False
2026-10-08T02:28:58.1089740Z,bandwidth,L2-t2,bw.interest.ms,ms,80000,512,2,8,10,10,4,5,1200,2.242,2.166,2.717,3.284,3.532,"AMD Ryzen 5 5600GT with Radeon Graphics","Null Device",False
2026-10-08T02:28:58.1101210Z,bandwidth,L2-t2,bw.routes.ms,ms,80000,512,2,8,10,10,4,5,1200,1.522,1.018,1.719,23.956,51.883,"AMD Ryzen 5 5600GT with Radeon Graphics","Null Device",False
2026-10-08T02:28:58.1110270Z,bandwidth,L2-t2,bw.routes.deferred,units,80000,512,2,8,10,10,4,5,1200,0,0,0,0,0,"AMD Ryzen 5 5600GT with Radeon Graphics","Null Device",False
2026-10-08T02:28:58.1130470Z,bandwidth,L2-t2,bw.bytype.moveorder,share,80000,512,2,8,10,10,4,5,8,0.079,0.079,0.082,0.082,0.082,"AMD Ryzen 5 5600GT with Radeon Graphics","Null Device",False
2026-10-08T02:28:58.1136970Z,bandwidth,L2-t2,bw.moveorder,count,80000,512,2,8,10,10,4,5,8,74222.5,74222.5,74925,74925,74925,"AMD Ryzen 5 5600GT with Radeon Graphics","Null Device",False
2026-10-08T02:28:58.1142730Z,bandwidth,L2-t2,bw.bytype.correction,share,80000,512,2,8,10,10,4,5,8,0.863,0.863,0.867,0.867,0.867,"AMD Ryzen 5 5600GT with Radeon Graphics","Null Device",False
2026-10-08T02:28:58.1147360Z,bandwidth,L2-t2,bw.correction,count,80000,512,2,8,10,10,4,5,8,9484062,9484062,9803701,9803701,9803701,"AMD Ryzen 5 5600GT with Radeon Graphics","Null Device",False
2026-10-08T02:28:58.1152410Z,bandwidth,L2-t2,bw.bytype.health,share,80000,512,2,8,10,10,4,5,8,0.015,0.015,0.015,0.015,0.015,"AMD Ryzen 5 5600GT with Radeon Graphics","Null Device",False
2026-10-08T02:28:58.1156850Z,bandwidth,L2-t2,bw.health,count,80000,512,2,8,10,10,4,5,8,310000,310000,316727,316727,316727,"AMD Ryzen 5 5600GT with Radeon Graphics","Null Device",False
2026-10-08T02:28:58.1161510Z,bandwidth,L2-t2,bw.bytype.enter,share,80000,512,2,8,10,10,4,5,8,0.033,0.033,0.033,0.033,0.033,"AMD Ryzen 5 5600GT with Radeon Graphics","Null Device",False
2026-10-08T02:28:58.1168790Z,bandwidth,L2-t2,bw.enter,count,80000,512,2,8,10,10,4,5,8,87738,87738,88544,88544,88544,"AMD Ryzen 5 5600GT with Radeon Graphics","Null Device",False
2026-10-08T02:28:58.1174300Z,bandwidth,L2-t2,bw.bytype.leave,share,80000,512,2,8,10,10,4,5,8,0.003,0.003,0.003,0.003,0.003,"AMD Ryzen 5 5600GT with Radeon Graphics","Null Device",False
2026-10-08T02:28:58.1178760Z,bandwidth,L2-t2,bw.leave,count,80000,512,2,8,10,10,4,5,8,47756,47756,48571,48571,48571,"AMD Ryzen 5 5600GT with Radeon Graphics","Null Device",False
2026-10-08T02:28:58.1183370Z,bandwidth,L2-t2,bw.bytype.explosion,share,80000,512,2,8,10,10,4,5,8,0.004,0.004,0.004,0.004,0.004,"AMD Ryzen 5 5600GT with Radeon Graphics","Null Device",False
2026-10-08T02:28:58.1188050Z,bandwidth,L2-t2,bw.explosion,count,80000,512,2,8,10,10,4,5,8,47525,47525,48518,48518,48518,"AMD Ryzen 5 5600GT with Radeon Graphics","Null Device",False
2026-10-08T02:28:58.1192430Z,bandwidth,L2-t2,bw.bytype.fogdelta,share,80000,512,2,8,10,10,4,5,8,0.003,0.003,0.004,0.004,0.004,"AMD Ryzen 5 5600GT with Radeon Graphics","Null Device",False
2026-10-08T02:28:58.1196700Z,bandwidth,L2-t2,bw.fogdelta,count,80000,512,2,8,10,10,4,5,8,87328,87328,119743,119743,119743,"AMD Ryzen 5 5600GT with Radeon Graphics","Null Device",False
2026-10-08T02:28:58.1201060Z,bandwidth,L2-t2,bw.waypoints,waypoints,80000,512,2,8,10,10,4,5,1,14.076,14.076,14.076,14.076,14.076,"AMD Ryzen 5 5600GT with Radeon Graphics","Null Device",False
2026-10-08T02:28:58.1205510Z,bandwidth,L2-t2,bw.waypoints.smoothed,waypoints,80000,512,2,8,10,10,4,5,1,2.5,2.5,2.5,2.5,2.5,"AMD Ryzen 5 5600GT with Radeon Graphics","Null Device",False
2026-10-08T02:28:58.1209810Z,bandwidth,L2-t2,bw.waypoints.saved,share,80000,512,2,8,10,10,4,5,1,0.822,0.822,0.822,0.822,0.822,"AMD Ryzen 5 5600GT with Radeon Graphics","Null Device",False
2026-10-08T02:28:58.1245200Z,bandwidth,L2-t2,bw.units,units,80000,512,2,8,10,10,4,5,1,79964,79964,79964,79964,79964,"AMD Ryzen 5 5600GT with Radeon Graphics","Null Device",False
2026-10-08T02:28:58.1302000Z,bandwidth,L2-t2,bw.units.engaged,share,80000,512,2,8,10,10,4,5,1,0.077,0.077,0.077,0.077,0.077,"AMD Ryzen 5 5600GT with Radeon Graphics","Null Device",False
2026-10-08T02:28:58.1307010Z,bandwidth,L2-t2,bw.units.ordered,share,80000,512,2,8,10,10,4,5,1,0.971,0.971,0.971,0.971,0.971,"AMD Ryzen 5 5600GT with Radeon Graphics","Null Device",False
2026-10-08T02:28:58.1313370Z,bandwidth,L2-t2,bw.allowed,units,80000,512,2,8,10,10,4,5,1,39973,39973,39973,39973,39973,"AMD Ryzen 5 5600GT with Radeon Graphics","Null Device",False
2026-10-08T02:28:58.1318190Z,bandwidth,L2-t2,bw.corrections.perunit,corrections,80000,512,2,8,10,10,4,5,1,0.204,0.204,0.204,0.204,0.204,"AMD Ryzen 5 5600GT with Radeon Graphics","Null Device",False
2026-10-08T02:28:58.1326640Z,bandwidth,L2-t2,bw.error.all.mean,tiles,80000,512,2,8,10,10,4,5,1,0.057,0.057,0.057,0.057,0.057,"AMD Ryzen 5 5600GT with Radeon Graphics","Null Device",False
2026-10-08T02:28:58.1332450Z,bandwidth,L2-t2,bw.error.all.p50,tiles,80000,512,2,8,10,10,4,5,1,0.063,0.063,0.063,0.063,0.063,"AMD Ryzen 5 5600GT with Radeon Graphics","Null Device",False
2026-10-08T02:28:58.1338580Z,bandwidth,L2-t2,bw.error.all.p95,tiles,80000,512,2,8,10,10,4,5,1,0.156,0.156,0.156,0.156,0.156,"AMD Ryzen 5 5600GT with Radeon Graphics","Null Device",False
2026-10-08T02:28:58.1343900Z,bandwidth,L2-t2,bw.error.all.p99,tiles,80000,512,2,8,10,10,4,5,1,0.234,0.234,0.234,0.234,0.234,"AMD Ryzen 5 5600GT with Radeon Graphics","Null Device",False
2026-10-08T02:28:58.1348580Z,bandwidth,L2-t2,bw.error.view.mean,tiles,80000,512,2,8,10,10,4,5,1,0.057,0.057,0.057,0.057,0.057,"AMD Ryzen 5 5600GT with Radeon Graphics","Null Device",False
2026-10-08T02:28:58.1352960Z,bandwidth,L2-t2,bw.error.view.p50,tiles,80000,512,2,8,10,10,4,5,1,0.063,0.063,0.063,0.063,0.063,"AMD Ryzen 5 5600GT with Radeon Graphics","Null Device",False
2026-10-08T02:28:58.1357310Z,bandwidth,L2-t2,bw.error.view.p95,tiles,80000,512,2,8,10,10,4,5,1,0.156,0.156,0.156,0.156,0.156,"AMD Ryzen 5 5600GT with Radeon Graphics","Null Device",False
2026-10-08T02:28:58.1361570Z,bandwidth,L2-t2,bw.error.view.p99,tiles,80000,512,2,8,10,10,4,5,1,0.234,0.234,0.234,0.234,0.234,"AMD Ryzen 5 5600GT with Radeon Graphics","Null Device",False
2026-10-08T02:28:58.1366050Z,bandwidth,L2-t2,bw.route.live,waypoints,80000,512,2,8,10,10,4,5,1,3552134,3552134,3552134,3552134,3552134,"AMD Ryzen 5 5600GT with Radeon Graphics","Null Device",False
2026-10-08T02:28:58.1370350Z,bandwidth,L2-t2,bw.route.arena,MB,80000,512,2,8,10,10,4,5,1,32,32,32,32,32,"AMD Ryzen 5 5600GT with Radeon Graphics","Null Device",False
2026-10-08T02:29:01.7955320Z,bandwidth,L2view-t2,bw.snapshot.bytes,KB,80000,512,2,8,10,10,4,5,8,799.978,799.978,813.665,813.665,813.665,"AMD Ryzen 5 5600GT with Radeon Graphics","Null Device",False
2026-10-08T02:29:01.8050350Z,bandwidth,L2view-t2,bw.snapshot.wire,KB,80000,512,2,8,10,10,4,5,8,835.561,835.561,849.884,849.884,849.884,"AMD Ryzen 5 5600GT with Radeon Graphics","Null Device",False
2026-10-08T02:29:01.8055370Z,bandwidth,L2view-t2,bw.snapshot.units,units,80000,512,2,8,10,10,4,5,8,40000,40000,40000,40000,40000,"AMD Ryzen 5 5600GT with Radeon Graphics","Null Device",False
2026-10-08T02:29:01.8059840Z,bandwidth,L2view-t2,bw.snapshot.seconds,s,80000,512,2,8,10,10,4,5,8,3.264,3.264,3.32,3.32,3.32,"AMD Ryzen 5 5600GT with Radeon Graphics","Null Device",False
2026-10-08T02:30:24.0939910Z,bandwidth,L2view-t2,bw.avg,KB/s,80000,512,2,8,10,10,4,5,8,276.897,272.027,299.834,300.502,300.669,"AMD Ryzen 5 5600GT with Radeon Graphics","Null Device",False
2026-10-08T02:30:24.0946280Z,bandwidth,L2view-t2,bw.peak1s,KB/s,80000,512,2,8,10,10,4,5,8,579.615,574.07,607.603,613.257,614.671,"AMD Ryzen 5 5600GT with Radeon Graphics","Null Device",False
2026-10-08T02:30:24.0950990Z,bandwidth,L2view-t2,bw.wire.avg,KB/s,80000,512,2,8,10,10,4,5,8,298.501,293.244,323.528,324.316,324.513,"AMD Ryzen 5 5600GT with Radeon Graphics","Null Device",False
2026-10-08T02:30:24.0955480Z,bandwidth,L2view-t2,bw.wire.peak1s,KB/s,80000,512,2,8,10,10,4,5,8,613.557,607.913,643.504,649.609,651.135,"AMD Ryzen 5 5600GT with Radeon Graphics","Null Device",False
2026-10-08T02:30:24.0959770Z,bandwidth,L2view-t2,bw.encode.ms,ms,80000,512,2,8,10,10,4,5,1200,42.639,45.589,53.005,61.501,97.848,"AMD Ryzen 5 5600GT with Radeon Graphics","Null Device",False
2026-10-08T02:30:24.0968240Z,bandwidth,L2view-t2,bw.interest.ms,ms,80000,512,2,8,10,10,4,5,1200,2.253,2.173,2.746,3.339,4.312,"AMD Ryzen 5 5600GT with Radeon Graphics","Null Device",False
2026-10-08T02:30:24.0977560Z,bandwidth,L2view-t2,bw.routes.ms,ms,80000,512,2,8,10,10,4,5,1200,1.497,1.014,1.574,24.182,52.728,"AMD Ryzen 5 5600GT with Radeon Graphics","Null Device",False
2026-10-08T02:30:24.0989300Z,bandwidth,L2view-t2,bw.routes.deferred,units,80000,512,2,8,10,10,4,5,1200,0,0,0,0,0,"AMD Ryzen 5 5600GT with Radeon Graphics","Null Device",False
2026-10-08T02:30:24.1013400Z,bandwidth,L2view-t2,bw.bytype.moveorder,share,80000,512,2,8,10,10,4,5,8,0.198,0.201,0.211,0.213,0.214,"AMD Ryzen 5 5600GT with Radeon Graphics","Null Device",False
2026-10-08T02:30:24.1018420Z,bandwidth,L2view-t2,bw.moveorder,count,80000,512,2,8,10,10,4,5,8,74222.5,74222.5,74925,74925,74925,"AMD Ryzen 5 5600GT with Radeon Graphics","Null Device",False
2026-10-08T02:30:24.1023010Z,bandwidth,L2view-t2,bw.bytype.correction,share,80000,512,2,8,10,10,4,5,8,0.658,0.654,0.684,0.685,0.685,"AMD Ryzen 5 5600GT with Radeon Graphics","Null Device",False
2026-10-08T02:30:24.1027440Z,bandwidth,L2view-t2,bw.correction,count,80000,512,2,8,10,10,4,5,8,2880017.5,2807771.5,3233056.65,3244296.13,3247106,"AMD Ryzen 5 5600GT with Radeon Graphics","Null Device",False
2026-10-08T02:30:24.1031900Z,bandwidth,L2view-t2,bw.bytype.health,share,80000,512,2,8,10,10,4,5,8,0.038,0.039,0.04,0.04,0.04,"AMD Ryzen 5 5600GT with Radeon Graphics","Null Device",False
2026-10-08T02:30:24.1036170Z,bandwidth,L2view-t2,bw.health,count,80000,512,2,8,10,10,4,5,8,310000,310000,316727,316727,316727,"AMD Ryzen 5 5600GT with Radeon Graphics","Null Device",False
2026-10-08T02:30:24.1040640Z,bandwidth,L2view-t2,bw.bytype.enter,share,80000,512,2,8,10,10,4,5,8,0.081,0.083,0.086,0.087,0.087,"AMD Ryzen 5 5600GT with Radeon Graphics","Null Device",False
2026-10-08T02:30:24.1045130Z,bandwidth,L2view-t2,bw.enter,count,80000,512,2,8,10,10,4,5,8,87738,87738,88544,88544,88544,"AMD Ryzen 5 5600GT with Radeon Graphics","Null Device",False
2026-10-08T02:30:24.1049450Z,bandwidth,L2view-t2,bw.bytype.leave,share,80000,512,2,8,10,10,4,5,8,0.007,0.007,0.007,0.007,0.007,"AMD Ryzen 5 5600GT with Radeon Graphics","Null Device",False
2026-10-08T02:30:24.1053880Z,bandwidth,L2view-t2,bw.leave,count,80000,512,2,8,10,10,4,5,8,47756,47756,48571,48571,48571,"AMD Ryzen 5 5600GT with Radeon Graphics","Null Device",False
2026-10-08T02:30:24.1058470Z,bandwidth,L2view-t2,bw.bytype.explosion,share,80000,512,2,8,10,10,4,5,8,0.011,0.011,0.011,0.011,0.011,"AMD Ryzen 5 5600GT with Radeon Graphics","Null Device",False
2026-10-08T02:30:24.1062810Z,bandwidth,L2view-t2,bw.explosion,count,80000,512,2,8,10,10,4,5,8,47525,47525,48518,48518,48518,"AMD Ryzen 5 5600GT with Radeon Graphics","Null Device",False
2026-10-08T02:30:24.1067110Z,bandwidth,L2view-t2,bw.bytype.fogdelta,share,80000,512,2,8,10,10,4,5,8,0.007,0.007,0.01,0.01,0.01,"AMD Ryzen 5 5600GT with Radeon Graphics","Null Device",False
2026-10-08T02:30:24.1071350Z,bandwidth,L2view-t2,bw.fogdelta,count,80000,512,2,8,10,10,4,5,8,87328,87328,119743,119743,119743,"AMD Ryzen 5 5600GT with Radeon Graphics","Null Device",False
2026-10-08T02:30:24.1076570Z,bandwidth,L2view-t2,bw.waypoints,waypoints,80000,512,2,8,10,10,4,5,1,14.076,14.076,14.076,14.076,14.076,"AMD Ryzen 5 5600GT with Radeon Graphics","Null Device",False
2026-10-08T02:30:24.1080790Z,bandwidth,L2view-t2,bw.waypoints.smoothed,waypoints,80000,512,2,8,10,10,4,5,1,2.5,2.5,2.5,2.5,2.5,"AMD Ryzen 5 5600GT with Radeon Graphics","Null Device",False
2026-10-08T02:30:24.1085160Z,bandwidth,L2view-t2,bw.waypoints.saved,share,80000,512,2,8,10,10,4,5,1,0.822,0.822,0.822,0.822,0.822,"AMD Ryzen 5 5600GT with Radeon Graphics","Null Device",False
2026-10-08T02:30:24.1113760Z,bandwidth,L2view-t2,bw.units,units,80000,512,2,8,10,10,4,5,1,79964,79964,79964,79964,79964,"AMD Ryzen 5 5600GT with Radeon Graphics","Null Device",False
2026-10-08T02:30:24.1154260Z,bandwidth,L2view-t2,bw.units.engaged,share,80000,512,2,8,10,10,4,5,1,0.077,0.077,0.077,0.077,0.077,"AMD Ryzen 5 5600GT with Radeon Graphics","Null Device",False
2026-10-08T02:30:24.1158680Z,bandwidth,L2view-t2,bw.units.ordered,share,80000,512,2,8,10,10,4,5,1,0.971,0.971,0.971,0.971,0.971,"AMD Ryzen 5 5600GT with Radeon Graphics","Null Device",False
2026-10-08T02:30:24.1164910Z,bandwidth,L2view-t2,bw.allowed,units,80000,512,2,8,10,10,4,5,1,39973,39973,39973,39973,39973,"AMD Ryzen 5 5600GT with Radeon Graphics","Null Device",False
2026-10-08T02:30:24.1169750Z,bandwidth,L2view-t2,bw.corrections.perunit,corrections,80000,512,2,8,10,10,4,5,1,0.057,0.057,0.057,0.057,0.057,"AMD Ryzen 5 5600GT with Radeon Graphics","Null Device",False
2026-10-08T02:30:24.1178270Z,bandwidth,L2view-t2,bw.error.all.mean,tiles,80000,512,2,8,10,10,4,5,1,0.214,0.214,0.214,0.214,0.214,"AMD Ryzen 5 5600GT with Radeon Graphics","Null Device",False
2026-10-08T02:30:24.1184130Z,bandwidth,L2view-t2,bw.error.all.p50,tiles,80000,512,2,8,10,10,4,5,1,0.063,0.063,0.063,0.063,0.063,"AMD Ryzen 5 5600GT with Radeon Graphics","Null Device",False
2026-10-08T02:30:24.1188600Z,bandwidth,L2view-t2,bw.error.all.p95,tiles,80000,512,2,8,10,10,4,5,1,1.391,1.391,1.391,1.391,1.391,"AMD Ryzen 5 5600GT with Radeon Graphics","Null Device",False
2026-10-08T02:30:24.1193220Z,bandwidth,L2view-t2,bw.error.all.p99,tiles,80000,512,2,8,10,10,4,5,1,1.891,1.891,1.891,1.891,1.891,"AMD Ryzen 5 5600GT with Radeon Graphics","Null Device",False
2026-10-08T02:30:24.1197580Z,bandwidth,L2view-t2,bw.error.view.mean,tiles,80000,512,2,8,10,10,4,5,1,0.057,0.057,0.057,0.057,0.057,"AMD Ryzen 5 5600GT with Radeon Graphics","Null Device",False
2026-10-08T02:30:24.1201880Z,bandwidth,L2view-t2,bw.error.view.p50,tiles,80000,512,2,8,10,10,4,5,1,0.063,0.063,0.063,0.063,0.063,"AMD Ryzen 5 5600GT with Radeon Graphics","Null Device",False
2026-10-08T02:30:24.1207160Z,bandwidth,L2view-t2,bw.error.view.p95,tiles,80000,512,2,8,10,10,4,5,1,0.156,0.156,0.156,0.156,0.156,"AMD Ryzen 5 5600GT with Radeon Graphics","Null Device",False
2026-10-08T02:30:24.1212100Z,bandwidth,L2view-t2,bw.error.view.p99,tiles,80000,512,2,8,10,10,4,5,1,0.234,0.234,0.234,0.234,0.234,"AMD Ryzen 5 5600GT with Radeon Graphics","Null Device",False
2026-10-08T02:30:24.1217130Z,bandwidth,L2view-t2,bw.route.live,waypoints,80000,512,2,8,10,10,4,5,1,3552134,3552134,3552134,3552134,3552134,"AMD Ryzen 5 5600GT with Radeon Graphics","Null Device",False
2026-10-08T02:30:24.1221580Z,bandwidth,L2view-t2,bw.route.arena,MB,80000,512,2,8,10,10,4,5,1,32,32,32,32,32,"AMD Ryzen 5 5600GT with Radeon Graphics","Null Device",False
2026-10-08T02:30:27.7869640Z,bandwidth,L2bud-t2,bw.snapshot.bytes,KB,80000,512,2,8,10,10,4,5,8,799.978,799.978,813.665,813.665,813.665,"AMD Ryzen 5 5600GT with Radeon Graphics","Null Device",False
2026-10-08T02:30:27.7964410Z,bandwidth,L2bud-t2,bw.snapshot.wire,KB,80000,512,2,8,10,10,4,5,8,835.561,835.561,849.884,849.884,849.884,"AMD Ryzen 5 5600GT with Radeon Graphics","Null Device",False
2026-10-08T02:30:27.7968980Z,bandwidth,L2bud-t2,bw.snapshot.units,units,80000,512,2,8,10,10,4,5,8,40000,40000,40000,40000,40000,"AMD Ryzen 5 5600GT with Radeon Graphics","Null Device",False
2026-10-08T02:30:27.7973350Z,bandwidth,L2bud-t2,bw.snapshot.seconds,s,80000,512,2,8,10,10,4,5,8,3.264,3.264,3.32,3.32,3.32,"AMD Ryzen 5 5600GT with Radeon Graphics","Null Device",False
2026-10-08T02:33:14.1922110Z,bandwidth,L2bud-t2,bw.avg,KB/s,80000,512,2,8,10,10,4,5,8,95.144,95.144,95.36,95.36,95.36,"AMD Ryzen 5 5600GT with Radeon Graphics","Null Device",False
2026-10-08T02:33:14.1927380Z,bandwidth,L2bud-t2,bw.peak1s,KB/s,80000,512,2,8,10,10,4,5,8,417.384,417.384,423.623,423.623,423.623,"AMD Ryzen 5 5600GT with Radeon Graphics","Null Device",False
2026-10-08T02:33:14.1932140Z,bandwidth,L2bud-t2,bw.wire.avg,KB/s,80000,512,2,8,10,10,4,5,8,100.551,100.551,100.823,100.823,100.823,"AMD Ryzen 5 5600GT with Radeon Graphics","Null Device",False
2026-10-08T02:33:14.1936490Z,bandwidth,L2bud-t2,bw.wire.peak1s,KB/s,80000,512,2,8,10,10,4,5,8,436.701,436.701,443.401,443.401,443.401,"AMD Ryzen 5 5600GT with Radeon Graphics","Null Device",False
2026-10-08T02:33:14.1940730Z,bandwidth,L2bud-t2,bw.encode.ms,ms,80000,512,2,8,10,10,4,5,1200,113.03,116.412,156.401,163.604,172.749,"AMD Ryzen 5 5600GT with Radeon Graphics","Null Device",False
2026-10-08T02:33:14.1949690Z,bandwidth,L2bud-t2,bw.interest.ms,ms,80000,512,2,8,10,10,4,5,1200,2.216,2.149,2.687,3.25,3.627,"AMD Ryzen 5 5600GT with Radeon Graphics","Null Device",False
2026-10-08T02:33:14.1958740Z,bandwidth,L2bud-t2,bw.routes.ms,ms,80000,512,2,8,10,10,4,5,1200,1.475,0.995,1.536,22.741,53.11,"AMD Ryzen 5 5600GT with Radeon Graphics","Null Device",False
2026-10-08T02:33:14.1967540Z,bandwidth,L2bud-t2,bw.routes.deferred,units,80000,512,2,8,10,10,4,5,1200,0,0,0,0,0,"AMD Ryzen 5 5600GT with Radeon Graphics","Null Device",False
2026-10-08T02:33:14.1988610Z,bandwidth,L2bud-t2,bw.bytype.moveorder,share,80000,512,2,8,10,10,4,5,8,0.528,0.528,0.529,0.529,0.529,"AMD Ryzen 5 5600GT with Radeon Graphics","Null Device",False
2026-10-08T02:33:14.1993640Z,bandwidth,L2bud-t2,bw.moveorder,count,80000,512,2,8,10,10,4,5,8,74222.5,74222.5,74925,74925,74925,"AMD Ryzen 5 5600GT with Radeon Graphics","Null Device",False
2026-10-08T02:33:14.1998090Z,bandwidth,L2bud-t2,bw.bytype.correction,share,80000,512,2,8,10,10,4,5,8,0.087,0.087,0.09,0.09,0.09,"AMD Ryzen 5 5600GT with Radeon Graphics","Null Device",False
2026-10-08T02:33:14.2002840Z,bandwidth,L2bud-t2,bw.correction,count,80000,512,2,8,10,10,4,5,8,96068.5,96068.5,99357,99357,99357,"AMD Ryzen 5 5600GT with Radeon Graphics","Null Device",False
2026-10-08T02:33:14.2007220Z,bandwidth,L2bud-t2,bw.bytype.health,share,80000,512,2,8,10,10,4,5,8,0.102,0.102,0.104,0.104,0.104,"AMD Ryzen 5 5600GT with Radeon Graphics","Null Device",False
2026-10-08T02:33:14.2011560Z,bandwidth,L2bud-t2,bw.health,count,80000,512,2,8,10,10,4,5,8,310000,310000,316727,316727,316727,"AMD Ryzen 5 5600GT with Radeon Graphics","Null Device",False
2026-10-08T02:33:14.2016120Z,bandwidth,L2bud-t2,bw.bytype.enter,share,80000,512,2,8,10,10,4,5,8,0.217,0.217,0.218,0.218,0.218,"AMD Ryzen 5 5600GT with Radeon Graphics","Null Device",False
2026-10-08T02:33:14.2020550Z,bandwidth,L2bud-t2,bw.enter,count,80000,512,2,8,10,10,4,5,8,87738,87738,88544,88544,88544,"AMD Ryzen 5 5600GT with Radeon Graphics","Null Device",False
2026-10-08T02:33:14.2025050Z,bandwidth,L2bud-t2,bw.bytype.leave,share,80000,512,2,8,10,10,4,5,8,0.018,0.018,0.019,0.019,0.019,"AMD Ryzen 5 5600GT with Radeon Graphics","Null Device",False
2026-10-08T02:33:14.2029300Z,bandwidth,L2bud-t2,bw.leave,count,80000,512,2,8,10,10,4,5,8,47756,47756,48571,48571,48571,"AMD Ryzen 5 5600GT with Radeon Graphics","Null Device",False
2026-10-08T02:33:14.2033650Z,bandwidth,L2bud-t2,bw.bytype.explosion,share,80000,512,2,8,10,10,4,5,8,0.029,0.029,0.029,0.029,0.029,"AMD Ryzen 5 5600GT with Radeon Graphics","Null Device",False
2026-10-08T02:33:14.2037900Z,bandwidth,L2bud-t2,bw.explosion,count,80000,512,2,8,10,10,4,5,8,47525,47525,48518,48518,48518,"AMD Ryzen 5 5600GT with Radeon Graphics","Null Device",False
2026-10-08T02:33:14.2042240Z,bandwidth,L2bud-t2,bw.bytype.fogdelta,share,80000,512,2,8,10,10,4,5,8,0.019,0.019,0.025,0.025,0.025,"AMD Ryzen 5 5600GT with Radeon Graphics","Null Device",False
2026-10-08T02:33:14.2046560Z,bandwidth,L2bud-t2,bw.fogdelta,count,80000,512,2,8,10,10,4,5,8,87328,87328,119743,119743,119743,"AMD Ryzen 5 5600GT with Radeon Graphics","Null Device",False
2026-10-08T02:33:14.2050910Z,bandwidth,L2bud-t2,bw.waypoints,waypoints,80000,512,2,8,10,10,4,5,1,14.076,14.076,14.076,14.076,14.076,"AMD Ryzen 5 5600GT with Radeon Graphics","Null Device",False
2026-10-08T02:33:14.2055820Z,bandwidth,L2bud-t2,bw.waypoints.smoothed,waypoints,80000,512,2,8,10,10,4,5,1,2.5,2.5,2.5,2.5,2.5,"AMD Ryzen 5 5600GT with Radeon Graphics","Null Device",False
2026-10-08T02:33:14.2060200Z,bandwidth,L2bud-t2,bw.waypoints.saved,share,80000,512,2,8,10,10,4,5,1,0.822,0.822,0.822,0.822,0.822,"AMD Ryzen 5 5600GT with Radeon Graphics","Null Device",False
2026-10-08T02:33:14.2086210Z,bandwidth,L2bud-t2,bw.units,units,80000,512,2,8,10,10,4,5,1,79964,79964,79964,79964,79964,"AMD Ryzen 5 5600GT with Radeon Graphics","Null Device",False
2026-10-08T02:33:14.2129550Z,bandwidth,L2bud-t2,bw.units.engaged,share,80000,512,2,8,10,10,4,5,1,0.077,0.077,0.077,0.077,0.077,"AMD Ryzen 5 5600GT with Radeon Graphics","Null Device",False
2026-10-08T02:33:14.2134170Z,bandwidth,L2bud-t2,bw.units.ordered,share,80000,512,2,8,10,10,4,5,1,0.971,0.971,0.971,0.971,0.971,"AMD Ryzen 5 5600GT with Radeon Graphics","Null Device",False
2026-10-08T02:33:14.2140290Z,bandwidth,L2bud-t2,bw.allowed,units,80000,512,2,8,10,10,4,5,1,39973,39973,39973,39973,39973,"AMD Ryzen 5 5600GT with Radeon Graphics","Null Device",False
2026-10-08T02:33:14.2145000Z,bandwidth,L2bud-t2,bw.corrections.perunit,corrections,80000,512,2,8,10,10,4,5,1,0.002,0.002,0.002,0.002,0.002,"AMD Ryzen 5 5600GT with Radeon Graphics","Null Device",False
2026-10-08T02:33:14.2153690Z,bandwidth,L2bud-t2,bw.error.all.mean,tiles,80000,512,2,8,10,10,4,5,1,17.995,17.995,17.995,17.995,17.995,"AMD Ryzen 5 5600GT with Radeon Graphics","Null Device",False
2026-10-08T02:33:14.2158920Z,bandwidth,L2bud-t2,bw.error.all.p50,tiles,80000,512,2,8,10,10,4,5,1,17.641,17.641,17.641,17.641,17.641,"AMD Ryzen 5 5600GT with Radeon Graphics","Null Device",False
2026-10-08T02:33:14.2163990Z,bandwidth,L2bud-t2,bw.error.all.p95,tiles,80000,512,2,8,10,10,4,5,1,32.016,32.016,32.016,32.016,32.016,"AMD Ryzen 5 5600GT with Radeon Graphics","Null Device",False
2026-10-08T02:33:14.2168410Z,bandwidth,L2bud-t2,bw.error.all.p99,tiles,80000,512,2,8,10,10,4,5,1,32.016,32.016,32.016,32.016,32.016,"AMD Ryzen 5 5600GT with Radeon Graphics","Null Device",False
2026-10-08T02:33:14.2173350Z,bandwidth,L2bud-t2,bw.error.view.mean,tiles,80000,512,2,8,10,10,4,5,1,17.995,17.995,17.995,17.995,17.995,"AMD Ryzen 5 5600GT with Radeon Graphics","Null Device",False
2026-10-08T02:33:14.2177730Z,bandwidth,L2bud-t2,bw.error.view.p50,tiles,80000,512,2,8,10,10,4,5,1,17.641,17.641,17.641,17.641,17.641,"AMD Ryzen 5 5600GT with Radeon Graphics","Null Device",False
2026-10-08T02:33:14.2182170Z,bandwidth,L2bud-t2,bw.error.view.p95,tiles,80000,512,2,8,10,10,4,5,1,32.016,32.016,32.016,32.016,32.016,"AMD Ryzen 5 5600GT with Radeon Graphics","Null Device",False
2026-10-08T02:33:14.2186500Z,bandwidth,L2bud-t2,bw.error.view.p99,tiles,80000,512,2,8,10,10,4,5,1,32.016,32.016,32.016,32.016,32.016,"AMD Ryzen 5 5600GT with Radeon Graphics","Null Device",False
2026-10-08T02:33:14.2190780Z,bandwidth,L2bud-t2,bw.route.live,waypoints,80000,512,2,8,10,10,4,5,1,3552134,3552134,3552134,3552134,3552134,"AMD Ryzen 5 5600GT with Radeon Graphics","Null Device",False
2026-10-08T02:33:14.2195200Z,bandwidth,L2bud-t2,bw.route.arena,MB,80000,512,2,8,10,10,4,5,1,32,32,32,32,32,"AMD Ryzen 5 5600GT with Radeon Graphics","Null Device",False
2026-10-08T02:33:17.9176190Z,bandwidth,L2viewbud-t2,bw.snapshot.bytes,KB,80000,512,2,8,10,10,4,5,8,799.978,799.978,813.665,813.665,813.665,"AMD Ryzen 5 5600GT with Radeon Graphics","Null Device",False
2026-10-08T02:33:17.9276440Z,bandwidth,L2viewbud-t2,bw.snapshot.wire,KB,80000,512,2,8,10,10,4,5,8,835.561,835.561,849.884,849.884,849.884,"AMD Ryzen 5 5600GT with Radeon Graphics","Null Device",False
2026-10-08T02:33:17.9281160Z,bandwidth,L2viewbud-t2,bw.snapshot.units,units,80000,512,2,8,10,10,4,5,8,40000,40000,40000,40000,40000,"AMD Ryzen 5 5600GT with Radeon Graphics","Null Device",False
2026-10-08T02:33:17.9286110Z,bandwidth,L2viewbud-t2,bw.snapshot.seconds,s,80000,512,2,8,10,10,4,5,8,3.264,3.264,3.32,3.32,3.32,"AMD Ryzen 5 5600GT with Radeon Graphics","Null Device",False
2026-10-08T02:34:57.4715370Z,bandwidth,L2viewbud-t2,bw.avg,KB/s,80000,512,2,8,10,10,4,5,8,94.363,94.344,94.722,94.748,94.754,"AMD Ryzen 5 5600GT with Radeon Graphics","Null Device",False
2026-10-08T02:34:57.4720710Z,bandwidth,L2viewbud-t2,bw.peak1s,KB/s,80000,512,2,8,10,10,4,5,8,417.384,417.384,423.623,423.623,423.623,"AMD Ryzen 5 5600GT with Radeon Graphics","Null Device",False
2026-10-08T02:34:57.4725430Z,bandwidth,L2viewbud-t2,bw.wire.avg,KB/s,80000,512,2,8,10,10,4,5,8,99.626,99.604,100.08,100.106,100.113,"AMD Ryzen 5 5600GT with Radeon Graphics","Null Device",False
2026-10-08T02:34:57.4729850Z,bandwidth,L2viewbud-t2,bw.wire.peak1s,KB/s,80000,512,2,8,10,10,4,5,8,436.701,436.701,443.401,443.401,443.401,"AMD Ryzen 5 5600GT with Radeon Graphics","Null Device",False
2026-10-08T02:34:57.4734450Z,bandwidth,L2viewbud-t2,bw.encode.ms,ms,80000,512,2,8,10,10,4,5,1200,57.313,62.482,74.734,81.486,111.058,"AMD Ryzen 5 5600GT with Radeon Graphics","Null Device",False
2026-10-08T02:34:57.4743410Z,bandwidth,L2viewbud-t2,bw.interest.ms,ms,80000,512,2,8,10,10,4,5,1200,2.208,2.145,2.615,3.221,3.586,"AMD Ryzen 5 5600GT with Radeon Graphics","Null Device",False
2026-10-08T02:34:57.4753050Z,bandwidth,L2viewbud-t2,bw.routes.ms,ms,80000,512,2,8,10,10,4,5,1200,1.456,1.003,1.423,23.163,52.021,"AMD Ryzen 5 5600GT with Radeon Graphics","Null Device",False
2026-10-08T02:34:57.4762320Z,bandwidth,L2viewbud-t2,bw.routes.deferred,units,80000,512,2,8,10,10,4,5,1200,0,0,0,0,0,"AMD Ryzen 5 5600GT with Radeon Graphics","Null Device",False
2026-10-08T02:34:57.4783630Z,bandwidth,L2viewbud-t2,bw.bytype.moveorder,share,80000,512,2,8,10,10,4,5,8,0.532,0.532,0.534,0.535,0.535,"AMD Ryzen 5 5600GT with Radeon Graphics","Null Device",False
2026-10-08T02:34:57.4788640Z,bandwidth,L2viewbud-t2,bw.moveorder,count,80000,512,2,8,10,10,4,5,8,74222.5,74222.5,74925,74925,74925,"AMD Ryzen 5 5600GT with Radeon Graphics","Null Device",False
2026-10-08T02:34:57.4793170Z,bandwidth,L2viewbud-t2,bw.bytype.correction,share,80000,512,2,8,10,10,4,5,8,0.08,0.08,0.085,0.085,0.085,"AMD Ryzen 5 5600GT with Radeon Graphics","Null Device",False
2026-10-08T02:34:57.4798440Z,bandwidth,L2viewbud-t2,bw.correction,count,80000,512,2,8,10,10,4,5,8,117320.75,118941,122151.3,122431.86,122502,"AMD Ryzen 5 5600GT with Radeon Graphics","Null Device",False
2026-10-08T02:34:57.4802940Z,bandwidth,L2viewbud-t2,bw.bytype.health,share,80000,512,2,8,10,10,4,5,8,0.102,0.103,0.105,0.105,0.105,"AMD Ryzen 5 5600GT with Radeon Graphics","Null Device",False
2026-10-08T02:34:57.4807340Z,bandwidth,L2viewbud-t2,bw.health,count,80000,512,2,8,10,10,4,5,8,310000,310000,316727,316727,316727,"AMD Ryzen 5 5600GT with Radeon Graphics","Null Device",False
2026-10-08T02:34:57.4811590Z,bandwidth,L2viewbud-t2,bw.bytype.enter,share,80000,512,2,8,10,10,4,5,8,0.219,0.219,0.22,0.22,0.22,"AMD Ryzen 5 5600GT with Radeon Graphics","Null Device",False
2026-10-08T02:34:57.4815880Z,bandwidth,L2viewbud-t2,bw.enter,count,80000,512,2,8,10,10,4,5,8,87738,87738,88544,88544,88544,"AMD Ryzen 5 5600GT with Radeon Graphics","Null Device",False
2026-10-08T02:34:57.4820400Z,bandwidth,L2viewbud-t2,bw.bytype.leave,share,80000,512,2,8,10,10,4,5,8,0.018,0.018,0.019,0.019,0.019,"AMD Ryzen 5 5600GT with Radeon Graphics","Null Device",False
2026-10-08T02:34:57.4825150Z,bandwidth,L2viewbud-t2,bw.leave,count,80000,512,2,8,10,10,4,5,8,47756,47756,48571,48571,48571,"AMD Ryzen 5 5600GT with Radeon Graphics","Null Device",False
2026-10-08T02:34:57.4829830Z,bandwidth,L2viewbud-t2,bw.bytype.explosion,share,80000,512,2,8,10,10,4,5,8,0.029,0.029,0.03,0.03,0.03,"AMD Ryzen 5 5600GT with Radeon Graphics","Null Device",False
2026-10-08T02:34:57.4834490Z,bandwidth,L2viewbud-t2,bw.explosion,count,80000,512,2,8,10,10,4,5,8,47525,47525,48518,48518,48518,"AMD Ryzen 5 5600GT with Radeon Graphics","Null Device",False
2026-10-08T02:34:57.4838990Z,bandwidth,L2viewbud-t2,bw.bytype.fogdelta,share,80000,512,2,8,10,10,4,5,8,0.019,0.019,0.025,0.025,0.025,"AMD Ryzen 5 5600GT with Radeon Graphics","Null Device",False
2026-10-08T02:34:57.4843440Z,bandwidth,L2viewbud-t2,bw.fogdelta,count,80000,512,2,8,10,10,4,5,8,87328,87328,119743,119743,119743,"AMD Ryzen 5 5600GT with Radeon Graphics","Null Device",False
2026-10-08T02:34:57.4848730Z,bandwidth,L2viewbud-t2,bw.waypoints,waypoints,80000,512,2,8,10,10,4,5,1,14.076,14.076,14.076,14.076,14.076,"AMD Ryzen 5 5600GT with Radeon Graphics","Null Device",False
2026-10-08T02:34:57.4853190Z,bandwidth,L2viewbud-t2,bw.waypoints.smoothed,waypoints,80000,512,2,8,10,10,4,5,1,2.5,2.5,2.5,2.5,2.5,"AMD Ryzen 5 5600GT with Radeon Graphics","Null Device",False
2026-10-08T02:34:57.4857450Z,bandwidth,L2viewbud-t2,bw.waypoints.saved,share,80000,512,2,8,10,10,4,5,1,0.822,0.822,0.822,0.822,0.822,"AMD Ryzen 5 5600GT with Radeon Graphics","Null Device",False
2026-10-08T02:34:57.4884820Z,bandwidth,L2viewbud-t2,bw.units,units,80000,512,2,8,10,10,4,5,1,79964,79964,79964,79964,79964,"AMD Ryzen 5 5600GT with Radeon Graphics","Null Device",False
2026-10-08T02:34:57.4926820Z,bandwidth,L2viewbud-t2,bw.units.engaged,share,80000,512,2,8,10,10,4,5,1,0.077,0.077,0.077,0.077,0.077,"AMD Ryzen 5 5600GT with Radeon Graphics","Null Device",False
2026-10-08T02:34:57.4932250Z,bandwidth,L2viewbud-t2,bw.units.ordered,share,80000,512,2,8,10,10,4,5,1,0.971,0.971,0.971,0.971,0.971,"AMD Ryzen 5 5600GT with Radeon Graphics","Null Device",False
2026-10-08T02:34:57.4939860Z,bandwidth,L2viewbud-t2,bw.allowed,units,80000,512,2,8,10,10,4,5,1,39973,39973,39973,39973,39973,"AMD Ryzen 5 5600GT with Radeon Graphics","Null Device",False
2026-10-08T02:34:57.4944860Z,bandwidth,L2viewbud-t2,bw.corrections.perunit,corrections,80000,512,2,8,10,10,4,5,1,0.003,0.003,0.003,0.003,0.003,"AMD Ryzen 5 5600GT with Radeon Graphics","Null Device",False
2026-10-08T02:34:57.4954240Z,bandwidth,L2viewbud-t2,bw.error.all.mean,tiles,80000,512,2,8,10,10,4,5,1,20.48,20.48,20.48,20.48,20.48,"AMD Ryzen 5 5600GT with Radeon Graphics","Null Device",False
2026-10-08T02:34:57.4959870Z,bandwidth,L2viewbud-t2,bw.error.all.p50,tiles,80000,512,2,8,10,10,4,5,1,28.578,28.578,28.578,28.578,28.578,"AMD Ryzen 5 5600GT with Radeon Graphics","Null Device",False
2026-10-08T02:34:57.4964520Z,bandwidth,L2viewbud-t2,bw.error.all.p95,tiles,80000,512,2,8,10,10,4,5,1,32.016,32.016,32.016,32.016,32.016,"AMD Ryzen 5 5600GT with Radeon Graphics","Null Device",False
2026-10-08T02:34:57.4969080Z,bandwidth,L2viewbud-t2,bw.error.all.p99,tiles,80000,512,2,8,10,10,4,5,1,32.016,32.016,32.016,32.016,32.016,"AMD Ryzen 5 5600GT with Radeon Graphics","Null Device",False
2026-10-08T02:34:57.4973670Z,bandwidth,L2viewbud-t2,bw.error.view.mean,tiles,80000,512,2,8,10,10,4,5,1,14.566,14.566,14.566,14.566,14.566,"AMD Ryzen 5 5600GT with Radeon Graphics","Null Device",False
2026-10-08T02:34:57.4978120Z,bandwidth,L2viewbud-t2,bw.error.view.p50,tiles,80000,512,2,8,10,10,4,5,1,8.938,8.938,8.938,8.938,8.938,"AMD Ryzen 5 5600GT with Radeon Graphics","Null Device",False
2026-10-08T02:34:57.4982440Z,bandwidth,L2viewbud-t2,bw.error.view.p95,tiles,80000,512,2,8,10,10,4,5,1,32.016,32.016,32.016,32.016,32.016,"AMD Ryzen 5 5600GT with Radeon Graphics","Null Device",False
2026-10-08T02:34:57.4986670Z,bandwidth,L2viewbud-t2,bw.error.view.p99,tiles,80000,512,2,8,10,10,4,5,1,32.016,32.016,32.016,32.016,32.016,"AMD Ryzen 5 5600GT with Radeon Graphics","Null Device",False
2026-10-08T02:34:57.4991080Z,bandwidth,L2viewbud-t2,bw.route.live,waypoints,80000,512,2,8,10,10,4,5,1,3552134,3552134,3552134,3552134,3552134,"AMD Ryzen 5 5600GT with Radeon Graphics","Null Device",False
2026-10-08T02:34:57.4995480Z,bandwidth,L2viewbud-t2,bw.route.arena,MB,80000,512,2,8,10,10,4,5,1,32,32,32,32,32,"AMD Ryzen 5 5600GT with Radeon Graphics","Null Device",False
2026-10-08T02:42:25.7394810Z,bandwidth,base-t8,bw.snapshot.bytes,KB,80000,512,8,8,10,10,4,5,8,397.208,401.281,403.532,403.532,403.532,"AMD Ryzen 5 5600GT with Radeon Graphics","Null Device",False
2026-10-08T02:42:25.7487280Z,bandwidth,base-t8,bw.snapshot.wire,KB,80000,512,8,8,10,10,4,5,8,414.873,419.137,421.464,421.464,421.464,"AMD Ryzen 5 5600GT with Radeon Graphics","Null Device",False
2026-10-08T02:42:25.7494350Z,bandwidth,base-t8,bw.snapshot.units,units,80000,512,8,8,10,10,4,5,8,20000,20000,20000,20000,20000,"AMD Ryzen 5 5600GT with Radeon Graphics","Null Device",False
2026-10-08T02:42:25.7501120Z,bandwidth,base-t8,bw.snapshot.seconds,s,80000,512,8,8,10,10,4,5,8,1.621,1.637,1.646,1.646,1.646,"AMD Ryzen 5 5600GT with Radeon Graphics","Null Device",False
2026-10-08T02:43:09.4951310Z,bandwidth,base-t8,bw.avg,KB/s,80000,512,8,8,10,10,4,5,8,652.968,657.2,680.697,683.586,684.308,"AMD Ryzen 5 5600GT with Radeon Graphics","Null Device",False
2026-10-08T02:43:09.4957090Z,bandwidth,base-t8,bw.peak1s,KB/s,80000,512,8,8,10,10,4,5,8,1048.905,1048.225,1070.169,1072.196,1072.703,"AMD Ryzen 5 5600GT with Radeon Graphics","Null Device",False
2026-10-08T02:43:09.4962060Z,bandwidth,base-t8,bw.wire.avg,KB/s,80000,512,8,8,10,10,4,5,8,709.288,714.221,739.152,742.39,743.199,"AMD Ryzen 5 5600GT with Radeon Graphics","Null Device",False
2026-10-08T02:43:09.4966730Z,bandwidth,base-t8,bw.wire.peak1s,KB/s,80000,512,8,8,10,10,4,5,8,1135.209,1134.624,1157.694,1159.791,1160.315,"AMD Ryzen 5 5600GT with Radeon Graphics","Null Device",False
2026-10-08T02:43:09.4971510Z,bandwidth,base-t8,bw.encode.ms,ms,80000,512,8,8,10,10,4,5,1200,2.512,2.415,3.763,4.803,7.199,"AMD Ryzen 5 5600GT with Radeon Graphics","Null Device",False
2026-10-08T02:43:09.4981680Z,bandwidth,base-t8,bw.interest.ms,ms,80000,512,8,8,10,10,4,5,1200,5.066,5.004,5.578,5.993,6.981,"AMD Ryzen 5 5600GT with Radeon Graphics","Null Device",False
2026-10-08T02:43:09.4992560Z,bandwidth,base-t8,bw.routes.ms,ms,80000,512,8,8,10,10,4,5,1200,1.595,1.07,1.839,24.543,55.249,"AMD Ryzen 5 5600GT with Radeon Graphics","Null Device",False
2026-10-08T02:43:09.5008090Z,bandwidth,base-t8,bw.routes.deferred,units,80000,512,8,8,10,10,4,5,1200,0,0,0,0,0,"AMD Ryzen 5 5600GT with Radeon Graphics","Null Device",False
2026-10-08T02:43:09.5039360Z,bandwidth,base-t8,bw.bytype.moveorder,share,80000,512,8,8,10,10,4,5,8,0.028,0.028,0.033,0.034,0.034,"AMD Ryzen 5 5600GT with Radeon Graphics","Null Device",False
2026-10-08T02:43:09.5045510Z,bandwidth,base-t8,bw.moveorder,count,80000,512,8,8,10,10,4,5,8,25839.75,25710.5,26645.85,26833.17,26880,"AMD Ryzen 5 5600GT with Radeon Graphics","Null Device",False
2026-10-08T02:43:09.5050560Z,bandwidth,base-t8,bw.bytype.correction,share,80000,512,8,8,10,10,4,5,8,0.875,0.877,0.904,0.908,0.909,"AMD Ryzen 5 5600GT with Radeon Graphics","Null Device",False
2026-10-08T02:43:09.5055290Z,bandwidth,base-t8,bw.correction,count,80000,512,8,8,10,10,4,5,8,5858313.375,5945304.5,6095890.55,6124217.31,6131299,"AMD Ryzen 5 5600GT with Radeon Graphics","Null Device",False
2026-10-08T02:43:09.5060290Z,bandwidth,base-t8,bw.bytype.health,share,80000,512,8,8,10,10,4,5,8,0.008,0.008,0.009,0.009,0.009,"AMD Ryzen 5 5600GT with Radeon Graphics","Null Device",False
2026-10-08T02:43:09.5065070Z,bandwidth,base-t8,bw.health,count,80000,512,8,8,10,10,4,5,8,154873.75,154123,165548.15,165584.83,165594,"AMD Ryzen 5 5600GT with Radeon Graphics","Null Device",False
2026-10-08T02:43:09.5070420Z,bandwidth,base-t8,bw.bytype.enter,share,80000,512,8,8,10,10,4,5,8,0.08,0.076,0.118,0.128,0.13,"AMD Ryzen 5 5600GT with Radeon Graphics","Null Device",False
2026-10-08T02:43:09.5076710Z,bandwidth,base-t8,bw.enter,count,80000,512,8,8,10,10,4,5,8,77559.875,73264,105148.25,113975.25,116182,"AMD Ryzen 5 5600GT with Radeon Graphics","Null Device",False
2026-10-08T02:43:09.5081600Z,bandwidth,base-t8,bw.bytype.leave,share,80000,512,8,8,10,10,4,5,8,0.004,0.004,0.006,0.007,0.007,"AMD Ryzen 5 5600GT with Radeon Graphics","Null Device",False
2026-10-08T02:43:09.5086700Z,bandwidth,base-t8,bw.leave,count,80000,512,8,8,10,10,4,5,8,65540.5,60896,93141.35,102241.07,104516,"AMD Ryzen 5 5600GT with Radeon Graphics","Null Device",False
2026-10-08T02:43:09.5091930Z,bandwidth,base-t8,bw.bytype.explosion,share,80000,512,8,8,10,10,4,5,8,0.002,0.002,0.003,0.003,0.003,"AMD Ryzen 5 5600GT with Radeon Graphics","Null Device",False
2026-10-08T02:43:09.5096940Z,bandwidth,base-t8,bw.explosion,count,80000,512,8,8,10,10,4,5,8,23823.5,23535.5,25396.25,25408.85,25412,"AMD Ryzen 5 5600GT with Radeon Graphics","Null Device",False
2026-10-08T02:43:09.5101890Z,bandwidth,base-t8,bw.bytype.fogdelta,share,80000,512,8,8,10,10,4,5,8,0.001,0.001,0.002,0.002,0.002,"AMD Ryzen 5 5600GT with Radeon Graphics","Null Device",False
2026-10-08T02:43:09.5106420Z,bandwidth,base-t8,bw.fogdelta,count,80000,512,8,8,10,10,4,5,8,36779.375,33971.5,58635.6,66661.52,68668,"AMD Ryzen 5 5600GT with Radeon Graphics","Null Device",False
2026-10-08T02:43:09.5110950Z,bandwidth,base-t8,bw.waypoints,waypoints,80000,512,8,8,10,10,4,5,1,14.076,14.076,14.076,14.076,14.076,"AMD Ryzen 5 5600GT with Radeon Graphics","Null Device",False
2026-10-08T02:43:09.5115450Z,bandwidth,base-t8,bw.waypoints.smoothed,waypoints,80000,512,8,8,10,10,4,5,1,2.5,2.5,2.5,2.5,2.5,"AMD Ryzen 5 5600GT with Radeon Graphics","Null Device",False
2026-10-08T02:43:09.5119760Z,bandwidth,base-t8,bw.waypoints.saved,share,80000,512,8,8,10,10,4,5,1,0.822,0.822,0.822,0.822,0.822,"AMD Ryzen 5 5600GT with Radeon Graphics","Null Device",False
2026-10-08T02:43:09.5146550Z,bandwidth,base-t8,bw.units,units,80000,512,8,8,10,10,4,5,1,79964,79964,79964,79964,79964,"AMD Ryzen 5 5600GT with Radeon Graphics","Null Device",False
2026-10-08T02:43:09.5197640Z,bandwidth,base-t8,bw.units.engaged,share,80000,512,8,8,10,10,4,5,1,0.077,0.077,0.077,0.077,0.077,"AMD Ryzen 5 5600GT with Radeon Graphics","Null Device",False
2026-10-08T02:43:09.5207980Z,bandwidth,base-t8,bw.units.ordered,share,80000,512,8,8,10,10,4,5,1,0.971,0.971,0.971,0.971,0.971,"AMD Ryzen 5 5600GT with Radeon Graphics","Null Device",False
2026-10-08T02:43:09.5216930Z,bandwidth,base-t8,bw.allowed,units,80000,512,8,8,10,10,4,5,1,12736,12736,12736,12736,12736,"AMD Ryzen 5 5600GT with Radeon Graphics","Null Device",False
2026-10-08T02:43:09.5223970Z,bandwidth,base-t8,bw.corrections.perunit,corrections,80000,512,8,8,10,10,4,5,1,0.387,0.387,0.387,0.387,0.387,"AMD Ryzen 5 5600GT with Radeon Graphics","Null Device",False
2026-10-08T02:43:09.5239220Z,bandwidth,base-t8,bw.error.all.mean,tiles,80000,512,8,8,10,10,4,5,1,0.041,0.041,0.041,0.041,0.041,"AMD Ryzen 5 5600GT with Radeon Graphics","Null Device",False
2026-10-08T02:43:09.5247370Z,bandwidth,base-t8,bw.error.all.p50,tiles,80000,512,8,8,10,10,4,5,1,0.031,0.031,0.031,0.031,0.031,"AMD Ryzen 5 5600GT with Radeon Graphics","Null Device",False
2026-10-08T02:43:09.5254400Z,bandwidth,base-t8,bw.error.all.p95,tiles,80000,512,8,8,10,10,4,5,1,0.188,0.188,0.188,0.188,0.188,"AMD Ryzen 5 5600GT with Radeon Graphics","Null Device",False
2026-10-08T02:43:09.5261160Z,bandwidth,base-t8,bw.error.all.p99,tiles,80000,512,8,8,10,10,4,5,1,0.25,0.25,0.25,0.25,0.25,"AMD Ryzen 5 5600GT with Radeon Graphics","Null Device",False
2026-10-08T02:43:09.5269000Z,bandwidth,base-t8,bw.error.view.mean,tiles,80000,512,8,8,10,10,4,5,1,0.041,0.041,0.041,0.041,0.041,"AMD Ryzen 5 5600GT with Radeon Graphics","Null Device",False
2026-10-08T02:43:09.5275620Z,bandwidth,base-t8,bw.error.view.p50,tiles,80000,512,8,8,10,10,4,5,1,0.031,0.031,0.031,0.031,0.031,"AMD Ryzen 5 5600GT with Radeon Graphics","Null Device",False
2026-10-08T02:43:09.5282360Z,bandwidth,base-t8,bw.error.view.p95,tiles,80000,512,8,8,10,10,4,5,1,0.188,0.188,0.188,0.188,0.188,"AMD Ryzen 5 5600GT with Radeon Graphics","Null Device",False
2026-10-08T02:43:09.5288890Z,bandwidth,base-t8,bw.error.view.p99,tiles,80000,512,8,8,10,10,4,5,1,0.25,0.25,0.25,0.25,0.25,"AMD Ryzen 5 5600GT with Radeon Graphics","Null Device",False
2026-10-08T02:43:09.5295600Z,bandwidth,base-t8,bw.route.live,waypoints,80000,512,8,8,10,10,4,5,1,3552134,3552134,3552134,3552134,3552134,"AMD Ryzen 5 5600GT with Radeon Graphics","Null Device",False
2026-10-08T02:43:09.5302590Z,bandwidth,base-t8,bw.route.arena,MB,80000,512,8,8,10,10,4,5,1,32,32,32,32,32,"AMD Ryzen 5 5600GT with Radeon Graphics","Null Device",False
2026-10-08T02:43:13.2094370Z,bandwidth,L2view-t2,bw.snapshot.bytes,KB,80000,512,2,8,10,10,4,5,8,799.978,799.978,813.665,813.665,813.665,"AMD Ryzen 5 5600GT with Radeon Graphics","Null Device",False
2026-10-08T02:43:13.2195850Z,bandwidth,L2view-t2,bw.snapshot.wire,KB,80000,512,2,8,10,10,4,5,8,835.561,835.561,849.884,849.884,849.884,"AMD Ryzen 5 5600GT with Radeon Graphics","Null Device",False
2026-10-08T02:43:13.2201390Z,bandwidth,L2view-t2,bw.snapshot.units,units,80000,512,2,8,10,10,4,5,8,40000,40000,40000,40000,40000,"AMD Ryzen 5 5600GT with Radeon Graphics","Null Device",False
2026-10-08T02:43:13.2206580Z,bandwidth,L2view-t2,bw.snapshot.seconds,s,80000,512,2,8,10,10,4,5,8,3.264,3.264,3.32,3.32,3.32,"AMD Ryzen 5 5600GT with Radeon Graphics","Null Device",False
2026-10-08T02:43:53.4516230Z,bandwidth,L2view-t2,bw.avg,KB/s,80000,512,2,8,10,10,4,5,8,276.906,272.035,299.845,300.514,300.681,"AMD Ryzen 5 5600GT with Radeon Graphics","Null Device",False
2026-10-08T02:43:53.4522310Z,bandwidth,L2view-t2,bw.peak1s,KB/s,80000,512,2,8,10,10,4,5,8,579.624,574.07,607.617,613.273,614.687,"AMD Ryzen 5 5600GT with Radeon Graphics","Null Device",False
2026-10-08T02:43:53.4527170Z,bandwidth,L2view-t2,bw.wire.avg,KB/s,80000,512,2,8,10,10,4,5,8,298.623,293.359,323.685,324.478,324.676,"AMD Ryzen 5 5600GT with Radeon Graphics","Null Device",False
2026-10-08T02:43:53.4532920Z,bandwidth,L2view-t2,bw.wire.peak1s,KB/s,80000,512,2,8,10,10,4,5,8,613.701,607.913,643.802,650.008,651.56,"AMD Ryzen 5 5600GT with Radeon Graphics","Null Device",False
2026-10-08T02:43:53.4539160Z,bandwidth,L2view-t2,bw.encode.ms,ms,80000,512,2,8,10,10,4,5,1200,3.076,3.06,4.423,5.059,10.251,"AMD Ryzen 5 5600GT with Radeon Graphics","Null Device",False
2026-10-08T02:43:53.4550580Z,bandwidth,L2view-t2,bw.interest.ms,ms,80000,512,2,8,10,10,4,5,1200,2.418,2.305,3.264,3.487,3.657,"AMD Ryzen 5 5600GT with Radeon Graphics","Null Device",False
2026-10-08T02:43:53.4561360Z,bandwidth,L2view-t2,bw.routes.ms,ms,80000,512,2,8,10,10,4,5,1200,1.601,1.1,1.675,23.828,54.129,"AMD Ryzen 5 5600GT with Radeon Graphics","Null Device",False
2026-10-08T02:43:53.4571630Z,bandwidth,L2view-t2,bw.routes.deferred,units,80000,512,2,8,10,10,4,5,1200,0,0,0,0,0,"AMD Ryzen 5 5600GT with Radeon Graphics","Null Device",False
2026-10-08T02:43:53.4596370Z,bandwidth,L2view-t2,bw.bytype.moveorder,share,80000,512,2,8,10,10,4,5,8,0.198,0.201,0.211,0.213,0.214,"AMD Ryzen 5 5600GT with Radeon Graphics","Null Device",False
2026-10-08T02:43:53.4601600Z,bandwidth,L2view-t2,bw.moveorder,count,80000,512,2,8,10,10,4,5,8,74222.5,74222.5,74925,74925,74925,"AMD Ryzen 5 5600GT with Radeon Graphics","Null Device",False
2026-10-08T02:43:53.4606270Z,bandwidth,L2view-t2,bw.bytype.correction,share,80000,512,2,8,10,10,4,5,8,0.658,0.654,0.684,0.685,0.685,"AMD Ryzen 5 5600GT with Radeon Graphics","Null Device",False
2026-10-08T02:43:53.4610690Z,bandwidth,L2view-t2,bw.correction,count,80000,512,2,8,10,10,4,5,8,2880017.375,2807771.5,3233055.95,3244295.99,3247106,"AMD Ryzen 5 5600GT with Radeon Graphics","Null Device",False
2026-10-08T02:43:53.4615240Z,bandwidth,L2view-t2,bw.bytype.health,share,80000,512,2,8,10,10,4,5,8,0.038,0.039,0.04,0.04,0.04,"AMD Ryzen 5 5600GT with Radeon Graphics","Null Device",False
2026-10-08T02:43:53.4620080Z,bandwidth,L2view-t2,bw.health,count,80000,512,2,8,10,10,4,5,8,310000,310000,316727,316727,316727,"AMD Ryzen 5 5600GT with Radeon Graphics","Null Device",False
2026-10-08T02:43:53.4624850Z,bandwidth,L2view-t2,bw.bytype.enter,share,80000,512,2,8,10,10,4,5,8,0.081,0.083,0.086,0.087,0.087,"AMD Ryzen 5 5600GT with Radeon Graphics","Null Device",False
2026-10-08T02:43:53.4629320Z,bandwidth,L2view-t2,bw.enter,count,80000,512,2,8,10,10,4,5,8,87738,87738,88544,88544,88544,"AMD Ryzen 5 5600GT with Radeon Graphics","Null Device",False
2026-10-08T02:43:53.4633870Z,bandwidth,L2view-t2,bw.bytype.leave,share,80000,512,2,8,10,10,4,5,8,0.007,0.007,0.007,0.007,0.007,"AMD Ryzen 5 5600GT with Radeon Graphics","Null Device",False
2026-10-08T02:43:53.4638580Z,bandwidth,L2view-t2,bw.leave,count,80000,512,2,8,10,10,4,5,8,47756,47756,48571,48571,48571,"AMD Ryzen 5 5600GT with Radeon Graphics","Null Device",False
2026-10-08T02:43:53.4643120Z,bandwidth,L2view-t2,bw.bytype.explosion,share,80000,512,2,8,10,10,4,5,8,0.011,0.011,0.011,0.011,0.011,"AMD Ryzen 5 5600GT with Radeon Graphics","Null Device",False
2026-10-08T02:43:53.4647540Z,bandwidth,L2view-t2,bw.explosion,count,80000,512,2,8,10,10,4,5,8,47525,47525,48518,48518,48518,"AMD Ryzen 5 5600GT with Radeon Graphics","Null Device",False
2026-10-08T02:43:53.4651950Z,bandwidth,L2view-t2,bw.bytype.fogdelta,share,80000,512,2,8,10,10,4,5,8,0.007,0.007,0.01,0.01,0.01,"AMD Ryzen 5 5600GT with Radeon Graphics","Null Device",False
2026-10-08T02:43:53.4656400Z,bandwidth,L2view-t2,bw.fogdelta,count,80000,512,2,8,10,10,4,5,8,87328,87328,119743,119743,119743,"AMD Ryzen 5 5600GT with Radeon Graphics","Null Device",False
2026-10-08T02:43:53.4661010Z,bandwidth,L2view-t2,bw.waypoints,waypoints,80000,512,2,8,10,10,4,5,1,14.076,14.076,14.076,14.076,14.076,"AMD Ryzen 5 5600GT with Radeon Graphics","Null Device",False
2026-10-08T02:43:53.4665970Z,bandwidth,L2view-t2,bw.waypoints.smoothed,waypoints,80000,512,2,8,10,10,4,5,1,2.5,2.5,2.5,2.5,2.5,"AMD Ryzen 5 5600GT with Radeon Graphics","Null Device",False
2026-10-08T02:43:53.4671360Z,bandwidth,L2view-t2,bw.waypoints.saved,share,80000,512,2,8,10,10,4,5,1,0.822,0.822,0.822,0.822,0.822,"AMD Ryzen 5 5600GT with Radeon Graphics","Null Device",False
2026-10-08T02:43:53.4704990Z,bandwidth,L2view-t2,bw.units,units,80000,512,2,8,10,10,4,5,1,79964,79964,79964,79964,79964,"AMD Ryzen 5 5600GT with Radeon Graphics","Null Device",False
2026-10-08T02:43:53.4763670Z,bandwidth,L2view-t2,bw.units.engaged,share,80000,512,2,8,10,10,4,5,1,0.077,0.077,0.077,0.077,0.077,"AMD Ryzen 5 5600GT with Radeon Graphics","Null Device",False
2026-10-08T02:43:53.4769110Z,bandwidth,L2view-t2,bw.units.ordered,share,80000,512,2,8,10,10,4,5,1,0.971,0.971,0.971,0.971,0.971,"AMD Ryzen 5 5600GT with Radeon Graphics","Null Device",False
2026-10-08T02:43:53.4775890Z,bandwidth,L2view-t2,bw.allowed,units,80000,512,2,8,10,10,4,5,1,39973,39973,39973,39973,39973,"AMD Ryzen 5 5600GT with Radeon Graphics","Null Device",False
2026-10-08T02:43:53.4781140Z,bandwidth,L2view-t2,bw.corrections.perunit,corrections,80000,512,2,8,10,10,4,5,1,0.057,0.057,0.057,0.057,0.057,"AMD Ryzen 5 5600GT with Radeon Graphics","Null Device",False
2026-10-08T02:43:53.4792470Z,bandwidth,L2view-t2,bw.error.all.mean,tiles,80000,512,2,8,10,10,4,5,1,0.214,0.214,0.214,0.214,0.214,"AMD Ryzen 5 5600GT with Radeon Graphics","Null Device",False
2026-10-08T02:43:53.4798190Z,bandwidth,L2view-t2,bw.error.all.p50,tiles,80000,512,2,8,10,10,4,5,1,0.063,0.063,0.063,0.063,0.063,"AMD Ryzen 5 5600GT with Radeon Graphics","Null Device",False
2026-10-08T02:43:53.4804180Z,bandwidth,L2view-t2,bw.error.all.p95,tiles,80000,512,2,8,10,10,4,5,1,1.391,1.391,1.391,1.391,1.391,"AMD Ryzen 5 5600GT with Radeon Graphics","Null Device",False
2026-10-08T02:43:53.4809370Z,bandwidth,L2view-t2,bw.error.all.p99,tiles,80000,512,2,8,10,10,4,5,1,1.891,1.891,1.891,1.891,1.891,"AMD Ryzen 5 5600GT with Radeon Graphics","Null Device",False
2026-10-08T02:43:53.4814680Z,bandwidth,L2view-t2,bw.error.view.mean,tiles,80000,512,2,8,10,10,4,5,1,0.057,0.057,0.057,0.057,0.057,"AMD Ryzen 5 5600GT with Radeon Graphics","Null Device",False
2026-10-08T02:43:53.4818980Z,bandwidth,L2view-t2,bw.error.view.p50,tiles,80000,512,2,8,10,10,4,5,1,0.063,0.063,0.063,0.063,0.063,"AMD Ryzen 5 5600GT with Radeon Graphics","Null Device",False
2026-10-08T02:43:53.4823280Z,bandwidth,L2view-t2,bw.error.view.p95,tiles,80000,512,2,8,10,10,4,5,1,0.156,0.156,0.156,0.156,0.156,"AMD Ryzen 5 5600GT with Radeon Graphics","Null Device",False
2026-10-08T02:43:53.4827600Z,bandwidth,L2view-t2,bw.error.view.p99,tiles,80000,512,2,8,10,10,4,5,1,0.234,0.234,0.234,0.234,0.234,"AMD Ryzen 5 5600GT with Radeon Graphics","Null Device",False
2026-10-08T02:43:53.4834160Z,bandwidth,L2view-t2,bw.route.live,waypoints,80000,512,2,8,10,10,4,5,1,3552134,3552134,3552134,3552134,3552134,"AMD Ryzen 5 5600GT with Radeon Graphics","Null Device",False
2026-10-08T02:43:53.4839140Z,bandwidth,L2view-t2,bw.route.arena,MB,80000,512,2,8,10,10,4,5,1,32,32,32,32,32,"AMD Ryzen 5 5600GT with Radeon Graphics","Null Device",False
2026-10-08T02:44:14.4183680Z,bandwidth,V1-t8,bw.snapshot.bytes,KB,80000,512,8,8,10,10,4,5,8,397.208,401.281,403.532,403.532,403.532,"AMD Ryzen 5 5600GT with Radeon Graphics","Null Device",False
2026-10-08T02:44:14.4272620Z,bandwidth,V1-t8,bw.snapshot.wire,KB,80000,512,8,8,10,10,4,5,8,414.873,419.137,421.464,421.464,421.464,"AMD Ryzen 5 5600GT with Radeon Graphics","Null Device",False
2026-10-08T02:44:14.4277280Z,bandwidth,V1-t8,bw.snapshot.units,units,80000,512,8,8,10,10,4,5,8,20000,20000,20000,20000,20000,"AMD Ryzen 5 5600GT with Radeon Graphics","Null Device",False
2026-10-08T02:44:14.4281840Z,bandwidth,V1-t8,bw.snapshot.seconds,s,80000,512,8,8,10,10,4,5,8,1.621,1.637,1.646,1.646,1.646,"AMD Ryzen 5 5600GT with Radeon Graphics","Null Device",False
2026-10-08T02:44:57.8748940Z,bandwidth,V1-t8,bw.avg,KB/s,80000,512,8,8,10,10,4,5,8,182.793,185.393,191.905,192.487,192.632,"AMD Ryzen 5 5600GT with Radeon Graphics","Null Device",False
2026-10-08T02:44:57.8755650Z,bandwidth,V1-t8,bw.peak1s,KB/s,80000,512,8,8,10,10,4,5,8,306.747,301.609,339.893,341.531,341.94,"AMD Ryzen 5 5600GT with Radeon Graphics","Null Device",False
2026-10-08T02:44:57.8760620Z,bandwidth,V1-t8,bw.wire.avg,KB/s,80000,512,8,8,10,10,4,5,8,197.034,199.965,206.12,206.129,206.132,"AMD Ryzen 5 5600GT with Radeon Graphics","Null Device",False
2026-10-08T02:44:57.8765450Z,bandwidth,V1-t8,bw.wire.peak1s,KB/s,80000,512,8,8,10,10,4,5,8,326.417,320.964,362.601,364.753,365.291,"AMD Ryzen 5 5600GT with Radeon Graphics","Null Device",False
2026-10-08T02:44:57.8769990Z,bandwidth,V1-t8,bw.encode.ms,ms,80000,512,8,8,10,10,4,5,1200,1.719,1.659,2.551,3.109,9.71,"AMD Ryzen 5 5600GT with Radeon Graphics","Null Device",False
2026-10-08T02:44:57.8780150Z,bandwidth,V1-t8,bw.interest.ms,ms,80000,512,8,8,10,10,4,5,1200,5.156,5.093,5.711,6.158,12.953,"AMD Ryzen 5 5600GT with Radeon Graphics","Null Device",False
2026-10-08T02:44:57.8790450Z,bandwidth,V1-t8,bw.routes.ms,ms,80000,512,8,8,10,10,4,5,1200,1.603,1.08,1.778,24.978,53.773,"AMD Ryzen 5 5600GT with Radeon Graphics","Null Device",False
2026-10-08T02:44:57.8800190Z,bandwidth,V1-t8,bw.routes.deferred,units,80000,512,8,8,10,10,4,5,1200,0,0,0,0,0,"AMD Ryzen 5 5600GT with Radeon Graphics","Null Device",False
2026-10-08T02:44:57.8822940Z,bandwidth,V1-t8,bw.bytype.moveorder,share,80000,512,8,8,10,10,4,5,8,0.098,0.097,0.119,0.125,0.127,"AMD Ryzen 5 5600GT with Radeon Graphics","Null Device",False
2026-10-08T02:44:57.8828040Z,bandwidth,V1-t8,bw.moveorder,count,80000,512,8,8,10,10,4,5,8,25839.75,25710.5,26645.85,26833.17,26880,"AMD Ryzen 5 5600GT with Radeon Graphics","Null Device",False
2026-10-08T02:44:57.8832750Z,bandwidth,V1-t8,bw.bytype.correction,share,80000,512,8,8,10,10,4,5,8,0.566,0.549,0.68,0.694,0.697,"AMD Ryzen 5 5600GT with Radeon Graphics","Null Device",False
2026-10-08T02:44:57.8837660Z,bandwidth,V1-t8,bw.correction,count,80000,512,8,8,10,10,4,5,8,1565741.75,1519965,1882348.5,1889390.5,1891151,"AMD Ryzen 5 5600GT with Radeon Graphics","Null Device",False
2026-10-08T02:44:57.8842250Z,bandwidth,V1-t8,bw.bytype.health,share,80000,512,8,8,10,10,4,5,8,0.029,0.029,0.033,0.034,0.034,"AMD Ryzen 5 5600GT with Radeon Graphics","Null Device",False
2026-10-08T02:44:57.8846630Z,bandwidth,V1-t8,bw.health,count,80000,512,8,8,10,10,4,5,8,154873.75,154123,165548.15,165584.83,165594,"AMD Ryzen 5 5600GT with Radeon Graphics","Null Device",False
2026-10-08T02:44:57.8851010Z,bandwidth,V1-t8,bw.bytype.enter,share,80000,512,8,8,10,10,4,5,8,0.278,0.28,0.391,0.418,0.425,"AMD Ryzen 5 5600GT with Radeon Graphics","Null Device",False
2026-10-08T02:44:57.8858300Z,bandwidth,V1-t8,bw.enter,count,80000,512,8,8,10,10,4,5,8,77559.875,73264,105148.25,113975.25,116182,"AMD Ryzen 5 5600GT with Radeon Graphics","Null Device",False
2026-10-08T02:44:57.8865430Z,bandwidth,V1-t8,bw.bytype.leave,share,80000,512,8,8,10,10,4,5,8,0.015,0.014,0.021,0.023,0.023,"AMD Ryzen 5 5600GT with Radeon Graphics","Null Device",False
2026-10-08T02:44:57.8872130Z,bandwidth,V1-t8,bw.leave,count,80000,512,8,8,10,10,4,5,8,65540.5,60896,93141.35,102241.07,104516,"AMD Ryzen 5 5600GT with Radeon Graphics","Null Device",False
2026-10-08T02:44:57.8879030Z,bandwidth,V1-t8,bw.bytype.explosion,share,80000,512,8,8,10,10,4,5,8,0.008,0.008,0.009,0.01,0.01,"AMD Ryzen 5 5600GT with Radeon Graphics","Null Device",False
2026-10-08T02:44:57.8885810Z,bandwidth,V1-t8,bw.explosion,count,80000,512,8,8,10,10,4,5,8,23823.5,23535.5,25396.25,25408.85,25412,"AMD Ryzen 5 5600GT with Radeon Graphics","Null Device",False
2026-10-08T02:44:57.8892600Z,bandwidth,V1-t8,bw.bytype.fogdelta,share,80000,512,8,8,10,10,4,5,8,0.005,0.004,0.007,0.008,0.008,"AMD Ryzen 5 5600GT with Radeon Graphics","Null Device",False
2026-10-08T02:44:57.8899290Z,bandwidth,V1-t8,bw.fogdelta,count,80000,512,8,8,10,10,4,5,8,36779.375,33971.5,58635.6,66661.52,68668,"AMD Ryzen 5 5600GT with Radeon Graphics","Null Device",False
2026-10-08T02:44:57.8906140Z,bandwidth,V1-t8,bw.waypoints,waypoints,80000,512,8,8,10,10,4,5,1,14.076,14.076,14.076,14.076,14.076,"AMD Ryzen 5 5600GT with Radeon Graphics","Null Device",False
2026-10-08T02:44:57.8911490Z,bandwidth,V1-t8,bw.waypoints.smoothed,waypoints,80000,512,8,8,10,10,4,5,1,2.5,2.5,2.5,2.5,2.5,"AMD Ryzen 5 5600GT with Radeon Graphics","Null Device",False
2026-10-08T02:44:57.8916680Z,bandwidth,V1-t8,bw.waypoints.saved,share,80000,512,8,8,10,10,4,5,1,0.822,0.822,0.822,0.822,0.822,"AMD Ryzen 5 5600GT with Radeon Graphics","Null Device",False
2026-10-08T02:44:57.8944190Z,bandwidth,V1-t8,bw.units,units,80000,512,8,8,10,10,4,5,1,79964,79964,79964,79964,79964,"AMD Ryzen 5 5600GT with Radeon Graphics","Null Device",False
2026-10-08T02:44:57.8990450Z,bandwidth,V1-t8,bw.units.engaged,share,80000,512,8,8,10,10,4,5,1,0.077,0.077,0.077,0.077,0.077,"AMD Ryzen 5 5600GT with Radeon Graphics","Null Device",False
2026-10-08T02:44:57.8996160Z,bandwidth,V1-t8,bw.units.ordered,share,80000,512,8,8,10,10,4,5,1,0.971,0.971,0.971,0.971,0.971,"AMD Ryzen 5 5600GT with Radeon Graphics","Null Device",False
2026-10-08T02:44:57.9002540Z,bandwidth,V1-t8,bw.allowed,units,80000,512,8,8,10,10,4,5,1,12736,12736,12736,12736,12736,"AMD Ryzen 5 5600GT with Radeon Graphics","Null Device",False
2026-10-08T02:44:57.9007240Z,bandwidth,V1-t8,bw.corrections.perunit,corrections,80000,512,8,8,10,10,4,5,1,0.09,0.09,0.09,0.09,0.09,"AMD Ryzen 5 5600GT with Radeon Graphics","Null Device",False
2026-10-08T02:44:57.9017610Z,bandwidth,V1-t8,bw.error.all.mean,tiles,80000,512,8,8,10,10,4,5,1,0.157,0.157,0.157,0.157,0.157,"AMD Ryzen 5 5600GT with Radeon Graphics","Null Device",False
2026-10-08T02:44:57.9023670Z,bandwidth,V1-t8,bw.error.all.p50,tiles,80000,512,8,8,10,10,4,5,1,0.063,0.063,0.063,0.063,0.063,"AMD Ryzen 5 5600GT with Radeon Graphics","Null Device",False
2026-10-08T02:44:57.9028570Z,bandwidth,V1-t8,bw.error.all.p95,tiles,80000,512,8,8,10,10,4,5,1,0.844,0.844,0.844,0.844,0.844,"AMD Ryzen 5 5600GT with Radeon Graphics","Null Device",False
2026-10-08T02:44:57.9033400Z,bandwidth,V1-t8,bw.error.all.p99,tiles,80000,512,8,8,10,10,4,5,1,1.719,1.719,1.719,1.719,1.719,"AMD Ryzen 5 5600GT with Radeon Graphics","Null Device",False
2026-10-08T02:44:57.9040590Z,bandwidth,V1-t8,bw.error.view.mean,tiles,80000,512,8,8,10,10,4,5,1,0.098,0.098,0.098,0.098,0.098,"AMD Ryzen 5 5600GT with Radeon Graphics","Null Device",False
2026-10-08T02:44:57.9046750Z,bandwidth,V1-t8,bw.error.view.p50,tiles,80000,512,8,8,10,10,4,5,1,0.063,0.063,0.063,0.063,0.063,"AMD Ryzen 5 5600GT with Radeon Graphics","Null Device",False
2026-10-08T02:44:57.9051860Z,bandwidth,V1-t8,bw.error.view.p95,tiles,80000,512,8,8,10,10,4,5,1,0.422,0.422,0.422,0.422,0.422,"AMD Ryzen 5 5600GT with Radeon Graphics","Null Device",False
2026-10-08T02:44:57.9056250Z,bandwidth,V1-t8,bw.error.view.p99,tiles,80000,512,8,8,10,10,4,5,1,0.484,0.484,0.484,0.484,0.484,"AMD Ryzen 5 5600GT with Radeon Graphics","Null Device",False
2026-10-08T02:44:57.9060930Z,bandwidth,V1-t8,bw.route.live,waypoints,80000,512,8,8,10,10,4,5,1,3552134,3552134,3552134,3552134,3552134,"AMD Ryzen 5 5600GT with Radeon Graphics","Null Device",False
2026-10-08T02:44:57.9066400Z,bandwidth,V1-t8,bw.route.arena,MB,80000,512,8,8,10,10,4,5,1,32,32,32,32,32,"AMD Ryzen 5 5600GT with Radeon Graphics","Null Device",False
2026-10-08T02:45:01.5927120Z,bandwidth,V2-t8,bw.snapshot.bytes,KB,80000,512,8,8,10,10,4,5,8,397.208,401.281,403.532,403.532,403.532,"AMD Ryzen 5 5600GT with Radeon Graphics","Null Device",False
2026-10-08T02:45:01.6030420Z,bandwidth,V2-t8,bw.snapshot.wire,KB,80000,512,8,8,10,10,4,5,8,414.873,419.137,421.464,421.464,421.464,"AMD Ryzen 5 5600GT with Radeon Graphics","Null Device",False
2026-10-08T02:45:01.6035920Z,bandwidth,V2-t8,bw.snapshot.units,units,80000,512,8,8,10,10,4,5,8,20000,20000,20000,20000,20000,"AMD Ryzen 5 5600GT with Radeon Graphics","Null Device",False
2026-10-08T02:45:01.6041050Z,bandwidth,V2-t8,bw.snapshot.seconds,s,80000,512,8,8,10,10,4,5,8,1.621,1.637,1.646,1.646,1.646,"AMD Ryzen 5 5600GT with Radeon Graphics","Null Device",False
2026-10-08T02:45:44.2076970Z,bandwidth,V2-t8,bw.avg,KB/s,80000,512,8,8,10,10,4,5,8,173.718,176.248,183.024,183.578,183.716,"AMD Ryzen 5 5600GT with Radeon Graphics","Null Device",False
2026-10-08T02:45:44.2082540Z,bandwidth,V2-t8,bw.peak1s,KB/s,80000,512,8,8,10,10,4,5,8,291.508,285.229,328.134,331.869,332.803,"AMD Ryzen 5 5600GT with Radeon Graphics","Null Device",False
2026-10-08T02:45:44.2087120Z,bandwidth,V2-t8,bw.wire.avg,KB/s,80000,512,8,8,10,10,4,5,8,187.14,190.04,197.194,198.338,198.624,"AMD Ryzen 5 5600GT with Radeon Graphics","Null Device",False
2026-10-08T02:45:44.2091520Z,bandwidth,V2-t8,bw.wire.peak1s,KB/s,80000,512,8,8,10,10,4,5,8,309.673,303.409,349.016,353.235,354.29,"AMD Ryzen 5 5600GT with Radeon Graphics","Null Device",False
2026-10-08T02:45:44.2096180Z,bandwidth,V2-t8,bw.encode.ms,ms,80000,512,8,8,10,10,4,5,1200,1.584,1.528,2.263,2.726,6.805,"AMD Ryzen 5 5600GT with Radeon Graphics","Null Device",False
2026-10-08T02:45:44.2105400Z,bandwidth,V2-t8,bw.interest.ms,ms,80000,512,8,8,10,10,4,5,1200,5.081,5.03,5.581,5.977,7.728,"AMD Ryzen 5 5600GT with Radeon Graphics","Null Device",False
2026-10-08T02:45:44.2114870Z,bandwidth,V2-t8,bw.routes.ms,ms,80000,512,8,8,10,10,4,5,1200,1.579,1.07,1.603,23.373,54.535,"AMD Ryzen 5 5600GT with Radeon Graphics","Null Device",False
2026-10-08T02:45:44.2124770Z,bandwidth,V2-t8,bw.routes.deferred,units,80000,512,8,8,10,10,4,5,1200,0,0,0,0,0,"AMD Ryzen 5 5600GT with Radeon Graphics","Null Device",False
2026-10-08T02:45:44.2147210Z,bandwidth,V2-t8,bw.bytype.moveorder,share,80000,512,8,8,10,10,4,5,8,0.103,0.102,0.126,0.133,0.135,"AMD Ryzen 5 5600GT with Radeon Graphics","Null Device",False
2026-10-08T02:45:44.2153720Z,bandwidth,V2-t8,bw.moveorder,count,80000,512,8,8,10,10,4,5,8,25839.75,25710.5,26645.85,26833.17,26880,"AMD Ryzen 5 5600GT with Radeon Graphics","Null Device",False
2026-10-08T02:45:44.2158290Z,bandwidth,V2-t8,bw.bytype.correction,share,80000,512,8,8,10,10,4,5,8,0.544,0.523,0.669,0.684,0.688,"AMD Ryzen 5 5600GT with Radeon Graphics","Null Device",False
2026-10-08T02:45:44.2163070Z,bandwidth,V2-t8,bw.correction,count,80000,512,8,8,10,10,4,5,8,1410995.875,1347832,1771900.15,1772334.43,1772443,"AMD Ryzen 5 5600GT with Radeon Graphics","Null Device",False
2026-10-08T02:45:44.2167570Z,bandwidth,V2-t8,bw.bytype.health,share,80000,512,8,8,10,10,4,5,8,0.031,0.03,0.035,0.036,0.036,"AMD Ryzen 5 5600GT with Radeon Graphics","Null Device",False
2026-10-08T02:45:44.2171950Z,bandwidth,V2-t8,bw.health,count,80000,512,8,8,10,10,4,5,8,154873.75,154123,165548.15,165584.83,165594,"AMD Ryzen 5 5600GT with Radeon Graphics","Null Device",False
2026-10-08T02:45:44.2176280Z,bandwidth,V2-t8,bw.bytype.enter,share,80000,512,8,8,10,10,4,5,8,0.292,0.296,0.413,0.442,0.449,"AMD Ryzen 5 5600GT with Radeon Graphics","Null Device",False
2026-10-08T02:45:44.2180910Z,bandwidth,V2-t8,bw.enter,count,80000,512,8,8,10,10,4,5,8,77559.875,73264,105148.25,113975.25,116182,"AMD Ryzen 5 5600GT with Radeon Graphics","Null Device",False
2026-10-08T02:45:44.2186550Z,bandwidth,V2-t8,bw.bytype.leave,share,80000,512,8,8,10,10,4,5,8,0.016,0.015,0.022,0.024,0.025,"AMD Ryzen 5 5600GT with Radeon Graphics","Null Device",False
2026-10-08T02:45:44.2191310Z,bandwidth,V2-t8,bw.leave,count,80000,512,8,8,10,10,4,5,8,65540.5,60896,93141.35,102241.07,104516,"AMD Ryzen 5 5600GT with Radeon Graphics","Null Device",False
2026-10-08T02:45:44.2196300Z,bandwidth,V2-t8,bw.bytype.explosion,share,80000,512,8,8,10,10,4,5,8,0.009,0.009,0.01,0.01,0.01,"AMD Ryzen 5 5600GT with Radeon Graphics","Null Device",False
2026-10-08T02:45:44.2200600Z,bandwidth,V2-t8,bw.explosion,count,80000,512,8,8,10,10,4,5,8,23823.5,23535.5,25396.25,25408.85,25412,"AMD Ryzen 5 5600GT with Radeon Graphics","Null Device",False
2026-10-08T02:45:44.2205350Z,bandwidth,V2-t8,bw.bytype.fogdelta,share,80000,512,8,8,10,10,4,5,8,0.005,0.005,0.007,0.008,0.008,"AMD Ryzen 5 5600GT with Radeon Graphics","Null Device",False
2026-10-08T02:45:44.2212040Z,bandwidth,V2-t8,bw.fogdelta,count,80000,512,8,8,10,10,4,5,8,36779.375,33971.5,58635.6,66661.52,68668,"AMD Ryzen 5 5600GT with Radeon Graphics","Null Device",False
2026-10-08T02:45:44.2219300Z,bandwidth,V2-t8,bw.waypoints,waypoints,80000,512,8,8,10,10,4,5,1,14.076,14.076,14.076,14.076,14.076,"AMD Ryzen 5 5600GT with Radeon Graphics","Null Device",False
2026-10-08T02:45:44.2226390Z,bandwidth,V2-t8,bw.waypoints.smoothed,waypoints,80000,512,8,8,10,10,4,5,1,2.5,2.5,2.5,2.5,2.5,"AMD Ryzen 5 5600GT with Radeon Graphics","Null Device",False
2026-10-08T02:45:44.2233500Z,bandwidth,V2-t8,bw.waypoints.saved,share,80000,512,8,8,10,10,4,5,1,0.822,0.822,0.822,0.822,0.822,"AMD Ryzen 5 5600GT with Radeon Graphics","Null Device",False
2026-10-08T02:45:44.2272150Z,bandwidth,V2-t8,bw.units,units,80000,512,8,8,10,10,4,5,1,79964,79964,79964,79964,79964,"AMD Ryzen 5 5600GT with Radeon Graphics","Null Device",False
2026-10-08T02:45:44.2323880Z,bandwidth,V2-t8,bw.units.engaged,share,80000,512,8,8,10,10,4,5,1,0.077,0.077,0.077,0.077,0.077,"AMD Ryzen 5 5600GT with Radeon Graphics","Null Device",False
2026-10-08T02:45:44.2329450Z,bandwidth,V2-t8,bw.units.ordered,share,80000,512,8,8,10,10,4,5,1,0.971,0.971,0.971,0.971,0.971,"AMD Ryzen 5 5600GT with Radeon Graphics","Null Device",False
2026-10-08T02:45:44.2335810Z,bandwidth,V2-t8,bw.allowed,units,80000,512,8,8,10,10,4,5,1,12736,12736,12736,12736,12736,"AMD Ryzen 5 5600GT with Radeon Graphics","Null Device",False
2026-10-08T02:45:44.2340340Z,bandwidth,V2-t8,bw.corrections.perunit,corrections,80000,512,8,8,10,10,4,5,1,0.079,0.079,0.079,0.079,0.079,"AMD Ryzen 5 5600GT with Radeon Graphics","Null Device",False
2026-10-08T02:45:44.2350850Z,bandwidth,V2-t8,bw.error.all.mean,tiles,80000,512,8,8,10,10,4,5,1,0.249,0.249,0.249,0.249,0.249,"AMD Ryzen 5 5600GT with Radeon Graphics","Null Device",False
2026-10-08T02:45:44.2357660Z,bandwidth,V2-t8,bw.error.all.p50,tiles,80000,512,8,8,10,10,4,5,1,0.063,0.063,0.063,0.063,0.063,"AMD Ryzen 5 5600GT with Radeon Graphics","Null Device",False
2026-10-08T02:45:44.2362920Z,bandwidth,V2-t8,bw.error.all.p95,tiles,80000,512,8,8,10,10,4,5,1,1.516,1.516,1.516,1.516,1.516,"AMD Ryzen 5 5600GT with Radeon Graphics","Null Device",False
2026-10-08T02:45:44.2367860Z,bandwidth,V2-t8,bw.error.all.p99,tiles,80000,512,8,8,10,10,4,5,1,3.391,3.391,3.391,3.391,3.391,"AMD Ryzen 5 5600GT with Radeon Graphics","Null Device",False
2026-10-08T02:45:44.2373640Z,bandwidth,V2-t8,bw.error.view.mean,tiles,80000,512,8,8,10,10,4,5,1,0.098,0.098,0.098,0.098,0.098,"AMD Ryzen 5 5600GT with Radeon Graphics","Null Device",False
2026-10-08T02:45:44.2378490Z,bandwidth,V2-t8,bw.error.view.p50,tiles,80000,512,8,8,10,10,4,5,1,0.063,0.063,0.063,0.063,0.063,"AMD Ryzen 5 5600GT with Radeon Graphics","Null Device",False
2026-10-08T02:45:44.2383350Z,bandwidth,V2-t8,bw.error.view.p95,tiles,80000,512,8,8,10,10,4,5,1,0.422,0.422,0.422,0.422,0.422,"AMD Ryzen 5 5600GT with Radeon Graphics","Null Device",False
2026-10-08T02:45:44.2387710Z,bandwidth,V2-t8,bw.error.view.p99,tiles,80000,512,8,8,10,10,4,5,1,0.484,0.484,0.484,0.484,0.484,"AMD Ryzen 5 5600GT with Radeon Graphics","Null Device",False
2026-10-08T02:45:44.2392630Z,bandwidth,V2-t8,bw.route.live,waypoints,80000,512,8,8,10,10,4,5,1,3552134,3552134,3552134,3552134,3552134,"AMD Ryzen 5 5600GT with Radeon Graphics","Null Device",False
2026-10-08T02:45:44.2397140Z,bandwidth,V2-t8,bw.route.arena,MB,80000,512,8,8,10,10,4,5,1,32,32,32,32,32,"AMD Ryzen 5 5600GT with Radeon Graphics","Null Device",False
2026-10-08T02:45:47.8939340Z,bandwidth,V3-t8,bw.snapshot.bytes,KB,80000,512,8,8,10,10,4,5,8,397.208,401.281,403.532,403.532,403.532,"AMD Ryzen 5 5600GT with Radeon Graphics","Null Device",False
2026-10-08T02:45:47.9048590Z,bandwidth,V3-t8,bw.snapshot.wire,KB,80000,512,8,8,10,10,4,5,8,414.873,419.137,421.464,421.464,421.464,"AMD Ryzen 5 5600GT with Radeon Graphics","Null Device",False
2026-10-08T02:45:47.9053880Z,bandwidth,V3-t8,bw.snapshot.units,units,80000,512,8,8,10,10,4,5,8,20000,20000,20000,20000,20000,"AMD Ryzen 5 5600GT with Radeon Graphics","Null Device",False
2026-10-08T02:45:47.9058590Z,bandwidth,V3-t8,bw.snapshot.seconds,s,80000,512,8,8,10,10,4,5,8,1.621,1.637,1.646,1.646,1.646,"AMD Ryzen 5 5600GT with Radeon Graphics","Null Device",False
2026-10-08T02:46:30.2535890Z,bandwidth,V3-t8,bw.avg,KB/s,80000,512,8,8,10,10,4,5,8,184.585,187.25,194.084,195.508,195.864,"AMD Ryzen 5 5600GT with Radeon Graphics","Null Device",False
2026-10-08T02:46:30.2541320Z,bandwidth,V3-t8,bw.peak1s,KB/s,80000,512,8,8,10,10,4,5,8,300.948,296.22,335.013,338.51,339.384,"AMD Ryzen 5 5600GT with Radeon Graphics","Null Device",False
2026-10-08T02:46:30.2546390Z,bandwidth,V3-t8,bw.wire.avg,KB/s,80000,512,8,8,10,10,4,5,8,198.969,201.845,209.129,211.214,211.735,"AMD Ryzen 5 5600GT with Radeon Graphics","Null Device",False
2026-10-08T02:46:30.2551090Z,bandwidth,V3-t8,bw.wire.peak1s,KB/s,80000,512,8,8,10,10,4,5,8,320.289,315.567,357.418,361.545,362.577,"AMD Ryzen 5 5600GT with Radeon Graphics","Null Device",False
2026-10-08T02:46:30.2555800Z,bandwidth,V3-t8,bw.encode.ms,ms,80000,512,8,8,10,10,4,5,1200,1.497,1.458,2.19,2.648,5.274,"AMD Ryzen 5 5600GT with Radeon Graphics","Null Device",False
2026-10-08T02:46:30.2565390Z,bandwidth,V3-t8,bw.interest.ms,ms,80000,512,8,8,10,10,4,5,1200,5.051,5.002,5.558,6.063,7.628,"AMD Ryzen 5 5600GT with Radeon Graphics","Null Device",False
2026-10-08T02:46:30.2575480Z,bandwidth,V3-t8,bw.routes.ms,ms,80000,512,8,8,10,10,4,5,1200,1.6,1.096,1.664,24.307,55.376,"AMD Ryzen 5 5600GT with Radeon Graphics","Null Device",False
2026-10-08T02:46:30.2585180Z,bandwidth,V3-t8,bw.routes.deferred,units,80000,512,8,8,10,10,4,5,1200,0,0,0,0,0,"AMD Ryzen 5 5600GT with Radeon Graphics","Null Device",False
2026-10-08T02:46:30.2607520Z,bandwidth,V3-t8,bw.bytype.moveorder,share,80000,512,8,8,10,10,4,5,8,0.097,0.096,0.119,0.125,0.127,"AMD Ryzen 5 5600GT with Radeon Graphics","Null Device",False
2026-10-08T02:46:30.2612630Z,bandwidth,V3-t8,bw.moveorder,count,80000,512,8,8,10,10,4,5,8,25839.75,25710.5,26645.85,26833.17,26880,"AMD Ryzen 5 5600GT with Radeon Graphics","Null Device",False
2026-10-08T02:46:30.2617300Z,bandwidth,V3-t8,bw.bytype.correction,share,80000,512,8,8,10,10,4,5,8,0.569,0.551,0.691,0.706,0.709,"AMD Ryzen 5 5600GT with Radeon Graphics","Null Device",False
2026-10-08T02:46:30.2622360Z,bandwidth,V3-t8,bw.correction,count,80000,512,8,8,10,10,4,5,8,1583785.875,1516453.5,1972883.3,1974944.66,1975460,"AMD Ryzen 5 5600GT with Radeon Graphics","Null Device",False
2026-10-08T02:46:30.2627080Z,bandwidth,V3-t8,bw.bytype.health,share,80000,512,8,8,10,10,4,5,8,0.029,0.028,0.033,0.034,0.034,"AMD Ryzen 5 5600GT with Radeon Graphics","Null Device",False
2026-10-08T02:46:30.2631690Z,bandwidth,V3-t8,bw.health,count,80000,512,8,8,10,10,4,5,8,154873.75,154123,165548.15,165584.83,165594,"AMD Ryzen 5 5600GT with Radeon Graphics","Null Device",False
2026-10-08T02:46:30.2636470Z,bandwidth,V3-t8,bw.bytype.enter,share,80000,512,8,8,10,10,4,5,8,0.276,0.278,0.393,0.422,0.429,"AMD Ryzen 5 5600GT with Radeon Graphics","Null Device",False
2026-10-08T02:46:30.2641070Z,bandwidth,V3-t8,bw.enter,count,80000,512,8,8,10,10,4,5,8,77559.875,73264,105148.25,113975.25,116182,"AMD Ryzen 5 5600GT with Radeon Graphics","Null Device",False
2026-10-08T02:46:30.2645800Z,bandwidth,V3-t8,bw.bytype.leave,share,80000,512,8,8,10,10,4,5,8,0.015,0.014,0.021,0.023,0.024,"AMD Ryzen 5 5600GT with Radeon Graphics","Null Device",False
2026-10-08T02:46:30.2650670Z,bandwidth,V3-t8,bw.leave,count,80000,512,8,8,10,10,4,5,8,65540.5,60896,93141.35,102241.07,104516,"AMD Ryzen 5 5600GT with Radeon Graphics","Null Device",False
2026-10-08T02:46:30.2655300Z,bandwidth,V3-t8,bw.bytype.explosion,share,80000,512,8,8,10,10,4,5,8,0.008,0.008,0.009,0.01,0.01,"AMD Ryzen 5 5600GT with Radeon Graphics","Null Device",False
2026-10-08T02:46:30.2661030Z,bandwidth,V3-t8,bw.explosion,count,80000,512,8,8,10,10,4,5,8,23823.5,23535.5,25396.25,25408.85,25412,"AMD Ryzen 5 5600GT with Radeon Graphics","Null Device",False
2026-10-08T02:46:30.2665670Z,bandwidth,V3-t8,bw.bytype.fogdelta,share,80000,512,8,8,10,10,4,5,8,0.005,0.004,0.007,0.008,0.008,"AMD Ryzen 5 5600GT with Radeon Graphics","Null Device",False
2026-10-08T02:46:30.2670210Z,bandwidth,V3-t8,bw.fogdelta,count,80000,512,8,8,10,10,4,5,8,36779.375,33971.5,58635.6,66661.52,68668,"AMD Ryzen 5 5600GT with Radeon Graphics","Null Device",False
2026-10-08T02:46:30.2675860Z,bandwidth,V3-t8,bw.waypoints,waypoints,80000,512,8,8,10,10,4,5,1,14.076,14.076,14.076,14.076,14.076,"AMD Ryzen 5 5600GT with Radeon Graphics","Null Device",False
2026-10-08T02:46:30.2680380Z,bandwidth,V3-t8,bw.waypoints.smoothed,waypoints,80000,512,8,8,10,10,4,5,1,2.5,2.5,2.5,2.5,2.5,"AMD Ryzen 5 5600GT with Radeon Graphics","Null Device",False
2026-10-08T02:46:30.2685080Z,bandwidth,V3-t8,bw.waypoints.saved,share,80000,512,8,8,10,10,4,5,1,0.822,0.822,0.822,0.822,0.822,"AMD Ryzen 5 5600GT with Radeon Graphics","Null Device",False
2026-10-08T02:46:30.2712250Z,bandwidth,V3-t8,bw.units,units,80000,512,8,8,10,10,4,5,1,79964,79964,79964,79964,79964,"AMD Ryzen 5 5600GT with Radeon Graphics","Null Device",False
2026-10-08T02:46:30.2755070Z,bandwidth,V3-t8,bw.units.engaged,share,80000,512,8,8,10,10,4,5,1,0.077,0.077,0.077,0.077,0.077,"AMD Ryzen 5 5600GT with Radeon Graphics","Null Device",False
2026-10-08T02:46:30.2759960Z,bandwidth,V3-t8,bw.units.ordered,share,80000,512,8,8,10,10,4,5,1,0.971,0.971,0.971,0.971,0.971,"AMD Ryzen 5 5600GT with Radeon Graphics","Null Device",False
2026-10-08T02:46:30.2766740Z,bandwidth,V3-t8,bw.allowed,units,80000,512,8,8,10,10,4,5,1,12736,12736,12736,12736,12736,"AMD Ryzen 5 5600GT with Radeon Graphics","Null Device",False
2026-10-08T02:46:30.2772380Z,bandwidth,V3-t8,bw.corrections.perunit,corrections,80000,512,8,8,10,10,4,5,1,0.09,0.09,0.09,0.09,0.09,"AMD Ryzen 5 5600GT with Radeon Graphics","Null Device",False
2026-10-08T02:46:30.2783620Z,bandwidth,V3-t8,bw.error.all.mean,tiles,80000,512,8,8,10,10,4,5,1,0.232,0.232,0.232,0.232,0.232,"AMD Ryzen 5 5600GT with Radeon Graphics","Null Device",False
2026-10-08T02:46:30.2789100Z,bandwidth,V3-t8,bw.error.all.p50,tiles,80000,512,8,8,10,10,4,5,1,0.063,0.063,0.063,0.063,0.063,"AMD Ryzen 5 5600GT with Radeon Graphics","Null Device",False
2026-10-08T02:46:30.2793850Z,bandwidth,V3-t8,bw.error.all.p95,tiles,80000,512,8,8,10,10,4,5,1,1.531,1.531,1.531,1.531,1.531,"AMD Ryzen 5 5600GT with Radeon Graphics","Null Device",False
2026-10-08T02:46:30.2798460Z,bandwidth,V3-t8,bw.error.all.p99,tiles,80000,512,8,8,10,10,4,5,1,3.406,3.406,3.406,3.406,3.406,"AMD Ryzen 5 5600GT with Radeon Graphics","Null Device",False
2026-10-08T02:46:30.2803960Z,bandwidth,V3-t8,bw.error.view.mean,tiles,80000,512,8,8,10,10,4,5,1,0.057,0.057,0.057,0.057,0.057,"AMD Ryzen 5 5600GT with Radeon Graphics","Null Device",False
2026-10-08T02:46:30.2808410Z,bandwidth,V3-t8,bw.error.view.p50,tiles,80000,512,8,8,10,10,4,5,1,0.063,0.063,0.063,0.063,0.063,"AMD Ryzen 5 5600GT with Radeon Graphics","Null Device",False
2026-10-08T02:46:30.2814280Z,bandwidth,V3-t8,bw.error.view.p95,tiles,80000,512,8,8,10,10,4,5,1,0.156,0.156,0.156,0.156,0.156,"AMD Ryzen 5 5600GT with Radeon Graphics","Null Device",False
2026-10-08T02:46:30.2820160Z,bandwidth,V3-t8,bw.error.view.p99,tiles,80000,512,8,8,10,10,4,5,1,0.234,0.234,0.234,0.234,0.234,"AMD Ryzen 5 5600GT with Radeon Graphics","Null Device",False
2026-10-08T02:46:30.2825350Z,bandwidth,V3-t8,bw.route.live,waypoints,80000,512,8,8,10,10,4,5,1,3552134,3552134,3552134,3552134,3552134,"AMD Ryzen 5 5600GT with Radeon Graphics","Null Device",False
2026-10-08T02:46:30.2832710Z,bandwidth,V3-t8,bw.route.arena,MB,80000,512,8,8,10,10,4,5,1,32,32,32,32,32,"AMD Ryzen 5 5600GT with Radeon Graphics","Null Device",False
2026-10-08T02:46:33.9295400Z,bandwidth,V1-t2,bw.snapshot.bytes,KB,80000,512,2,8,10,10,4,5,8,799.978,799.978,813.665,813.665,813.665,"AMD Ryzen 5 5600GT with Radeon Graphics","Null Device",False
2026-10-08T02:46:33.9404930Z,bandwidth,V1-t2,bw.snapshot.wire,KB,80000,512,2,8,10,10,4,5,8,835.561,835.561,849.884,849.884,849.884,"AMD Ryzen 5 5600GT with Radeon Graphics","Null Device",False
2026-10-08T02:46:33.9409980Z,bandwidth,V1-t2,bw.snapshot.units,units,80000,512,2,8,10,10,4,5,8,40000,40000,40000,40000,40000,"AMD Ryzen 5 5600GT with Radeon Graphics","Null Device",False
2026-10-08T02:46:33.9414970Z,bandwidth,V1-t2,bw.snapshot.seconds,s,80000,512,2,8,10,10,4,5,8,3.264,3.264,3.32,3.32,3.32,"AMD Ryzen 5 5600GT with Radeon Graphics","Null Device",False
2026-10-08T02:47:14.2784300Z,bandwidth,V1-t2,bw.avg,KB/s,80000,512,2,8,10,10,4,5,8,265.481,260.822,286.667,287.662,287.91,"AMD Ryzen 5 5600GT with Radeon Graphics","Null Device",False
2026-10-08T02:47:14.2792560Z,bandwidth,V1-t2,bw.peak1s,KB/s,80000,512,2,8,10,10,4,5,8,572.354,567.92,600.931,606.02,607.292,"AMD Ryzen 5 5600GT with Radeon Graphics","Null Device",False
2026-10-08T02:47:14.2799510Z,bandwidth,V1-t2,bw.wire.avg,KB/s,80000,512,2,8,10,10,4,5,8,286.137,281.196,309.193,310.297,310.573,"AMD Ryzen 5 5600GT with Radeon Graphics","Null Device",False
2026-10-08T02:47:14.2806190Z,bandwidth,V1-t2,bw.wire.peak1s,KB/s,80000,512,2,8,10,10,4,5,8,605.681,601.246,636.369,641.864,643.238,"AMD Ryzen 5 5600GT with Radeon Graphics","Null Device",False
2026-10-08T02:47:14.2812770Z,bandwidth,V1-t2,bw.encode.ms,ms,80000,512,2,8,10,10,4,5,1200,3.093,3.111,4.338,5.188,11.073,"AMD Ryzen 5 5600GT with Radeon Graphics","Null Device",False
2026-10-08T02:47:14.2826460Z,bandwidth,V1-t2,bw.interest.ms,ms,80000,512,2,8,10,10,4,5,1200,2.424,2.314,3.218,3.517,4.366,"AMD Ryzen 5 5600GT with Radeon Graphics","Null Device",False
2026-10-08T02:47:14.2840550Z,bandwidth,V1-t2,bw.routes.ms,ms,80000,512,2,8,10,10,4,5,1200,1.599,1.091,1.664,25.49,55.132,"AMD Ryzen 5 5600GT with Radeon Graphics","Null Device",False
2026-10-08T02:47:14.2854870Z,bandwidth,V1-t2,bw.routes.deferred,units,80000,512,2,8,10,10,4,5,1200,0,0,0,0,0,"AMD Ryzen 5 5600GT with Radeon Graphics","Null Device",False
2026-10-08T02:47:14.2880290Z,bandwidth,V1-t2,bw.bytype.moveorder,share,80000,512,2,8,10,10,4,5,8,0.206,0.209,0.219,0.221,0.222,"AMD Ryzen 5 5600GT with Radeon Graphics","Null Device",False
2026-10-08T02:47:14.2886070Z,bandwidth,V1-t2,bw.moveorder,count,80000,512,2,8,10,10,4,5,8,74222.5,74222.5,74925,74925,74925,"AMD Ryzen 5 5600GT with Radeon Graphics","Null Device",False
2026-10-08T02:47:14.2892600Z,bandwidth,V1-t2,bw.bytype.correction,share,80000,512,2,8,10,10,4,5,8,0.644,0.64,0.67,0.672,0.672,"AMD Ryzen 5 5600GT with Radeon Graphics","Null Device",False
2026-10-08T02:47:14.2898010Z,bandwidth,V1-t2,bw.correction,count,80000,512,2,8,10,10,4,5,8,2703893.125,2634752.5,3030199.9,3046531.18,3050614,"AMD Ryzen 5 5600GT with Radeon Graphics","Null Device",False
2026-10-08T02:47:14.2902600Z,bandwidth,V1-t2,bw.bytype.health,share,80000,512,2,8,10,10,4,5,8,0.04,0.04,0.042,0.042,0.042,"AMD Ryzen 5 5600GT with Radeon Graphics","Null Device",False
2026-10-08T02:47:14.2907310Z,bandwidth,V1-t2,bw.health,count,80000,512,2,8,10,10,4,5,8,310000,310000,316727,316727,316727,"AMD Ryzen 5 5600GT with Radeon Graphics","Null Device",False
2026-10-08T02:47:14.2911710Z,bandwidth,V1-t2,bw.bytype.enter,share,80000,512,2,8,10,10,4,5,8,0.085,0.086,0.09,0.09,0.091,"AMD Ryzen 5 5600GT with Radeon Graphics","Null Device",False
2026-10-08T02:47:14.2917010Z,bandwidth,V1-t2,bw.enter,count,80000,512,2,8,10,10,4,5,8,87738,87738,88544,88544,88544,"AMD Ryzen 5 5600GT with Radeon Graphics","Null Device",False
2026-10-08T02:47:14.2921410Z,bandwidth,V1-t2,bw.bytype.leave,share,80000,512,2,8,10,10,4,5,8,0.007,0.007,0.008,0.008,0.008,"AMD Ryzen 5 5600GT with Radeon Graphics","Null Device",False
2026-10-08T02:47:14.2925970Z,bandwidth,V1-t2,bw.leave,count,80000,512,2,8,10,10,4,5,8,47756,47756,48571,48571,48571,"AMD Ryzen 5 5600GT with Radeon Graphics","Null Device",False
2026-10-08T02:47:14.2930460Z,bandwidth,V1-t2,bw.bytype.explosion,share,80000,512,2,8,10,10,4,5,8,0.011,0.011,0.012,0.012,0.012,"AMD Ryzen 5 5600GT with Radeon Graphics","Null Device",False
2026-10-08T02:47:14.2934880Z,bandwidth,V1-t2,bw.explosion,count,80000,512,2,8,10,10,4,5,8,47525,47525,48518,48518,48518,"AMD Ryzen 5 5600GT with Radeon Graphics","Null Device",False
2026-10-08T02:47:14.2939620Z,bandwidth,V1-t2,bw.bytype.fogdelta,share,80000,512,2,8,10,10,4,5,8,0.007,0.007,0.01,0.01,0.01,"AMD Ryzen 5 5600GT with Radeon Graphics","Null Device",False
2026-10-08T02:47:14.2944710Z,bandwidth,V1-t2,bw.fogdelta,count,80000,512,2,8,10,10,4,5,8,87328,87328,119743,119743,119743,"AMD Ryzen 5 5600GT with Radeon Graphics","Null Device",False
2026-10-08T02:47:14.2949290Z,bandwidth,V1-t2,bw.waypoints,waypoints,80000,512,2,8,10,10,4,5,1,14.076,14.076,14.076,14.076,14.076,"AMD Ryzen 5 5600GT with Radeon Graphics","Null Device",False
2026-10-08T02:47:14.2953760Z,bandwidth,V1-t2,bw.waypoints.smoothed,waypoints,80000,512,2,8,10,10,4,5,1,2.5,2.5,2.5,2.5,2.5,"AMD Ryzen 5 5600GT with Radeon Graphics","Null Device",False
2026-10-08T02:47:14.2958100Z,bandwidth,V1-t2,bw.waypoints.saved,share,80000,512,2,8,10,10,4,5,1,0.822,0.822,0.822,0.822,0.822,"AMD Ryzen 5 5600GT with Radeon Graphics","Null Device",False
2026-10-08T02:47:14.2985890Z,bandwidth,V1-t2,bw.units,units,80000,512,2,8,10,10,4,5,1,79964,79964,79964,79964,79964,"AMD Ryzen 5 5600GT with Radeon Graphics","Null Device",False
2026-10-08T02:47:14.3033940Z,bandwidth,V1-t2,bw.units.engaged,share,80000,512,2,8,10,10,4,5,1,0.077,0.077,0.077,0.077,0.077,"AMD Ryzen 5 5600GT with Radeon Graphics","Null Device",False
2026-10-08T02:47:14.3041090Z,bandwidth,V1-t2,bw.units.ordered,share,80000,512,2,8,10,10,4,5,1,0.971,0.971,0.971,0.971,0.971,"AMD Ryzen 5 5600GT with Radeon Graphics","Null Device",False
2026-10-08T02:47:14.3049050Z,bandwidth,V1-t2,bw.allowed,units,80000,512,2,8,10,10,4,5,1,39973,39973,39973,39973,39973,"AMD Ryzen 5 5600GT with Radeon Graphics","Null Device",False
2026-10-08T02:47:14.3054490Z,bandwidth,V1-t2,bw.corrections.perunit,corrections,80000,512,2,8,10,10,4,5,1,0.053,0.053,0.053,0.053,0.053,"AMD Ryzen 5 5600GT with Radeon Graphics","Null Device",False
2026-10-08T02:47:14.3066710Z,bandwidth,V1-t2,bw.error.all.mean,tiles,80000,512,2,8,10,10,4,5,1,0.22,0.22,0.22,0.22,0.22,"AMD Ryzen 5 5600GT with Radeon Graphics","Null Device",False
2026-10-08T02:47:14.3072320Z,bandwidth,V1-t2,bw.error.all.p50,tiles,80000,512,2,8,10,10,4,5,1,0.063,0.063,0.063,0.063,0.063,"AMD Ryzen 5 5600GT with Radeon Graphics","Null Device",False
2026-10-08T02:47:14.3076800Z,bandwidth,V1-t2,bw.error.all.p95,tiles,80000,512,2,8,10,10,4,5,1,1.391,1.391,1.391,1.391,1.391,"AMD Ryzen 5 5600GT with Radeon Graphics","Null Device",False
2026-10-08T02:47:14.3081220Z,bandwidth,V1-t2,bw.error.all.p99,tiles,80000,512,2,8,10,10,4,5,1,1.875,1.875,1.875,1.875,1.875,"AMD Ryzen 5 5600GT with Radeon Graphics","Null Device",False
2026-10-08T02:47:14.3086290Z,bandwidth,V1-t2,bw.error.view.mean,tiles,80000,512,2,8,10,10,4,5,1,0.098,0.098,0.098,0.098,0.098,"AMD Ryzen 5 5600GT with Radeon Graphics","Null Device",False
2026-10-08T02:47:14.3090580Z,bandwidth,V1-t2,bw.error.view.p50,tiles,80000,512,2,8,10,10,4,5,1,0.063,0.063,0.063,0.063,0.063,"AMD Ryzen 5 5600GT with Radeon Graphics","Null Device",False
2026-10-08T02:47:14.3094910Z,bandwidth,V1-t2,bw.error.view.p95,tiles,80000,512,2,8,10,10,4,5,1,0.422,0.422,0.422,0.422,0.422,"AMD Ryzen 5 5600GT with Radeon Graphics","Null Device",False
2026-10-08T02:47:14.3099620Z,bandwidth,V1-t2,bw.error.view.p99,tiles,80000,512,2,8,10,10,4,5,1,0.484,0.484,0.484,0.484,0.484,"AMD Ryzen 5 5600GT with Radeon Graphics","Null Device",False
2026-10-08T02:47:14.3106760Z,bandwidth,V1-t2,bw.route.live,waypoints,80000,512,2,8,10,10,4,5,1,3552134,3552134,3552134,3552134,3552134,"AMD Ryzen 5 5600GT with Radeon Graphics","Null Device",False
2026-10-08T02:47:14.3114010Z,bandwidth,V1-t2,bw.route.arena,MB,80000,512,2,8,10,10,4,5,1,32,32,32,32,32,"AMD Ryzen 5 5600GT with Radeon Graphics","Null Device",False
2026-10-08T02:47:17.9751360Z,bandwidth,V2-t2,bw.snapshot.bytes,KB,80000,512,2,8,10,10,4,5,8,799.978,799.978,813.665,813.665,813.665,"AMD Ryzen 5 5600GT with Radeon Graphics","Null Device",False
2026-10-08T02:47:17.9870020Z,bandwidth,V2-t2,bw.snapshot.wire,KB,80000,512,2,8,10,10,4,5,8,835.561,835.561,849.884,849.884,849.884,"AMD Ryzen 5 5600GT with Radeon Graphics","Null Device",False
2026-10-08T02:47:17.9875090Z,bandwidth,V2-t2,bw.snapshot.units,units,80000,512,2,8,10,10,4,5,8,40000,40000,40000,40000,40000,"AMD Ryzen 5 5600GT with Radeon Graphics","Null Device",False
2026-10-08T02:47:17.9881150Z,bandwidth,V2-t2,bw.snapshot.seconds,s,80000,512,2,8,10,10,4,5,8,3.264,3.264,3.32,3.32,3.32,"AMD Ryzen 5 5600GT with Radeon Graphics","Null Device",False
2026-10-08T02:47:58.0705290Z,bandwidth,V2-t2,bw.avg,KB/s,80000,512,2,8,10,10,4,5,8,223.18,217.704,246.397,246.499,246.524,"AMD Ryzen 5 5600GT with Radeon Graphics","Null Device",False
2026-10-08T02:47:58.0712260Z,bandwidth,V2-t2,bw.peak1s,KB/s,80000,512,2,8,10,10,4,5,8,530.504,524.633,558.15,563.735,565.131,"AMD Ryzen 5 5600GT with Radeon Graphics","Null Device",False
2026-10-08T02:47:58.0717260Z,bandwidth,V2-t2,bw.wire.avg,KB/s,80000,512,2,8,10,10,4,5,8,240.056,234.091,265.329,265.429,265.455,"AMD Ryzen 5 5600GT with Radeon Graphics","Null Device",False
2026-10-08T02:47:58.0721740Z,bandwidth,V2-t2,bw.wire.peak1s,KB/s,80000,512,2,8,10,10,4,5,8,560.234,554.279,589.887,596.022,597.556,"AMD Ryzen 5 5600GT with Radeon Graphics","Null Device",False
2026-10-08T02:47:58.0726470Z,bandwidth,V2-t2,bw.encode.ms,ms,80000,512,2,8,10,10,4,5,1200,2.896,2.88,4.073,4.721,10.905,"AMD Ryzen 5 5600GT with Radeon Graphics","Null Device",False
2026-10-08T02:47:58.0736550Z,bandwidth,V2-t2,bw.interest.ms,ms,80000,512,2,8,10,10,4,5,1200,2.417,2.305,3.221,3.524,4.01,"AMD Ryzen 5 5600GT with Radeon Graphics","Null Device",False
2026-10-08T02:47:58.0746170Z,bandwidth,V2-t2,bw.routes.ms,ms,80000,512,2,8,10,10,4,5,1200,1.592,1.086,1.645,24.456,55.869,"AMD Ryzen 5 5600GT with Radeon Graphics","Null Device",False
2026-10-08T02:47:58.0756130Z,bandwidth,V2-t2,bw.routes.deferred,units,80000,512,2,8,10,10,4,5,1200,0,0,0,0,0,"AMD Ryzen 5 5600GT with Radeon Graphics","Null Device",False
2026-10-08T02:47:58.0777180Z,bandwidth,V2-t2,bw.bytype.moveorder,share,80000,512,2,8,10,10,4,5,8,0.243,0.248,0.262,0.265,0.265,"AMD Ryzen 5 5600GT with Radeon Graphics","Null Device",False
2026-10-08T02:47:58.0782350Z,bandwidth,V2-t2,bw.moveorder,count,80000,512,2,8,10,10,4,5,8,74222.5,74222.5,74925,74925,74925,"AMD Ryzen 5 5600GT with Radeon Graphics","Null Device",False
2026-10-08T02:47:58.0786820Z,bandwidth,V2-t2,bw.bytype.correction,share,80000,512,2,8,10,10,4,5,8,0.579,0.571,0.619,0.619,0.619,"AMD Ryzen 5 5600GT with Radeon Graphics","Null Device",False
2026-10-08T02:47:58.0791920Z,bandwidth,V2-t2,bw.correction,count,80000,512,2,8,10,10,4,5,8,1965369.75,1879752.5,2327513.35,2329445.07,2329928,"AMD Ryzen 5 5600GT with Radeon Graphics","Null Device",False
2026-10-08T02:47:58.0797040Z,bandwidth,V2-t2,bw.bytype.health,share,80000,512,2,8,10,10,4,5,8,0.047,0.048,0.05,0.05,0.05,"AMD Ryzen 5 5600GT with Radeon Graphics","Null Device",False
2026-10-08T02:47:58.0801980Z,bandwidth,V2-t2,bw.health,count,80000,512,2,8,10,10,4,5,8,310000,310000,316727,316727,316727,"AMD Ryzen 5 5600GT with Radeon Graphics","Null Device",False
2026-10-08T02:47:58.0806430Z,bandwidth,V2-t2,bw.bytype.enter,share,80000,512,2,8,10,10,4,5,8,0.1,0.102,0.108,0.108,0.108,"AMD Ryzen 5 5600GT with Radeon Graphics","Null Device",False
2026-10-08T02:47:58.0811050Z,bandwidth,V2-t2,bw.enter,count,80000,512,2,8,10,10,4,5,8,87738,87738,88544,88544,88544,"AMD Ryzen 5 5600GT with Radeon Graphics","Null Device",False
2026-10-08T02:47:58.0815620Z,bandwidth,V2-t2,bw.bytype.leave,share,80000,512,2,8,10,10,4,5,8,0.008,0.009,0.009,0.009,0.009,"AMD Ryzen 5 5600GT with Radeon Graphics","Null Device",False
2026-10-08T02:47:58.0820050Z,bandwidth,V2-t2,bw.leave,count,80000,512,2,8,10,10,4,5,8,47756,47756,48571,48571,48571,"AMD Ryzen 5 5600GT with Radeon Graphics","Null Device",False
2026-10-08T02:47:58.0825030Z,bandwidth,V2-t2,bw.bytype.explosion,share,80000,512,2,8,10,10,4,5,8,0.013,0.014,0.014,0.014,0.014,"AMD Ryzen 5 5600GT with Radeon Graphics","Null Device",False
2026-10-08T02:47:58.0829660Z,bandwidth,V2-t2,bw.explosion,count,80000,512,2,8,10,10,4,5,8,47525,47525,48518,48518,48518,"AMD Ryzen 5 5600GT with Radeon Graphics","Null Device",False
2026-10-08T02:47:58.0834340Z,bandwidth,V2-t2,bw.bytype.fogdelta,share,80000,512,2,8,10,10,4,5,8,0.009,0.008,0.012,0.012,0.013,"AMD Ryzen 5 5600GT with Radeon Graphics","Null Device",False
2026-10-08T02:47:58.0838750Z,bandwidth,V2-t2,bw.fogdelta,count,80000,512,2,8,10,10,4,5,8,87328,87328,119743,119743,119743,"AMD Ryzen 5 5600GT with Radeon Graphics","Null Device",False
2026-10-08T02:47:58.0843450Z,bandwidth,V2-t2,bw.waypoints,waypoints,80000,512,2,8,10,10,4,5,1,14.076,14.076,14.076,14.076,14.076,"AMD Ryzen 5 5600GT with Radeon Graphics","Null Device",False
2026-10-08T02:47:58.0847790Z,bandwidth,V2-t2,bw.waypoints.smoothed,waypoints,80000,512,2,8,10,10,4,5,1,2.5,2.5,2.5,2.5,2.5,"AMD Ryzen 5 5600GT with Radeon Graphics","Null Device",False
2026-10-08T02:47:58.0852270Z,bandwidth,V2-t2,bw.waypoints.saved,share,80000,512,2,8,10,10,4,5,1,0.822,0.822,0.822,0.822,0.822,"AMD Ryzen 5 5600GT with Radeon Graphics","Null Device",False
2026-10-08T02:47:58.0879820Z,bandwidth,V2-t2,bw.units,units,80000,512,2,8,10,10,4,5,1,79964,79964,79964,79964,79964,"AMD Ryzen 5 5600GT with Radeon Graphics","Null Device",False
2026-10-08T02:47:58.0927940Z,bandwidth,V2-t2,bw.units.engaged,share,80000,512,2,8,10,10,4,5,1,0.077,0.077,0.077,0.077,0.077,"AMD Ryzen 5 5600GT with Radeon Graphics","Null Device",False
2026-10-08T02:47:58.0933610Z,bandwidth,V2-t2,bw.units.ordered,share,80000,512,2,8,10,10,4,5,1,0.971,0.971,0.971,0.971,0.971,"AMD Ryzen 5 5600GT with Radeon Graphics","Null Device",False
2026-10-08T02:47:58.0940870Z,bandwidth,V2-t2,bw.allowed,units,80000,512,2,8,10,10,4,5,1,39973,39973,39973,39973,39973,"AMD Ryzen 5 5600GT with Radeon Graphics","Null Device",False
2026-10-08T02:47:58.0945830Z,bandwidth,V2-t2,bw.corrections.perunit,corrections,80000,512,2,8,10,10,4,5,1,0.037,0.037,0.037,0.037,0.037,"AMD Ryzen 5 5600GT with Radeon Graphics","Null Device",False
2026-10-08T02:47:58.0958330Z,bandwidth,V2-t2,bw.error.all.mean,tiles,80000,512,2,8,10,10,4,5,1,0.404,0.404,0.404,0.404,0.404,"AMD Ryzen 5 5600GT with Radeon Graphics","Null Device",False
2026-10-08T02:47:58.0964460Z,bandwidth,V2-t2,bw.error.all.p50,tiles,80000,512,2,8,10,10,4,5,1,0.063,0.063,0.063,0.063,0.063,"AMD Ryzen 5 5600GT with Radeon Graphics","Null Device",False
2026-10-08T02:47:58.0969770Z,bandwidth,V2-t2,bw.error.all.p95,tiles,80000,512,2,8,10,10,4,5,1,2.719,2.719,2.719,2.719,2.719,"AMD Ryzen 5 5600GT with Radeon Graphics","Null Device",False
2026-10-08T02:47:58.0974930Z,bandwidth,V2-t2,bw.error.all.p99,tiles,80000,512,2,8,10,10,4,5,1,3.75,3.75,3.75,3.75,3.75,"AMD Ryzen 5 5600GT with Radeon Graphics","Null Device",False
2026-10-08T02:47:58.0980800Z,bandwidth,V2-t2,bw.error.view.mean,tiles,80000,512,2,8,10,10,4,5,1,0.098,0.098,0.098,0.098,0.098,"AMD Ryzen 5 5600GT with Radeon Graphics","Null Device",False
2026-10-08T02:47:58.0985740Z,bandwidth,V2-t2,bw.error.view.p50,tiles,80000,512,2,8,10,10,4,5,1,0.063,0.063,0.063,0.063,0.063,"AMD Ryzen 5 5600GT with Radeon Graphics","Null Device",False
2026-10-08T02:47:58.0990510Z,bandwidth,V2-t2,bw.error.view.p95,tiles,80000,512,2,8,10,10,4,5,1,0.422,0.422,0.422,0.422,0.422,"AMD Ryzen 5 5600GT with Radeon Graphics","Null Device",False
2026-10-08T02:47:58.0995420Z,bandwidth,V2-t2,bw.error.view.p99,tiles,80000,512,2,8,10,10,4,5,1,0.484,0.484,0.484,0.484,0.484,"AMD Ryzen 5 5600GT with Radeon Graphics","Null Device",False
2026-10-08T02:47:58.1000260Z,bandwidth,V2-t2,bw.route.live,waypoints,80000,512,2,8,10,10,4,5,1,3552134,3552134,3552134,3552134,3552134,"AMD Ryzen 5 5600GT with Radeon Graphics","Null Device",False
2026-10-08T02:47:58.1005330Z,bandwidth,V2-t2,bw.route.arena,MB,80000,512,2,8,10,10,4,5,1,32,32,32,32,32,"AMD Ryzen 5 5600GT with Radeon Graphics","Null Device",False
2026-10-08T02:48:01.7550610Z,bandwidth,V3-t2,bw.snapshot.bytes,KB,80000,512,2,8,10,10,4,5,8,799.978,799.978,813.665,813.665,813.665,"AMD Ryzen 5 5600GT with Radeon Graphics","Null Device",False
2026-10-08T02:48:01.7660010Z,bandwidth,V3-t2,bw.snapshot.wire,KB,80000,512,2,8,10,10,4,5,8,835.561,835.561,849.884,849.884,849.884,"AMD Ryzen 5 5600GT with Radeon Graphics","Null Device",False
2026-10-08T02:48:01.7665410Z,bandwidth,V3-t2,bw.snapshot.units,units,80000,512,2,8,10,10,4,5,8,40000,40000,40000,40000,40000,"AMD Ryzen 5 5600GT with Radeon Graphics","Null Device",False
2026-10-08T02:48:01.7670010Z,bandwidth,V3-t2,bw.snapshot.seconds,s,80000,512,2,8,10,10,4,5,8,3.264,3.264,3.32,3.32,3.32,"AMD Ryzen 5 5600GT with Radeon Graphics","Null Device",False
2026-10-08T02:48:41.9740440Z,bandwidth,V3-t2,bw.avg,KB/s,80000,512,2,8,10,10,4,5,8,234.523,228.543,259.801,260.229,260.335,"AMD Ryzen 5 5600GT with Radeon Graphics","Null Device",False
2026-10-08T02:48:41.9749000Z,bandwidth,V3-t2,bw.peak1s,KB/s,80000,512,2,8,10,10,4,5,8,538.602,532.267,564.862,571.012,572.55,"AMD Ryzen 5 5600GT with Radeon Graphics","Null Device",False
2026-10-08T02:48:41.9756380Z,bandwidth,V3-t2,bw.wire.avg,KB/s,80000,512,2,8,10,10,4,5,8,252.447,245.934,279.997,280.384,280.481,"AMD Ryzen 5 5600GT with Radeon Graphics","Null Device",False
2026-10-08T02:48:41.9763460Z,bandwidth,V3-t2,bw.wire.peak1s,KB/s,80000,512,2,8,10,10,4,5,8,569.081,562.479,597.335,604.108,605.802,"AMD Ryzen 5 5600GT with Radeon Graphics","Null Device",False
2026-10-08T02:48:41.9768460Z,bandwidth,V3-t2,bw.encode.ms,ms,80000,512,2,8,10,10,4,5,1200,2.88,2.81,4.185,4.979,11.095,"AMD Ryzen 5 5600GT with Radeon Graphics","Null Device",False
2026-10-08T02:48:41.9778970Z,bandwidth,V3-t2,bw.interest.ms,ms,80000,512,2,8,10,10,4,5,1200,2.427,2.319,3.223,3.472,4.852,"AMD Ryzen 5 5600GT with Radeon Graphics","Null Device",False
2026-10-08T02:48:41.9789090Z,bandwidth,V3-t2,bw.routes.ms,ms,80000,512,2,8,10,10,4,5,1200,1.593,1.092,1.693,24.012,54.603,"AMD Ryzen 5 5600GT with Radeon Graphics","Null Device",False
2026-10-08T02:48:41.9799480Z,bandwidth,V3-t2,bw.routes.deferred,units,80000,512,2,8,10,10,4,5,1200,0,0,0,0,0,"AMD Ryzen 5 5600GT with Radeon Graphics","Null Device",False
2026-10-08T02:48:41.9821260Z,bandwidth,V3-t2,bw.bytype.moveorder,share,80000,512,2,8,10,10,4,5,8,0.232,0.237,0.25,0.253,0.254,"AMD Ryzen 5 5600GT with Radeon Graphics","Null Device",False
2026-10-08T02:48:41.9827890Z,bandwidth,V3-t2,bw.moveorder,count,80000,512,2,8,10,10,4,5,8,74222.5,74222.5,74925,74925,74925,"AMD Ryzen 5 5600GT with Radeon Graphics","Null Device",False
2026-10-08T02:48:41.9832820Z,bandwidth,V3-t2,bw.bytype.correction,share,80000,512,2,8,10,10,4,5,8,0.599,0.59,0.637,0.637,0.637,"AMD Ryzen 5 5600GT with Radeon Graphics","Null Device",False
2026-10-08T02:48:41.9837720Z,bandwidth,V3-t2,bw.correction,count,80000,512,2,8,10,10,4,5,8,2141784.125,2049071.5,2535592.9,2542588.98,2544338,"AMD Ryzen 5 5600GT with Radeon Graphics","Null Device",False
2026-10-08T02:48:41.9842350Z,bandwidth,V3-t2,bw.bytype.health,share,80000,512,2,8,10,10,4,5,8,0.045,0.046,0.048,0.048,0.048,"AMD Ryzen 5 5600GT with Radeon Graphics","Null Device",False
2026-10-08T02:48:41.9847120Z,bandwidth,V3-t2,bw.health,count,80000,512,2,8,10,10,4,5,8,310000,310000,316727,316727,316727,"AMD Ryzen 5 5600GT with Radeon Graphics","Null Device",False
2026-10-08T02:48:41.9851560Z,bandwidth,V3-t2,bw.bytype.enter,share,80000,512,2,8,10,10,4,5,8,0.096,0.097,0.103,0.104,0.104,"AMD Ryzen 5 5600GT with Radeon Graphics","Null Device",False
2026-10-08T02:48:41.9856060Z,bandwidth,V3-t2,bw.enter,count,80000,512,2,8,10,10,4,5,8,87738,87738,88544,88544,88544,"AMD Ryzen 5 5600GT with Radeon Graphics","Null Device",False
2026-10-08T02:48:41.9860450Z,bandwidth,V3-t2,bw.bytype.leave,share,80000,512,2,8,10,10,4,5,8,0.008,0.008,0.009,0.009,0.009,"AMD Ryzen 5 5600GT with Radeon Graphics","Null Device",False
2026-10-08T02:48:41.9864990Z,bandwidth,V3-t2,bw.leave,count,80000,512,2,8,10,10,4,5,8,47756,47756,48571,48571,48571,"AMD Ryzen 5 5600GT with Radeon Graphics","Null Device",False
2026-10-08T02:48:41.9869390Z,bandwidth,V3-t2,bw.bytype.explosion,share,80000,512,2,8,10,10,4,5,8,0.013,0.013,0.014,0.014,0.014,"AMD Ryzen 5 5600GT with Radeon Graphics","Null Device",False
2026-10-08T02:48:41.9873920Z,bandwidth,V3-t2,bw.explosion,count,80000,512,2,8,10,10,4,5,8,47525,47525,48518,48518,48518,"AMD Ryzen 5 5600GT with Radeon Graphics","Null Device",False
2026-10-08T02:48:41.9878250Z,bandwidth,V3-t2,bw.bytype.fogdelta,share,80000,512,2,8,10,10,4,5,8,0.008,0.008,0.012,0.012,0.012,"AMD Ryzen 5 5600GT with Radeon Graphics","Null Device",False
2026-10-08T02:48:41.9882790Z,bandwidth,V3-t2,bw.fogdelta,count,80000,512,2,8,10,10,4,5,8,87328,87328,119743,119743,119743,"AMD Ryzen 5 5600GT with Radeon Graphics","Null Device",False
2026-10-08T02:48:41.9887350Z,bandwidth,V3-t2,bw.waypoints,waypoints,80000,512,2,8,10,10,4,5,1,14.076,14.076,14.076,14.076,14.076,"AMD Ryzen 5 5600GT with Radeon Graphics","Null Device",False
2026-10-08T02:48:41.9893470Z,bandwidth,V3-t2,bw.waypoints.smoothed,waypoints,80000,512,2,8,10,10,4,5,1,2.5,2.5,2.5,2.5,2.5,"AMD Ryzen 5 5600GT with Radeon Graphics","Null Device",False
2026-10-08T02:48:41.9900040Z,bandwidth,V3-t2,bw.waypoints.saved,share,80000,512,2,8,10,10,4,5,1,0.822,0.822,0.822,0.822,0.822,"AMD Ryzen 5 5600GT with Radeon Graphics","Null Device",False
2026-10-08T02:48:41.9935230Z,bandwidth,V3-t2,bw.units,units,80000,512,2,8,10,10,4,5,1,79964,79964,79964,79964,79964,"AMD Ryzen 5 5600GT with Radeon Graphics","Null Device",False
2026-10-08T02:48:41.9978360Z,bandwidth,V3-t2,bw.units.engaged,share,80000,512,2,8,10,10,4,5,1,0.077,0.077,0.077,0.077,0.077,"AMD Ryzen 5 5600GT with Radeon Graphics","Null Device",False
2026-10-08T02:48:41.9984790Z,bandwidth,V3-t2,bw.units.ordered,share,80000,512,2,8,10,10,4,5,1,0.971,0.971,0.971,0.971,0.971,"AMD Ryzen 5 5600GT with Radeon Graphics","Null Device",False
2026-10-08T02:48:41.9992410Z,bandwidth,V3-t2,bw.allowed,units,80000,512,2,8,10,10,4,5,1,39973,39973,39973,39973,39973,"AMD Ryzen 5 5600GT with Radeon Graphics","Null Device",False
2026-10-08T02:48:41.9997430Z,bandwidth,V3-t2,bw.corrections.perunit,corrections,80000,512,2,8,10,10,4,5,1,0.04,0.04,0.04,0.04,0.04,"AMD Ryzen 5 5600GT with Radeon Graphics","Null Device",False
2026-10-08T02:48:42.0008710Z,bandwidth,V3-t2,bw.error.all.mean,tiles,80000,512,2,8,10,10,4,5,1,0.398,0.398,0.398,0.398,0.398,"AMD Ryzen 5 5600GT with Radeon Graphics","Null Device",False
2026-10-08T02:48:42.0013990Z,bandwidth,V3-t2,bw.error.all.p50,tiles,80000,512,2,8,10,10,4,5,1,0.063,0.063,0.063,0.063,0.063,"AMD Ryzen 5 5600GT with Radeon Graphics","Null Device",False
2026-10-08T02:48:42.0018410Z,bandwidth,V3-t2,bw.error.all.p95,tiles,80000,512,2,8,10,10,4,5,1,2.719,2.719,2.719,2.719,2.719,"AMD Ryzen 5 5600GT with Radeon Graphics","Null Device",False
2026-10-08T02:48:42.0022810Z,bandwidth,V3-t2,bw.error.all.p99,tiles,80000,512,2,8,10,10,4,5,1,3.75,3.75,3.75,3.75,3.75,"AMD Ryzen 5 5600GT with Radeon Graphics","Null Device",False
2026-10-08T02:48:42.0027650Z,bandwidth,V3-t2,bw.error.view.mean,tiles,80000,512,2,8,10,10,4,5,1,0.057,0.057,0.057,0.057,0.057,"AMD Ryzen 5 5600GT with Radeon Graphics","Null Device",False
2026-10-08T02:48:42.0032090Z,bandwidth,V3-t2,bw.error.view.p50,tiles,80000,512,2,8,10,10,4,5,1,0.063,0.063,0.063,0.063,0.063,"AMD Ryzen 5 5600GT with Radeon Graphics","Null Device",False
2026-10-08T02:48:42.0036580Z,bandwidth,V3-t2,bw.error.view.p95,tiles,80000,512,2,8,10,10,4,5,1,0.156,0.156,0.156,0.156,0.156,"AMD Ryzen 5 5600GT with Radeon Graphics","Null Device",False
2026-10-08T02:48:42.0040740Z,bandwidth,V3-t2,bw.error.view.p99,tiles,80000,512,2,8,10,10,4,5,1,0.234,0.234,0.234,0.234,0.234,"AMD Ryzen 5 5600GT with Radeon Graphics","Null Device",False
2026-10-08T02:48:42.0045090Z,bandwidth,V3-t2,bw.route.live,waypoints,80000,512,2,8,10,10,4,5,1,3552134,3552134,3552134,3552134,3552134,"AMD Ryzen 5 5600GT with Radeon Graphics","Null Device",False
2026-10-08T02:48:42.0050880Z,bandwidth,V3-t2,bw.route.arena,MB,80000,512,2,8,10,10,4,5,1,32,32,32,32,32,"AMD Ryzen 5 5600GT with Radeon Graphics","Null Device",False
2026-10-08T02:51:23.6962720Z,bandwidth,S1-t8,bw.snapshot.bytes,KB,80000,512,8,8,10,10,4,5,8,397.208,401.281,403.532,403.532,403.532,"AMD Ryzen 5 5600GT with Radeon Graphics","Null Device",False
2026-10-08T02:51:23.7068750Z,bandwidth,S1-t8,bw.snapshot.wire,KB,80000,512,8,8,10,10,4,5,8,414.873,419.137,421.464,421.464,421.464,"AMD Ryzen 5 5600GT with Radeon Graphics","Null Device",False
2026-10-08T02:51:23.7073960Z,bandwidth,S1-t8,bw.snapshot.units,units,80000,512,8,8,10,10,4,5,8,20000,20000,20000,20000,20000,"AMD Ryzen 5 5600GT with Radeon Graphics","Null Device",False
2026-10-08T02:51:23.7078720Z,bandwidth,S1-t8,bw.snapshot.seconds,s,80000,512,8,8,10,10,4,5,8,1.621,1.637,1.646,1.646,1.646,"AMD Ryzen 5 5600GT with Radeon Graphics","Null Device",False
2026-10-08T02:52:09.6619100Z,bandwidth,S1-t8,bw.avg,KB/s,80000,512,8,8,10,10,4,5,8,297.964,297.197,314.962,315.739,315.933,"AMD Ryzen 5 5600GT with Radeon Graphics","Null Device",False
2026-10-08T02:52:09.6625620Z,bandwidth,S1-t8,bw.peak1s,KB/s,80000,512,8,8,10,10,4,5,8,456.725,456.109,470.618,471.724,472.001,"AMD Ryzen 5 5600GT with Radeon Graphics","Null Device",False
2026-10-08T02:52:09.6631230Z,bandwidth,S1-t8,bw.wire.avg,KB/s,80000,512,8,8,10,10,4,5,8,322.499,321.692,339.939,340.408,340.525,"AMD Ryzen 5 5600GT with Radeon Graphics","Null Device",False
2026-10-08T02:52:09.6637430Z,bandwidth,S1-t8,bw.wire.peak1s,KB/s,80000,512,8,8,10,10,4,5,8,489.476,488.736,504.674,506.077,506.428,"AMD Ryzen 5 5600GT with Radeon Graphics","Null Device",False
2026-10-08T02:52:09.6643070Z,bandwidth,S1-t8,bw.encode.ms,ms,80000,512,8,8,10,10,4,5,1200,2.512,2.378,3.764,4.695,6.644,"AMD Ryzen 5 5600GT with Radeon Graphics","Null Device",False
2026-10-08T02:52:09.6653140Z,bandwidth,S1-t8,bw.interest.ms,ms,80000,512,8,8,10,10,4,5,1200,5.244,5.175,5.905,6.657,8.987,"AMD Ryzen 5 5600GT with Radeon Graphics","Null Device",False
2026-10-08T02:52:09.6664550Z,bandwidth,S1-t8,bw.routes.ms,ms,80000,512,8,8,10,10,4,5,1200,1.758,1.212,2.153,24.201,57.595,"AMD Ryzen 5 5600GT with Radeon Graphics","Null Device",False
2026-10-08T02:52:09.6675190Z,bandwidth,S1-t8,bw.routes.deferred,units,80000,512,8,8,10,10,4,5,1200,0,0,0,0,0,"AMD Ryzen 5 5600GT with Radeon Graphics","Null Device",False
2026-10-08T02:52:09.6701660Z,bandwidth,S1-t8,bw.bytype.moveorder,share,80000,512,8,8,10,10,4,5,8,0.061,0.059,0.072,0.074,0.074,"AMD Ryzen 5 5600GT with Radeon Graphics","Null Device",False
2026-10-08T02:52:09.6707540Z,bandwidth,S1-t8,bw.moveorder,count,80000,512,8,8,10,10,4,5,8,25839.75,25710.5,26645.85,26833.17,26880,"AMD Ryzen 5 5600GT with Radeon Graphics","Null Device",False
2026-10-08T02:52:09.6713620Z,bandwidth,S1-t8,bw.bytype.correction,share,80000,512,8,8,10,10,4,5,8,0.732,0.731,0.787,0.797,0.799,"AMD Ryzen 5 5600GT with Radeon Graphics","Null Device",False
2026-10-08T02:52:09.6718530Z,bandwidth,S1-t8,bw.correction,count,80000,512,8,8,10,10,4,5,8,2680575.75,2691157.5,2793783.8,2806527.16,2809713,"AMD Ryzen 5 5600GT with Radeon Graphics","Null Device",False
2026-10-08T02:52:09.6723640Z,bandwidth,S1-t8,bw.bytype.health,share,80000,512,8,8,10,10,4,5,8,0.018,0.018,0.02,0.02,0.02,"AMD Ryzen 5 5600GT with Radeon Graphics","Null Device",False
2026-10-08T02:52:09.6728460Z,bandwidth,S1-t8,bw.health,count,80000,512,8,8,10,10,4,5,8,154873.75,154123,165548.15,165584.83,165594,"AMD Ryzen 5 5600GT with Radeon Graphics","Null Device",False
2026-10-08T02:52:09.6733260Z,bandwidth,S1-t8,bw.bytype.enter,share,80000,512,8,8,10,10,4,5,8,0.172,0.167,0.241,0.258,0.262,"AMD Ryzen 5 5600GT with Radeon Graphics","Null Device",False
2026-10-08T02:52:09.6738220Z,bandwidth,S1-t8,bw.enter,count,80000,512,8,8,10,10,4,5,8,77559.875,73264,105148.25,113975.25,116182,"AMD Ryzen 5 5600GT with Radeon Graphics","Null Device",False
2026-10-08T02:52:09.6743130Z,bandwidth,S1-t8,bw.bytype.leave,share,80000,512,8,8,10,10,4,5,8,0.01,0.009,0.013,0.014,0.015,"AMD Ryzen 5 5600GT with Radeon Graphics","Null Device",False
2026-10-08T02:52:09.6748540Z,bandwidth,S1-t8,bw.leave,count,80000,512,8,8,10,10,4,5,8,65540.5,60896,93141.35,102241.07,104516,"AMD Ryzen 5 5600GT with Radeon Graphics","Null Device",False
2026-10-08T02:52:09.6753380Z,bandwidth,S1-t8,bw.bytype.explosion,share,80000,512,8,8,10,10,4,5,8,0.005,0.005,0.006,0.006,0.006,"AMD Ryzen 5 5600GT with Radeon Graphics","Null Device",False
2026-10-08T02:52:09.6757970Z,bandwidth,S1-t8,bw.explosion,count,80000,512,8,8,10,10,4,5,8,23823.5,23535.5,25396.25,25408.85,25412,"AMD Ryzen 5 5600GT with Radeon Graphics","Null Device",False
2026-10-08T02:52:09.6762930Z,bandwidth,S1-t8,bw.bytype.fogdelta,share,80000,512,8,8,10,10,4,5,8,0.003,0.003,0.004,0.005,0.005,"AMD Ryzen 5 5600GT with Radeon Graphics","Null Device",False
2026-10-08T02:52:09.6767360Z,bandwidth,S1-t8,bw.fogdelta,count,80000,512,8,8,10,10,4,5,8,36779.375,33971.5,58635.6,66661.52,68668,"AMD Ryzen 5 5600GT with Radeon Graphics","Null Device",False
2026-10-08T02:52:09.6772210Z,bandwidth,S1-t8,bw.waypoints,waypoints,80000,512,8,8,10,10,4,5,1,14.076,14.076,14.076,14.076,14.076,"AMD Ryzen 5 5600GT with Radeon Graphics","Null Device",False
2026-10-08T02:52:09.6776710Z,bandwidth,S1-t8,bw.waypoints.smoothed,waypoints,80000,512,8,8,10,10,4,5,1,2.5,2.5,2.5,2.5,2.5,"AMD Ryzen 5 5600GT with Radeon Graphics","Null Device",False
2026-10-08T02:52:09.6781570Z,bandwidth,S1-t8,bw.waypoints.saved,share,80000,512,8,8,10,10,4,5,1,0.822,0.822,0.822,0.822,0.822,"AMD Ryzen 5 5600GT with Radeon Graphics","Null Device",False
2026-10-08T02:52:09.6811080Z,bandwidth,S1-t8,bw.units,units,80000,512,8,8,10,10,4,5,1,79964,79964,79964,79964,79964,"AMD Ryzen 5 5600GT with Radeon Graphics","Null Device",False
2026-10-08T02:52:09.6876170Z,bandwidth,S1-t8,bw.units.engaged,share,80000,512,8,8,10,10,4,5,1,0.077,0.077,0.077,0.077,0.077,"AMD Ryzen 5 5600GT with Radeon Graphics","Null Device",False
2026-10-08T02:52:09.6887160Z,bandwidth,S1-t8,bw.units.ordered,share,80000,512,8,8,10,10,4,5,1,0.971,0.971,0.971,0.971,0.971,"AMD Ryzen 5 5600GT with Radeon Graphics","Null Device",False
2026-10-08T02:52:09.6896410Z,bandwidth,S1-t8,bw.allowed,units,80000,512,8,8,10,10,4,5,1,12736,12736,12736,12736,12736,"AMD Ryzen 5 5600GT with Radeon Graphics","Null Device",False
2026-10-08T02:52:09.6902120Z,bandwidth,S1-t8,bw.corrections.perunit,corrections,80000,512,8,8,10,10,4,5,1,0.175,0.175,0.175,0.175,0.175,"AMD Ryzen 5 5600GT with Radeon Graphics","Null Device",False
2026-10-08T02:52:09.6914150Z,bandwidth,S1-t8,bw.error.all.mean,tiles,80000,512,8,8,10,10,4,5,1,0.066,0.066,0.066,0.066,0.066,"AMD Ryzen 5 5600GT with Radeon Graphics","Null Device",False
2026-10-08T02:52:09.6919910Z,bandwidth,S1-t8,bw.error.all.p50,tiles,80000,512,8,8,10,10,4,5,1,0.063,0.063,0.063,0.063,0.063,"AMD Ryzen 5 5600GT with Radeon Graphics","Null Device",False
2026-10-08T02:52:09.6925630Z,bandwidth,S1-t8,bw.error.all.p95,tiles,80000,512,8,8,10,10,4,5,1,0.203,0.203,0.203,0.203,0.203,"AMD Ryzen 5 5600GT with Radeon Graphics","Null Device",False
2026-10-08T02:52:09.6930740Z,bandwidth,S1-t8,bw.error.all.p99,tiles,80000,512,8,8,10,10,4,5,1,0.25,0.25,0.25,0.25,0.25,"AMD Ryzen 5 5600GT with Radeon Graphics","Null Device",False
2026-10-08T02:52:09.6937360Z,bandwidth,S1-t8,bw.error.view.mean,tiles,80000,512,8,8,10,10,4,5,1,0.066,0.066,0.066,0.066,0.066,"AMD Ryzen 5 5600GT with Radeon Graphics","Null Device",False
2026-10-08T02:52:09.6942280Z,bandwidth,S1-t8,bw.error.view.p50,tiles,80000,512,8,8,10,10,4,5,1,0.063,0.063,0.063,0.063,0.063,"AMD Ryzen 5 5600GT with Radeon Graphics","Null Device",False
2026-10-08T02:52:09.6947150Z,bandwidth,S1-t8,bw.error.view.p95,tiles,80000,512,8,8,10,10,4,5,1,0.203,0.203,0.203,0.203,0.203,"AMD Ryzen 5 5600GT with Radeon Graphics","Null Device",False
2026-10-08T02:52:09.6951720Z,bandwidth,S1-t8,bw.error.view.p99,tiles,80000,512,8,8,10,10,4,5,1,0.25,0.25,0.25,0.25,0.25,"AMD Ryzen 5 5600GT with Radeon Graphics","Null Device",False
2026-10-08T02:52:09.6956490Z,bandwidth,S1-t8,bw.route.live,waypoints,80000,512,8,8,10,10,4,5,1,3552134,3552134,3552134,3552134,3552134,"AMD Ryzen 5 5600GT with Radeon Graphics","Null Device",False
2026-10-08T02:52:09.6961360Z,bandwidth,S1-t8,bw.route.arena,MB,80000,512,8,8,10,10,4,5,1,32,32,32,32,32,"AMD Ryzen 5 5600GT with Radeon Graphics","Null Device",False
2026-10-08T02:52:13.4518770Z,bandwidth,S2-t8,bw.snapshot.bytes,KB,80000,512,8,8,10,10,4,5,8,397.208,401.281,403.532,403.532,403.532,"AMD Ryzen 5 5600GT with Radeon Graphics","Null Device",False
2026-10-08T02:52:13.4630740Z,bandwidth,S2-t8,bw.snapshot.wire,KB,80000,512,8,8,10,10,4,5,8,414.873,419.137,421.464,421.464,421.464,"AMD Ryzen 5 5600GT with Radeon Graphics","Null Device",False
2026-10-08T02:52:13.4636280Z,bandwidth,S2-t8,bw.snapshot.units,units,80000,512,8,8,10,10,4,5,8,20000,20000,20000,20000,20000,"AMD Ryzen 5 5600GT with Radeon Graphics","Null Device",False
2026-10-08T02:52:13.4641340Z,bandwidth,S2-t8,bw.snapshot.seconds,s,80000,512,8,8,10,10,4,5,8,1.621,1.637,1.646,1.646,1.646,"AMD Ryzen 5 5600GT with Radeon Graphics","Null Device",False
2026-10-08T02:53:03.0855790Z,bandwidth,S2-t8,bw.avg,KB/s,80000,512,8,8,10,10,4,5,8,207.144,209.381,218.38,220.512,221.044,"AMD Ryzen 5 5600GT with Radeon Graphics","Null Device",False
2026-10-08T02:53:03.0861590Z,bandwidth,S2-t8,bw.peak1s,KB/s,80000,512,8,8,10,10,4,5,8,308.606,299.279,357.215,368.421,371.223,"AMD Ryzen 5 5600GT with Radeon Graphics","Null Device",False
2026-10-08T02:53:03.0866420Z,bandwidth,S2-t8,bw.wire.avg,KB/s,80000,512,8,8,10,10,4,5,8,223.549,226.619,236.12,238.708,239.354,"AMD Ryzen 5 5600GT with Radeon Graphics","Null Device",False
2026-10-08T02:53:03.0871920Z,bandwidth,S2-t8,bw.wire.peak1s,KB/s,80000,512,8,8,10,10,4,5,8,330.674,317.558,382.229,393.844,396.748,"AMD Ryzen 5 5600GT with Radeon Graphics","Null Device",False
2026-10-08T02:53:03.0876950Z,bandwidth,S2-t8,bw.encode.ms,ms,80000,512,8,8,10,10,4,5,1200,2.426,2.253,3.89,4.881,7.294,"AMD Ryzen 5 5600GT with Radeon Graphics","Null Device",False
2026-10-08T02:53:03.0886800Z,bandwidth,S2-t8,bw.interest.ms,ms,80000,512,8,8,10,10,4,5,1200,5.365,5.277,6.154,6.955,8.048,"AMD Ryzen 5 5600GT with Radeon Graphics","Null Device",False
2026-10-08T02:53:03.0896490Z,bandwidth,S2-t8,bw.routes.ms,ms,80000,512,8,8,10,10,4,5,1200,1.829,1.291,2.256,25.078,56.02,"AMD Ryzen 5 5600GT with Radeon Graphics","Null Device",False
2026-10-08T02:53:03.0906080Z,bandwidth,S2-t8,bw.routes.deferred,units,80000,512,8,8,10,10,4,5,1200,0,0,0,0,0,"AMD Ryzen 5 5600GT with Radeon Graphics","Null Device",False
2026-10-08T02:53:03.0927420Z,bandwidth,S2-t8,bw.bytype.moveorder,share,80000,512,8,8,10,10,4,5,8,0.087,0.086,0.106,0.112,0.114,"AMD Ryzen 5 5600GT with Radeon Graphics","Null Device",False
2026-10-08T02:53:03.0932610Z,bandwidth,S2-t8,bw.moveorder,count,80000,512,8,8,10,10,4,5,8,25839.75,25710.5,26645.85,26833.17,26880,"AMD Ryzen 5 5600GT with Radeon Graphics","Null Device",False
2026-10-08T02:53:03.0937330Z,bandwidth,S2-t8,bw.bytype.correction,share,80000,512,8,8,10,10,4,5,8,0.614,0.598,0.728,0.742,0.745,"AMD Ryzen 5 5600GT with Radeon Graphics","Null Device",False
2026-10-08T02:53:03.0941700Z,bandwidth,S2-t8,bw.correction,count,80000,512,8,8,10,10,4,5,8,1556532.625,1505799,1908202.7,1915594.14,1917442,"AMD Ryzen 5 5600GT with Radeon Graphics","Null Device",False
2026-10-08T02:53:03.0947050Z,bandwidth,S2-t8,bw.bytype.health,share,80000,512,8,8,10,10,4,5,8,0.026,0.025,0.03,0.03,0.031,"AMD Ryzen 5 5600GT with Radeon Graphics","Null Device",False
2026-10-08T02:53:03.0951660Z,bandwidth,S2-t8,bw.health,count,80000,512,8,8,10,10,4,5,8,154873.75,154123,165548.15,165584.83,165594,"AMD Ryzen 5 5600GT with Radeon Graphics","Null Device",False
2026-10-08T02:53:03.0957120Z,bandwidth,S2-t8,bw.bytype.enter,share,80000,512,8,8,10,10,4,5,8,0.248,0.249,0.36,0.387,0.394,"AMD Ryzen 5 5600GT with Radeon Graphics","Null Device",False
2026-10-08T02:53:03.0962160Z,bandwidth,S2-t8,bw.enter,count,80000,512,8,8,10,10,4,5,8,77559.875,73264,105148.25,113975.25,116182,"AMD Ryzen 5 5600GT with Radeon Graphics","Null Device",False
2026-10-08T02:53:03.0966770Z,bandwidth,S2-t8,bw.bytype.leave,share,80000,512,8,8,10,10,4,5,8,0.014,0.013,0.019,0.021,0.022,"AMD Ryzen 5 5600GT with Radeon Graphics","Null Device",False
2026-10-08T02:53:03.0971370Z,bandwidth,S2-t8,bw.leave,count,80000,512,8,8,10,10,4,5,8,65540.5,60896,93141.35,102241.07,104516,"AMD Ryzen 5 5600GT with Radeon Graphics","Null Device",False
2026-10-08T02:53:03.0976010Z,bandwidth,S2-t8,bw.bytype.explosion,share,80000,512,8,8,10,10,4,5,8,0.007,0.007,0.008,0.009,0.009,"AMD Ryzen 5 5600GT with Radeon Graphics","Null Device",False
2026-10-08T02:53:03.0980450Z,bandwidth,S2-t8,bw.explosion,count,80000,512,8,8,10,10,4,5,8,23823.5,23535.5,25396.25,25408.85,25412,"AMD Ryzen 5 5600GT with Radeon Graphics","Null Device",False
2026-10-08T02:53:03.0985730Z,bandwidth,S2-t8,bw.bytype.fogdelta,share,80000,512,8,8,10,10,4,5,8,0.004,0.004,0.006,0.007,0.007,"AMD Ryzen 5 5600GT with Radeon Graphics","Null Device",False
2026-10-08T02:53:03.0990560Z,bandwidth,S2-t8,bw.fogdelta,count,80000,512,8,8,10,10,4,5,8,36779.375,33971.5,58635.6,66661.52,68668,"AMD Ryzen 5 5600GT with Radeon Graphics","Null Device",False
2026-10-08T02:53:03.0995650Z,bandwidth,S2-t8,bw.waypoints,waypoints,80000,512,8,8,10,10,4,5,1,14.076,14.076,14.076,14.076,14.076,"AMD Ryzen 5 5600GT with Radeon Graphics","Null Device",False
2026-10-08T02:53:03.1000430Z,bandwidth,S2-t8,bw.waypoints.smoothed,waypoints,80000,512,8,8,10,10,4,5,1,2.5,2.5,2.5,2.5,2.5,"AMD Ryzen 5 5600GT with Radeon Graphics","Null Device",False
2026-10-08T02:53:03.1005430Z,bandwidth,S2-t8,bw.waypoints.saved,share,80000,512,8,8,10,10,4,5,1,0.822,0.822,0.822,0.822,0.822,"AMD Ryzen 5 5600GT with Radeon Graphics","Null Device",False
2026-10-08T02:53:03.1035480Z,bandwidth,S2-t8,bw.units,units,80000,512,8,8,10,10,4,5,1,79964,79964,79964,79964,79964,"AMD Ryzen 5 5600GT with Radeon Graphics","Null Device",False
2026-10-08T02:53:03.1080030Z,bandwidth,S2-t8,bw.units.engaged,share,80000,512,8,8,10,10,4,5,1,0.077,0.077,0.077,0.077,0.077,"AMD Ryzen 5 5600GT with Radeon Graphics","Null Device",False
2026-10-08T02:53:03.1085640Z,bandwidth,S2-t8,bw.units.ordered,share,80000,512,8,8,10,10,4,5,1,0.971,0.971,0.971,0.971,0.971,"AMD Ryzen 5 5600GT with Radeon Graphics","Null Device",False
2026-10-08T02:53:03.1092210Z,bandwidth,S2-t8,bw.allowed,units,80000,512,8,8,10,10,4,5,1,12736,12736,12736,12736,12736,"AMD Ryzen 5 5600GT with Radeon Graphics","Null Device",False
2026-10-08T02:53:03.1096980Z,bandwidth,S2-t8,bw.corrections.perunit,corrections,80000,512,8,8,10,10,4,5,1,0.089,0.089,0.089,0.089,0.089,"AMD Ryzen 5 5600GT with Radeon Graphics","Null Device",False
2026-10-08T02:53:03.1107800Z,bandwidth,S2-t8,bw.error.all.mean,tiles,80000,512,8,8,10,10,4,5,1,0.274,0.274,0.274,0.274,0.274,"AMD Ryzen 5 5600GT with Radeon Graphics","Null Device",False
2026-10-08T02:53:03.1113400Z,bandwidth,S2-t8,bw.error.all.p50,tiles,80000,512,8,8,10,10,4,5,1,0.063,0.063,0.063,0.063,0.063,"AMD Ryzen 5 5600GT with Radeon Graphics","Null Device",False
2026-10-08T02:53:03.1118660Z,bandwidth,S2-t8,bw.error.all.p95,tiles,80000,512,8,8,10,10,4,5,1,1.484,1.484,1.484,1.484,1.484,"AMD Ryzen 5 5600GT with Radeon Graphics","Null Device",False
2026-10-08T02:53:03.1124070Z,bandwidth,S2-t8,bw.error.all.p99,tiles,80000,512,8,8,10,10,4,5,1,1.891,1.891,1.891,1.891,1.891,"AMD Ryzen 5 5600GT with Radeon Graphics","Null Device",False
2026-10-08T02:53:03.1130110Z,bandwidth,S2-t8,bw.error.view.mean,tiles,80000,512,8,8,10,10,4,5,1,0.061,0.061,0.061,0.061,0.061,"AMD Ryzen 5 5600GT with Radeon Graphics","Null Device",False
2026-10-08T02:53:03.1135200Z,bandwidth,S2-t8,bw.error.view.p50,tiles,80000,512,8,8,10,10,4,5,1,0.063,0.063,0.063,0.063,0.063,"AMD Ryzen 5 5600GT with Radeon Graphics","Null Device",False
2026-10-08T02:53:03.1140050Z,bandwidth,S2-t8,bw.error.view.p95,tiles,80000,512,8,8,10,10,4,5,1,0.188,0.188,0.188,0.188,0.188,"AMD Ryzen 5 5600GT with Radeon Graphics","Null Device",False
2026-10-08T02:53:03.1145550Z,bandwidth,S2-t8,bw.error.view.p99,tiles,80000,512,8,8,10,10,4,5,1,0.25,0.25,0.25,0.25,0.25,"AMD Ryzen 5 5600GT with Radeon Graphics","Null Device",False
2026-10-08T02:53:03.1150990Z,bandwidth,S2-t8,bw.route.live,waypoints,80000,512,8,8,10,10,4,5,1,3552134,3552134,3552134,3552134,3552134,"AMD Ryzen 5 5600GT with Radeon Graphics","Null Device",False
2026-10-08T02:53:03.1156510Z,bandwidth,S2-t8,bw.route.arena,MB,80000,512,8,8,10,10,4,5,1,32,32,32,32,32,"AMD Ryzen 5 5600GT with Radeon Graphics","Null Device",False
2026-10-08T02:53:06.8458490Z,bandwidth,S3-t8,bw.snapshot.bytes,KB,80000,512,8,8,10,10,4,5,8,397.208,401.281,403.532,403.532,403.532,"AMD Ryzen 5 5600GT with Radeon Graphics","Null Device",False
2026-10-08T02:53:06.8566050Z,bandwidth,S3-t8,bw.snapshot.wire,KB,80000,512,8,8,10,10,4,5,8,414.873,419.137,421.464,421.464,421.464,"AMD Ryzen 5 5600GT with Radeon Graphics","Null Device",False
2026-10-08T02:53:06.8570980Z,bandwidth,S3-t8,bw.snapshot.units,units,80000,512,8,8,10,10,4,5,8,20000,20000,20000,20000,20000,"AMD Ryzen 5 5600GT with Radeon Graphics","Null Device",False
2026-10-08T02:53:06.8575910Z,bandwidth,S3-t8,bw.snapshot.seconds,s,80000,512,8,8,10,10,4,5,8,1.621,1.637,1.646,1.646,1.646,"AMD Ryzen 5 5600GT with Radeon Graphics","Null Device",False
2026-10-08T02:53:45.5604280Z,bandwidth,S3-t8,bw.avg,KB/s,80000,512,8,8,10,10,4,5,8,199.787,202.516,212.544,215.626,216.397,"AMD Ryzen 5 5600GT with Radeon Graphics","Null Device",False
2026-10-08T02:53:45.5610290Z,bandwidth,S3-t8,bw.peak1s,KB/s,80000,512,8,8,10,10,4,5,8,304.193,297.68,347.356,358.886,361.769,"AMD Ryzen 5 5600GT with Radeon Graphics","Null Device",False
2026-10-08T02:53:45.5615520Z,bandwidth,S3-t8,bw.wire.avg,KB/s,80000,512,8,8,10,10,4,5,8,215.553,218.48,230.244,233.484,234.294,"AMD Ryzen 5 5600GT with Radeon Graphics","Null Device",False
2026-10-08T02:53:45.5620630Z,bandwidth,S3-t8,bw.wire.peak1s,KB/s,80000,512,8,8,10,10,4,5,8,325.726,315.573,371.911,383.964,386.978,"AMD Ryzen 5 5600GT with Radeon Graphics","Null Device",False
2026-10-08T02:53:45.5625840Z,bandwidth,S3-t8,bw.encode.ms,ms,80000,512,8,8,10,10,4,5,1200,1.743,1.693,2.423,3.078,5.84,"AMD Ryzen 5 5600GT with Radeon Graphics","Null Device",False
2026-10-08T02:53:45.5636600Z,bandwidth,S3-t8,bw.interest.ms,ms,80000,512,8,8,10,10,4,5,1200,5.022,4.965,5.511,5.895,9.015,"AMD Ryzen 5 5600GT with Radeon Graphics","Null Device",False
2026-10-08T02:53:45.5647190Z,bandwidth,S3-t8,bw.routes.ms,ms,80000,512,8,8,10,10,4,5,1200,1.527,1.027,1.562,23.535,55.669,"AMD Ryzen 5 5600GT with Radeon Graphics","Null Device",False
2026-10-08T02:53:45.5657370Z,bandwidth,S3-t8,bw.routes.deferred,units,80000,512,8,8,10,10,4,5,1200,0,0,0,0,0,"AMD Ryzen 5 5600GT with Radeon Graphics","Null Device",False
2026-10-08T02:53:45.5681010Z,bandwidth,S3-t8,bw.bytype.moveorder,share,80000,512,8,8,10,10,4,5,8,0.09,0.09,0.111,0.118,0.119,"AMD Ryzen 5 5600GT with Radeon Graphics","Null Device",False
2026-10-08T02:53:45.5686430Z,bandwidth,S3-t8,bw.moveorder,count,80000,512,8,8,10,10,4,5,8,25839.75,25710.5,26645.85,26833.17,26880,"AMD Ryzen 5 5600GT with Radeon Graphics","Null Device",False
2026-10-08T02:53:45.5691310Z,bandwidth,S3-t8,bw.bytype.correction,share,80000,512,8,8,10,10,4,5,8,0.599,0.581,0.722,0.737,0.741,"AMD Ryzen 5 5600GT with Radeon Graphics","Null Device",False
2026-10-08T02:53:45.5696190Z,bandwidth,S3-t8,bw.correction,count,80000,512,8,8,10,10,4,5,8,1462446.5,1398472,1852091.95,1860666.39,1862810,"AMD Ryzen 5 5600GT with Radeon Graphics","Null Device",False
2026-10-08T02:53:45.5701050Z,bandwidth,S3-t8,bw.bytype.health,share,80000,512,8,8,10,10,4,5,8,0.027,0.026,0.031,0.032,0.032,"AMD Ryzen 5 5600GT with Radeon Graphics","Null Device",False
2026-10-08T02:53:45.5705860Z,bandwidth,S3-t8,bw.health,count,80000,512,8,8,10,10,4,5,8,154873.75,154123,165548.15,165584.83,165594,"AMD Ryzen 5 5600GT with Radeon Graphics","Null Device",False
2026-10-08T02:53:45.5710590Z,bandwidth,S3-t8,bw.bytype.enter,share,80000,512,8,8,10,10,4,5,8,0.258,0.259,0.375,0.404,0.411,"AMD Ryzen 5 5600GT with Radeon Graphics","Null Device",False
2026-10-08T02:53:45.5716370Z,bandwidth,S3-t8,bw.enter,count,80000,512,8,8,10,10,4,5,8,77559.875,73264,105148.25,113975.25,116182,"AMD Ryzen 5 5600GT with Radeon Graphics","Null Device",False
2026-10-08T02:53:45.5721330Z,bandwidth,S3-t8,bw.bytype.leave,share,80000,512,8,8,10,10,4,5,8,0.014,0.013,0.02,0.022,0.023,"AMD Ryzen 5 5600GT with Radeon Graphics","Null Device",False
2026-10-08T02:53:45.5726190Z,bandwidth,S3-t8,bw.leave,count,80000,512,8,8,10,10,4,5,8,65540.5,60896,93141.35,102241.07,104516,"AMD Ryzen 5 5600GT with Radeon Graphics","Null Device",False
2026-10-08T02:53:45.5730850Z,bandwidth,S3-t8,bw.bytype.explosion,share,80000,512,8,8,10,10,4,5,8,0.008,0.007,0.009,0.009,0.009,"AMD Ryzen 5 5600GT with Radeon Graphics","Null Device",False
2026-10-08T02:53:45.5736620Z,bandwidth,S3-t8,bw.explosion,count,80000,512,8,8,10,10,4,5,8,23823.5,23535.5,25396.25,25408.85,25412,"AMD Ryzen 5 5600GT with Radeon Graphics","Null Device",False
2026-10-08T02:53:45.5741430Z,bandwidth,S3-t8,bw.bytype.fogdelta,share,80000,512,8,8,10,10,4,5,8,0.004,0.004,0.007,0.007,0.008,"AMD Ryzen 5 5600GT with Radeon Graphics","Null Device",False
2026-10-08T02:53:45.5746220Z,bandwidth,S3-t8,bw.fogdelta,count,80000,512,8,8,10,10,4,5,8,36779.375,33971.5,58635.6,66661.52,68668,"AMD Ryzen 5 5600GT with Radeon Graphics","Null Device",False
2026-10-08T02:53:45.5751040Z,bandwidth,S3-t8,bw.waypoints,waypoints,80000,512,8,8,10,10,4,5,1,14.076,14.076,14.076,14.076,14.076,"AMD Ryzen 5 5600GT with Radeon Graphics","Null Device",False
2026-10-08T02:53:45.5755810Z,bandwidth,S3-t8,bw.waypoints.smoothed,waypoints,80000,512,8,8,10,10,4,5,1,2.5,2.5,2.5,2.5,2.5,"AMD Ryzen 5 5600GT with Radeon Graphics","Null Device",False
2026-10-08T02:53:45.5760410Z,bandwidth,S3-t8,bw.waypoints.saved,share,80000,512,8,8,10,10,4,5,1,0.822,0.822,0.822,0.822,0.822,"AMD Ryzen 5 5600GT with Radeon Graphics","Null Device",False
2026-10-08T02:53:45.5789660Z,bandwidth,S3-t8,bw.units,units,80000,512,8,8,10,10,4,5,1,79964,79964,79964,79964,79964,"AMD Ryzen 5 5600GT with Radeon Graphics","Null Device",False
2026-10-08T02:53:45.5834840Z,bandwidth,S3-t8,bw.units.engaged,share,80000,512,8,8,10,10,4,5,1,0.077,0.077,0.077,0.077,0.077,"AMD Ryzen 5 5600GT with Radeon Graphics","Null Device",False
2026-10-08T02:53:45.5839400Z,bandwidth,S3-t8,bw.units.ordered,share,80000,512,8,8,10,10,4,5,1,0.971,0.971,0.971,0.971,0.971,"AMD Ryzen 5 5600GT with Radeon Graphics","Null Device",False
2026-10-08T02:53:45.5845390Z,bandwidth,S3-t8,bw.allowed,units,80000,512,8,8,10,10,4,5,1,12736,12736,12736,12736,12736,"AMD Ryzen 5 5600GT with Radeon Graphics","Null Device",False
2026-10-08T02:53:45.5850510Z,bandwidth,S3-t8,bw.corrections.perunit,corrections,80000,512,8,8,10,10,4,5,1,0.082,0.082,0.082,0.082,0.082,"AMD Ryzen 5 5600GT with Radeon Graphics","Null Device",False
2026-10-08T02:53:45.5860970Z,bandwidth,S3-t8,bw.error.all.mean,tiles,80000,512,8,8,10,10,4,5,1,0.432,0.432,0.432,0.432,0.432,"AMD Ryzen 5 5600GT with Radeon Graphics","Null Device",False
2026-10-08T02:53:45.5866420Z,bandwidth,S3-t8,bw.error.all.p50,tiles,80000,512,8,8,10,10,4,5,1,0.063,0.063,0.063,0.063,0.063,"AMD Ryzen 5 5600GT with Radeon Graphics","Null Device",False
2026-10-08T02:53:45.5870950Z,bandwidth,S3-t8,bw.error.all.p95,tiles,80000,512,8,8,10,10,4,5,1,2.625,2.625,2.625,2.625,2.625,"AMD Ryzen 5 5600GT with Radeon Graphics","Null Device",False
2026-10-08T02:53:45.5875430Z,bandwidth,S3-t8,bw.error.all.p99,tiles,80000,512,8,8,10,10,4,5,1,3.703,3.703,3.703,3.703,3.703,"AMD Ryzen 5 5600GT with Radeon Graphics","Null Device",False
2026-10-08T02:53:45.5880310Z,bandwidth,S3-t8,bw.error.view.mean,tiles,80000,512,8,8,10,10,4,5,1,0.061,0.061,0.061,0.061,0.061,"AMD Ryzen 5 5600GT with Radeon Graphics","Null Device",False
2026-10-08T02:53:45.5885100Z,bandwidth,S3-t8,bw.error.view.p50,tiles,80000,512,8,8,10,10,4,5,1,0.063,0.063,0.063,0.063,0.063,"AMD Ryzen 5 5600GT with Radeon Graphics","Null Device",False
2026-10-08T02:53:45.5889300Z,bandwidth,S3-t8,bw.error.view.p95,tiles,80000,512,8,8,10,10,4,5,1,0.188,0.188,0.188,0.188,0.188,"AMD Ryzen 5 5600GT with Radeon Graphics","Null Device",False
2026-10-08T02:53:45.5893570Z,bandwidth,S3-t8,bw.error.view.p99,tiles,80000,512,8,8,10,10,4,5,1,0.25,0.25,0.25,0.25,0.25,"AMD Ryzen 5 5600GT with Radeon Graphics","Null Device",False
2026-10-08T02:53:45.5897710Z,bandwidth,S3-t8,bw.route.live,waypoints,80000,512,8,8,10,10,4,5,1,3552134,3552134,3552134,3552134,3552134,"AMD Ryzen 5 5600GT with Radeon Graphics","Null Device",False
2026-10-08T02:53:45.5902650Z,bandwidth,S3-t8,bw.route.arena,MB,80000,512,8,8,10,10,4,5,1,32,32,32,32,32,"AMD Ryzen 5 5600GT with Radeon Graphics","Null Device",False
2026-10-08T02:53:49.0987150Z,bandwidth,S1-t2,bw.snapshot.bytes,KB,80000,512,2,8,10,10,4,5,8,799.978,799.978,813.665,813.665,813.665,"AMD Ryzen 5 5600GT with Radeon Graphics","Null Device",False
2026-10-08T02:53:49.1081280Z,bandwidth,S1-t2,bw.snapshot.wire,KB,80000,512,2,8,10,10,4,5,8,835.561,835.561,849.884,849.884,849.884,"AMD Ryzen 5 5600GT with Radeon Graphics","Null Device",False
2026-10-08T02:53:49.1086140Z,bandwidth,S1-t2,bw.snapshot.units,units,80000,512,2,8,10,10,4,5,8,40000,40000,40000,40000,40000,"AMD Ryzen 5 5600GT with Radeon Graphics","Null Device",False
2026-10-08T02:53:49.1090580Z,bandwidth,S1-t2,bw.snapshot.seconds,s,80000,512,2,8,10,10,4,5,8,3.264,3.264,3.32,3.32,3.32,"AMD Ryzen 5 5600GT with Radeon Graphics","Null Device",False
2026-10-08T02:54:25.4315520Z,bandwidth,S1-t2,bw.avg,KB/s,80000,512,2,8,10,10,4,5,8,786.35,786.35,810.031,810.031,810.031,"AMD Ryzen 5 5600GT with Radeon Graphics","Null Device",False
2026-10-08T02:54:25.4320930Z,bandwidth,S1-t2,bw.peak1s,KB/s,80000,512,2,8,10,10,4,5,8,1000.333,1000.333,1028.318,1028.318,1028.318,"AMD Ryzen 5 5600GT with Radeon Graphics","Null Device",False
2026-10-08T02:54:25.4326160Z,bandwidth,S1-t2,bw.wire.avg,KB/s,80000,512,2,8,10,10,4,5,8,853.69,853.69,879.531,879.531,879.531,"AMD Ryzen 5 5600GT with Radeon Graphics","Null Device",False
2026-10-08T02:54:25.4330550Z,bandwidth,S1-t2,bw.wire.peak1s,KB/s,80000,512,2,8,10,10,4,5,8,1084.394,1084.394,1112.325,1112.325,1112.325,"AMD Ryzen 5 5600GT with Radeon Graphics","Null Device",False
2026-10-08T02:54:25.4335220Z,bandwidth,S1-t2,bw.encode.ms,ms,80000,512,2,8,10,10,4,5,1200,5.334,5.748,7.403,8.278,12.685,"AMD Ryzen 5 5600GT with Radeon Graphics","Null Device",False
2026-10-08T02:54:25.4344900Z,bandwidth,S1-t2,bw.interest.ms,ms,80000,512,2,8,10,10,4,5,1200,2.249,2.198,2.585,2.916,5.028,"AMD Ryzen 5 5600GT with Radeon Graphics","Null Device",False
2026-10-08T02:54:25.4354340Z,bandwidth,S1-t2,bw.routes.ms,ms,80000,512,2,8,10,10,4,5,1200,1.475,1.006,1.459,23.331,54.419,"AMD Ryzen 5 5600GT with Radeon Graphics","Null Device",False
2026-10-08T02:54:25.4363500Z,bandwidth,S1-t2,bw.routes.deferred,units,80000,512,2,8,10,10,4,5,1200,0,0,0,0,0,"AMD Ryzen 5 5600GT with Radeon Graphics","Null Device",False
2026-10-08T02:54:25.4384860Z,bandwidth,S1-t2,bw.bytype.moveorder,share,80000,512,2,8,10,10,4,5,8,0.072,0.072,0.074,0.074,0.074,"AMD Ryzen 5 5600GT with Radeon Graphics","Null Device",False
2026-10-08T02:54:25.4389580Z,bandwidth,S1-t2,bw.moveorder,count,80000,512,2,8,10,10,4,5,8,74222.5,74222.5,74925,74925,74925,"AMD Ryzen 5 5600GT with Radeon Graphics","Null Device",False
2026-10-08T02:54:25.4394130Z,bandwidth,S1-t2,bw.bytype.correction,share,80000,512,2,8,10,10,4,5,8,0.876,0.876,0.88,0.88,0.88,"AMD Ryzen 5 5600GT with Radeon Graphics","Null Device",False
2026-10-08T02:54:25.4398480Z,bandwidth,S1-t2,bw.correction,count,80000,512,2,8,10,10,4,5,8,8542130.5,8542130.5,8832749,8832749,8832749,"AMD Ryzen 5 5600GT with Radeon Graphics","Null Device",False
2026-10-08T02:54:25.4402870Z,bandwidth,S1-t2,bw.bytype.health,share,80000,512,2,8,10,10,4,5,8,0.014,0.014,0.014,0.014,0.014,"AMD Ryzen 5 5600GT with Radeon Graphics","Null Device",False
2026-10-08T02:54:25.4407240Z,bandwidth,S1-t2,bw.health,count,80000,512,2,8,10,10,4,5,8,310000,310000,316727,316727,316727,"AMD Ryzen 5 5600GT with Radeon Graphics","Null Device",False
2026-10-08T02:54:25.4411620Z,bandwidth,S1-t2,bw.bytype.enter,share,80000,512,2,8,10,10,4,5,8,0.029,0.029,0.03,0.03,0.03,"AMD Ryzen 5 5600GT with Radeon Graphics","Null Device",False
2026-10-08T02:54:25.4416050Z,bandwidth,S1-t2,bw.enter,count,80000,512,2,8,10,10,4,5,8,87738,87738,88544,88544,88544,"AMD Ryzen 5 5600GT with Radeon Graphics","Null Device",False
2026-10-08T02:54:25.4420490Z,bandwidth,S1-t2,bw.bytype.leave,share,80000,512,2,8,10,10,4,5,8,0.002,0.002,0.003,0.003,0.003,"AMD Ryzen 5 5600GT with Radeon Graphics","Null Device",False
2026-10-08T02:54:25.4425080Z,bandwidth,S1-t2,bw.leave,count,80000,512,2,8,10,10,4,5,8,47756,47756,48571,48571,48571,"AMD Ryzen 5 5600GT with Radeon Graphics","Null Device",False
2026-10-08T02:54:25.4429440Z,bandwidth,S1-t2,bw.bytype.explosion,share,80000,512,2,8,10,10,4,5,8,0.004,0.004,0.004,0.004,0.004,"AMD Ryzen 5 5600GT with Radeon Graphics","Null Device",False
2026-10-08T02:54:25.4433850Z,bandwidth,S1-t2,bw.explosion,count,80000,512,2,8,10,10,4,5,8,47525,47525,48518,48518,48518,"AMD Ryzen 5 5600GT with Radeon Graphics","Null Device",False
2026-10-08T02:54:25.4438270Z,bandwidth,S1-t2,bw.bytype.fogdelta,share,80000,512,2,8,10,10,4,5,8,0.003,0.003,0.003,0.003,0.003,"AMD Ryzen 5 5600GT with Radeon Graphics","Null Device",False
2026-10-08T02:54:25.4442570Z,bandwidth,S1-t2,bw.fogdelta,count,80000,512,2,8,10,10,4,5,8,87328,87328,119743,119743,119743,"AMD Ryzen 5 5600GT with Radeon Graphics","Null Device",False
2026-10-08T02:54:25.4447230Z,bandwidth,S1-t2,bw.waypoints,waypoints,80000,512,2,8,10,10,4,5,1,14.076,14.076,14.076,14.076,14.076,"AMD Ryzen 5 5600GT with Radeon Graphics","Null Device",False
2026-10-08T02:54:25.4451620Z,bandwidth,S1-t2,bw.waypoints.smoothed,waypoints,80000,512,2,8,10,10,4,5,1,2.5,2.5,2.5,2.5,2.5,"AMD Ryzen 5 5600GT with Radeon Graphics","Null Device",False
2026-10-08T02:54:25.4456050Z,bandwidth,S1-t2,bw.waypoints.saved,share,80000,512,2,8,10,10,4,5,1,0.822,0.822,0.822,0.822,0.822,"AMD Ryzen 5 5600GT with Radeon Graphics","Null Device",False
2026-10-08T02:54:25.4482800Z,bandwidth,S1-t2,bw.units,units,80000,512,2,8,10,10,4,5,1,79964,79964,79964,79964,79964,"AMD Ryzen 5 5600GT with Radeon Graphics","Null Device",False
2026-10-08T02:54:25.4524870Z,bandwidth,S1-t2,bw.units.engaged,share,80000,512,2,8,10,10,4,5,1,0.077,0.077,0.077,0.077,0.077,"AMD Ryzen 5 5600GT with Radeon Graphics","Null Device",False
2026-10-08T02:54:25.4529450Z,bandwidth,S1-t2,bw.units.ordered,share,80000,512,2,8,10,10,4,5,1,0.971,0.971,0.971,0.971,0.971,"AMD Ryzen 5 5600GT with Radeon Graphics","Null Device",False
2026-10-08T02:54:25.4535330Z,bandwidth,S1-t2,bw.allowed,units,80000,512,2,8,10,10,4,5,1,39973,39973,39973,39973,39973,"AMD Ryzen 5 5600GT with Radeon Graphics","Null Device",False
2026-10-08T02:54:25.4539950Z,bandwidth,S1-t2,bw.corrections.perunit,corrections,80000,512,2,8,10,10,4,5,1,0.184,0.184,0.184,0.184,0.184,"AMD Ryzen 5 5600GT with Radeon Graphics","Null Device",False
2026-10-08T02:54:25.4550310Z,bandwidth,S1-t2,bw.error.all.mean,tiles,80000,512,2,8,10,10,4,5,1,0.064,0.064,0.064,0.064,0.064,"AMD Ryzen 5 5600GT with Radeon Graphics","Null Device",False
2026-10-08T02:54:25.4556060Z,bandwidth,S1-t2,bw.error.all.p50,tiles,80000,512,2,8,10,10,4,5,1,0.063,0.063,0.063,0.063,0.063,"AMD Ryzen 5 5600GT with Radeon Graphics","Null Device",False
2026-10-08T02:54:25.4560560Z,bandwidth,S1-t2,bw.error.all.p95,tiles,80000,512,2,8,10,10,4,5,1,0.203,0.203,0.203,0.203,0.203,"AMD Ryzen 5 5600GT with Radeon Graphics","Null Device",False
2026-10-08T02:54:25.4565180Z,bandwidth,S1-t2,bw.error.all.p99,tiles,80000,512,2,8,10,10,4,5,1,0.25,0.25,0.25,0.25,0.25,"AMD Ryzen 5 5600GT with Radeon Graphics","Null Device",False
2026-10-08T02:54:25.4570210Z,bandwidth,S1-t2,bw.error.view.mean,tiles,80000,512,2,8,10,10,4,5,1,0.064,0.064,0.064,0.064,0.064,"AMD Ryzen 5 5600GT with Radeon Graphics","Null Device",False
2026-10-08T02:54:25.4574650Z,bandwidth,S1-t2,bw.error.view.p50,tiles,80000,512,2,8,10,10,4,5,1,0.063,0.063,0.063,0.063,0.063,"AMD Ryzen 5 5600GT with Radeon Graphics","Null Device",False
2026-10-08T02:54:25.4578990Z,bandwidth,S1-t2,bw.error.view.p95,tiles,80000,512,2,8,10,10,4,5,1,0.203,0.203,0.203,0.203,0.203,"AMD Ryzen 5 5600GT with Radeon Graphics","Null Device",False
2026-10-08T02:54:25.4583330Z,bandwidth,S1-t2,bw.error.view.p99,tiles,80000,512,2,8,10,10,4,5,1,0.25,0.25,0.25,0.25,0.25,"AMD Ryzen 5 5600GT with Radeon Graphics","Null Device",False
2026-10-08T02:54:25.4587670Z,bandwidth,S1-t2,bw.route.live,waypoints,80000,512,2,8,10,10,4,5,1,3552134,3552134,3552134,3552134,3552134,"AMD Ryzen 5 5600GT with Radeon Graphics","Null Device",False
2026-10-08T02:54:25.4592310Z,bandwidth,S1-t2,bw.route.arena,MB,80000,512,2,8,10,10,4,5,1,32,32,32,32,32,"AMD Ryzen 5 5600GT with Radeon Graphics","Null Device",False
2026-10-08T02:54:29.0038660Z,bandwidth,S2-t2,bw.snapshot.bytes,KB,80000,512,2,8,10,10,4,5,8,799.978,799.978,813.665,813.665,813.665,"AMD Ryzen 5 5600GT with Radeon Graphics","Null Device",False
2026-10-08T02:54:29.0143910Z,bandwidth,S2-t2,bw.snapshot.wire,KB,80000,512,2,8,10,10,4,5,8,835.561,835.561,849.884,849.884,849.884,"AMD Ryzen 5 5600GT with Radeon Graphics","Null Device",False
2026-10-08T02:54:29.0148760Z,bandwidth,S2-t2,bw.snapshot.units,units,80000,512,2,8,10,10,4,5,8,40000,40000,40000,40000,40000,"AMD Ryzen 5 5600GT with Radeon Graphics","Null Device",False
2026-10-08T02:54:29.0153460Z,bandwidth,S2-t2,bw.snapshot.seconds,s,80000,512,2,8,10,10,4,5,8,3.264,3.264,3.32,3.32,3.32,"AMD Ryzen 5 5600GT with Radeon Graphics","Null Device",False
2026-10-08T02:55:04.3706040Z,bandwidth,S2-t2,bw.avg,KB/s,80000,512,2,8,10,10,4,5,8,281.28,274.715,310.828,311.617,311.815,"AMD Ryzen 5 5600GT with Radeon Graphics","Null Device",False
2026-10-08T02:55:04.3711280Z,bandwidth,S2-t2,bw.peak1s,KB/s,80000,512,2,8,10,10,4,5,8,513.299,513.635,528.553,532.868,533.946,"AMD Ryzen 5 5600GT with Radeon Graphics","Null Device",False
2026-10-08T02:55:04.3716410Z,bandwidth,S2-t2,bw.wire.avg,KB/s,80000,512,2,8,10,10,4,5,8,303.379,296.23,335.544,336.354,336.556,"AMD Ryzen 5 5600GT with Radeon Graphics","Null Device",False
2026-10-08T02:55:04.3720870Z,bandwidth,S2-t2,bw.wire.peak1s,KB/s,80000,512,2,8,10,10,4,5,8,541.375,541.583,558.093,562.765,563.934,"AMD Ryzen 5 5600GT with Radeon Graphics","Null Device",False
2026-10-08T02:55:04.3725640Z,bandwidth,S2-t2,bw.encode.ms,ms,80000,512,2,8,10,10,4,5,1200,3.652,3.782,5.232,6.082,11.933,"AMD Ryzen 5 5600GT with Radeon Graphics","Null Device",False
2026-10-08T02:55:04.3736190Z,bandwidth,S2-t2,bw.interest.ms,ms,80000,512,2,8,10,10,4,5,1200,2.263,2.204,2.692,3.074,3.516,"AMD Ryzen 5 5600GT with Radeon Graphics","Null Device",False
2026-10-08T02:55:04.3747930Z,bandwidth,S2-t2,bw.routes.ms,ms,80000,512,2,8,10,10,4,5,1200,1.498,1.008,1.586,23.783,53.674,"AMD Ryzen 5 5600GT with Radeon Graphics","Null Device",False
2026-10-08T02:55:04.3757750Z,bandwidth,S2-t2,bw.routes.deferred,units,80000,512,2,8,10,10,4,5,1200,0,0,0,0,0,"AMD Ryzen 5 5600GT with Radeon Graphics","Null Device",False
2026-10-08T02:55:04.3778070Z,bandwidth,S2-t2,bw.bytype.moveorder,share,80000,512,2,8,10,10,4,5,8,0.195,0.199,0.211,0.213,0.214,"AMD Ryzen 5 5600GT with Radeon Graphics","Null Device",False
2026-10-08T02:55:04.3782830Z,bandwidth,S2-t2,bw.moveorder,count,80000,512,2,8,10,10,4,5,8,74222.5,74222.5,74925,74925,74925,"AMD Ryzen 5 5600GT with Radeon Graphics","Null Device",False
2026-10-08T02:55:04.3787210Z,bandwidth,S2-t2,bw.bytype.correction,share,80000,512,2,8,10,10,4,5,8,0.662,0.656,0.694,0.694,0.695,"AMD Ryzen 5 5600GT with Radeon Graphics","Null Device",False
2026-10-08T02:55:04.3791450Z,bandwidth,S2-t2,bw.correction,count,80000,512,2,8,10,10,4,5,8,2358792,2278385.5,2721777.7,2729773.94,2731773,"AMD Ryzen 5 5600GT with Radeon Graphics","Null Device",False
2026-10-08T02:55:04.3795900Z,bandwidth,S2-t2,bw.bytype.health,share,80000,512,2,8,10,10,4,5,8,0.038,0.038,0.04,0.04,0.04,"AMD Ryzen 5 5600GT with Radeon Graphics","Null Device",False
2026-10-08T02:55:04.3800450Z,bandwidth,S2-t2,bw.health,count,80000,512,2,8,10,10,4,5,8,310000,310000,316727,316727,316727,"AMD Ryzen 5 5600GT with Radeon Graphics","Null Device",False
2026-10-08T02:55:04.3804810Z,bandwidth,S2-t2,bw.bytype.enter,share,80000,512,2,8,10,10,4,5,8,0.08,0.082,0.087,0.087,0.087,"AMD Ryzen 5 5600GT with Radeon Graphics","Null Device",False
2026-10-08T02:55:04.3808980Z,bandwidth,S2-t2,bw.enter,count,80000,512,2,8,10,10,4,5,8,87738,87738,88544,88544,88544,"AMD Ryzen 5 5600GT with Radeon Graphics","Null Device",False
2026-10-08T02:55:04.3813250Z,bandwidth,S2-t2,bw.bytype.leave,share,80000,512,2,8,10,10,4,5,8,0.007,0.007,0.007,0.007,0.007,"AMD Ryzen 5 5600GT with Radeon Graphics","Null Device",False
2026-10-08T02:55:04.3817480Z,bandwidth,S2-t2,bw.leave,count,80000,512,2,8,10,10,4,5,8,47756,47756,48571,48571,48571,"AMD Ryzen 5 5600GT with Radeon Graphics","Null Device",False
2026-10-08T02:55:04.3821660Z,bandwidth,S2-t2,bw.bytype.explosion,share,80000,512,2,8,10,10,4,5,8,0.011,0.011,0.011,0.011,0.011,"AMD Ryzen 5 5600GT with Radeon Graphics","Null Device",False
2026-10-08T02:55:04.3825970Z,bandwidth,S2-t2,bw.explosion,count,80000,512,2,8,10,10,4,5,8,47525,47525,48518,48518,48518,"AMD Ryzen 5 5600GT with Radeon Graphics","Null Device",False
2026-10-08T02:55:04.3830130Z,bandwidth,S2-t2,bw.bytype.fogdelta,share,80000,512,2,8,10,10,4,5,8,0.007,0.007,0.01,0.01,0.01,"AMD Ryzen 5 5600GT with Radeon Graphics","Null Device",False
2026-10-08T02:55:04.3835800Z,bandwidth,S2-t2,bw.fogdelta,count,80000,512,2,8,10,10,4,5,8,87328,87328,119743,119743,119743,"AMD Ryzen 5 5600GT with Radeon Graphics","Null Device",False
2026-10-08T02:55:04.3840930Z,bandwidth,S2-t2,bw.waypoints,waypoints,80000,512,2,8,10,10,4,5,1,14.076,14.076,14.076,14.076,14.076,"AMD Ryzen 5 5600GT with Radeon Graphics","Null Device",False
2026-10-08T02:55:04.3845280Z,bandwidth,S2-t2,bw.waypoints.smoothed,waypoints,80000,512,2,8,10,10,4,5,1,2.5,2.5,2.5,2.5,2.5,"AMD Ryzen 5 5600GT with Radeon Graphics","Null Device",False
2026-10-08T02:55:04.3849470Z,bandwidth,S2-t2,bw.waypoints.saved,share,80000,512,2,8,10,10,4,5,1,0.822,0.822,0.822,0.822,0.822,"AMD Ryzen 5 5600GT with Radeon Graphics","Null Device",False
2026-10-08T02:55:04.3876050Z,bandwidth,S2-t2,bw.units,units,80000,512,2,8,10,10,4,5,1,79964,79964,79964,79964,79964,"AMD Ryzen 5 5600GT with Radeon Graphics","Null Device",False
2026-10-08T02:55:04.3925870Z,bandwidth,S2-t2,bw.units.engaged,share,80000,512,2,8,10,10,4,5,1,0.077,0.077,0.077,0.077,0.077,"AMD Ryzen 5 5600GT with Radeon Graphics","Null Device",False
2026-10-08T02:55:04.3931070Z,bandwidth,S2-t2,bw.units.ordered,share,80000,512,2,8,10,10,4,5,1,0.971,0.971,0.971,0.971,0.971,"AMD Ryzen 5 5600GT with Radeon Graphics","Null Device",False
2026-10-08T02:55:04.3937360Z,bandwidth,S2-t2,bw.allowed,units,80000,512,2,8,10,10,4,5,1,39973,39973,39973,39973,39973,"AMD Ryzen 5 5600GT with Radeon Graphics","Null Device",False
2026-10-08T02:55:04.3942440Z,bandwidth,S2-t2,bw.corrections.perunit,corrections,80000,512,2,8,10,10,4,5,1,0.045,0.045,0.045,0.045,0.045,"AMD Ryzen 5 5600GT with Radeon Graphics","Null Device",False
2026-10-08T02:55:04.3952790Z,bandwidth,S2-t2,bw.error.all.mean,tiles,80000,512,2,8,10,10,4,5,1,0.423,0.423,0.423,0.423,0.423,"AMD Ryzen 5 5600GT with Radeon Graphics","Null Device",False
2026-10-08T02:55:04.3957970Z,bandwidth,S2-t2,bw.error.all.p50,tiles,80000,512,2,8,10,10,4,5,1,0.078,0.078,0.078,0.078,0.078,"AMD Ryzen 5 5600GT with Radeon Graphics","Null Device",False
2026-10-08T02:55:04.3962510Z,bandwidth,S2-t2,bw.error.all.p95,tiles,80000,512,2,8,10,10,4,5,1,1.734,1.734,1.734,1.734,1.734,"AMD Ryzen 5 5600GT with Radeon Graphics","Null Device",False
2026-10-08T02:55:04.3966860Z,bandwidth,S2-t2,bw.error.all.p99,tiles,80000,512,2,8,10,10,4,5,1,1.953,1.953,1.953,1.953,1.953,"AMD Ryzen 5 5600GT with Radeon Graphics","Null Device",False
2026-10-08T02:55:04.3971940Z,bandwidth,S2-t2,bw.error.view.mean,tiles,80000,512,2,8,10,10,4,5,1,0.061,0.061,0.061,0.061,0.061,"AMD Ryzen 5 5600GT with Radeon Graphics","Null Device",False
2026-10-08T02:55:04.3976260Z,bandwidth,S2-t2,bw.error.view.p50,tiles,80000,512,2,8,10,10,4,5,1,0.063,0.063,0.063,0.063,0.063,"AMD Ryzen 5 5600GT with Radeon Graphics","Null Device",False
2026-10-08T02:55:04.3980410Z,bandwidth,S2-t2,bw.error.view.p95,tiles,80000,512,2,8,10,10,4,5,1,0.188,0.188,0.188,0.188,0.188,"AMD Ryzen 5 5600GT with Radeon Graphics","Null Device",False
2026-10-08T02:55:04.3984660Z,bandwidth,S2-t2,bw.error.view.p99,tiles,80000,512,2,8,10,10,4,5,1,0.25,0.25,0.25,0.25,0.25,"AMD Ryzen 5 5600GT with Radeon Graphics","Null Device",False
2026-10-08T02:55:04.3988970Z,bandwidth,S2-t2,bw.route.live,waypoints,80000,512,2,8,10,10,4,5,1,3552134,3552134,3552134,3552134,3552134,"AMD Ryzen 5 5600GT with Radeon Graphics","Null Device",False
2026-10-08T02:55:04.3993390Z,bandwidth,S2-t2,bw.route.arena,MB,80000,512,2,8,10,10,4,5,1,32,32,32,32,32,"AMD Ryzen 5 5600GT with Radeon Graphics","Null Device",False
2026-10-08T02:55:07.9389600Z,bandwidth,S3-t2,bw.snapshot.bytes,KB,80000,512,2,8,10,10,4,5,8,799.978,799.978,813.665,813.665,813.665,"AMD Ryzen 5 5600GT with Radeon Graphics","Null Device",False
2026-10-08T02:55:07.9489060Z,bandwidth,S3-t2,bw.snapshot.wire,KB,80000,512,2,8,10,10,4,5,8,835.561,835.561,849.884,849.884,849.884,"AMD Ryzen 5 5600GT with Radeon Graphics","Null Device",False
2026-10-08T02:55:07.9494290Z,bandwidth,S3-t2,bw.snapshot.units,units,80000,512,2,8,10,10,4,5,8,40000,40000,40000,40000,40000,"AMD Ryzen 5 5600GT with Radeon Graphics","Null Device",False
2026-10-08T02:55:07.9498860Z,bandwidth,S3-t2,bw.snapshot.seconds,s,80000,512,2,8,10,10,4,5,8,3.264,3.264,3.32,3.32,3.32,"AMD Ryzen 5 5600GT with Radeon Graphics","Null Device",False
2026-10-08T02:55:42.5742860Z,bandwidth,S3-t2,bw.avg,KB/s,80000,512,2,8,10,10,4,5,8,241.151,234.206,273.663,275.407,275.843,"AMD Ryzen 5 5600GT with Radeon Graphics","Null Device",False
2026-10-08T02:55:42.5748780Z,bandwidth,S3-t2,bw.peak1s,KB/s,80000,512,2,8,10,10,4,5,8,508.284,507.182,523.006,526.709,527.635,"AMD Ryzen 5 5600GT with Radeon Graphics","Null Device",False
2026-10-08T02:55:42.5753790Z,bandwidth,S3-t2,bw.wire.avg,KB/s,80000,512,2,8,10,10,4,5,8,259.665,252.085,295.084,296.924,297.383,"AMD Ryzen 5 5600GT with Radeon Graphics","Null Device",False
2026-10-08T02:55:42.5758450Z,bandwidth,S3-t2,bw.wire.peak1s,KB/s,80000,512,2,8,10,10,4,5,8,535.785,534.276,551.588,555.551,556.542,"AMD Ryzen 5 5600GT with Radeon Graphics","Null Device",False
2026-10-08T02:55:42.5763170Z,bandwidth,S3-t2,bw.encode.ms,ms,80000,512,2,8,10,10,4,5,1200,3.508,3.571,4.821,5.652,12.385,"AMD Ryzen 5 5600GT with Radeon Graphics","Null Device",False
2026-10-08T02:55:42.5772450Z,bandwidth,S3-t2,bw.interest.ms,ms,80000,512,2,8,10,10,4,5,1200,2.252,2.198,2.627,3.171,5.159,"AMD Ryzen 5 5600GT with Radeon Graphics","Null Device",False
2026-10-08T02:55:42.5782100Z,bandwidth,S3-t2,bw.routes.ms,ms,80000,512,2,8,10,10,4,5,1200,1.471,0.998,1.469,22.959,52.921,"AMD Ryzen 5 5600GT with Radeon Graphics","Null Device",False
2026-10-08T02:55:42.5791410Z,bandwidth,S3-t2,bw.routes.deferred,units,80000,512,2,8,10,10,4,5,1200,0,0,0,0,0,"AMD Ryzen 5 5600GT with Radeon Graphics","Null Device",False
2026-10-08T02:55:42.5812620Z,bandwidth,S3-t2,bw.bytype.moveorder,share,80000,512,2,8,10,10,4,5,8,0.227,0.232,0.25,0.252,0.253,"AMD Ryzen 5 5600GT with Radeon Graphics","Null Device",False
2026-10-08T02:55:42.5817550Z,bandwidth,S3-t2,bw.moveorder,count,80000,512,2,8,10,10,4,5,8,74222.5,74222.5,74925,74925,74925,"AMD Ryzen 5 5600GT with Radeon Graphics","Null Device",False
2026-10-08T02:55:42.5822220Z,bandwidth,S3-t2,bw.bytype.correction,share,80000,512,2,8,10,10,4,5,8,0.608,0.6,0.655,0.656,0.657,"AMD Ryzen 5 5600GT with Radeon Graphics","Null Device",False
2026-10-08T02:55:42.5826730Z,bandwidth,S3-t2,bw.correction,count,80000,512,2,8,10,10,4,5,8,1827541.25,1739978.5,2230107.7,2249992.74,2254964,"AMD Ryzen 5 5600GT with Radeon Graphics","Null Device",False
2026-10-08T02:55:42.5831260Z,bandwidth,S3-t2,bw.bytype.health,share,80000,512,2,8,10,10,4,5,8,0.044,0.045,0.048,0.048,0.048,"AMD Ryzen 5 5600GT with Radeon Graphics","Null Device",False
2026-10-08T02:55:42.5836530Z,bandwidth,S3-t2,bw.health,count,80000,512,2,8,10,10,4,5,8,310000,310000,316727,316727,316727,"AMD Ryzen 5 5600GT with Radeon Graphics","Null Device",False
2026-10-08T02:55:42.5840910Z,bandwidth,S3-t2,bw.bytype.enter,share,80000,512,2,8,10,10,4,5,8,0.093,0.095,0.102,0.103,0.103,"AMD Ryzen 5 5600GT with Radeon Graphics","Null Device",False
2026-10-08T02:55:42.5845220Z,bandwidth,S3-t2,bw.enter,count,80000,512,2,8,10,10,4,5,8,87738,87738,88544,88544,88544,"AMD Ryzen 5 5600GT with Radeon Graphics","Null Device",False
2026-10-08T02:55:42.5849500Z,bandwidth,S3-t2,bw.bytype.leave,share,80000,512,2,8,10,10,4,5,8,0.008,0.008,0.009,0.009,0.009,"AMD Ryzen 5 5600GT with Radeon Graphics","Null Device",False
2026-10-08T02:55:42.5853890Z,bandwidth,S3-t2,bw.leave,count,80000,512,2,8,10,10,4,5,8,47756,47756,48571,48571,48571,"AMD Ryzen 5 5600GT with Radeon Graphics","Null Device",False
2026-10-08T02:55:42.5858780Z,bandwidth,S3-t2,bw.bytype.explosion,share,80000,512,2,8,10,10,4,5,8,0.012,0.013,0.014,0.014,0.014,"AMD Ryzen 5 5600GT with Radeon Graphics","Null Device",False
2026-10-08T02:55:42.5863130Z,bandwidth,S3-t2,bw.explosion,count,80000,512,2,8,10,10,4,5,8,47525,47525,48518,48518,48518,"AMD Ryzen 5 5600GT with Radeon Graphics","Null Device",False
2026-10-08T02:55:42.5867390Z,bandwidth,S3-t2,bw.bytype.fogdelta,share,80000,512,2,8,10,10,4,5,8,0.008,0.008,0.012,0.012,0.012,"AMD Ryzen 5 5600GT with Radeon Graphics","Null Device",False
2026-10-08T02:55:42.5871690Z,bandwidth,S3-t2,bw.fogdelta,count,80000,512,2,8,10,10,4,5,8,87328,87328,119743,119743,119743,"AMD Ryzen 5 5600GT with Radeon Graphics","Null Device",False
2026-10-08T02:55:42.5876250Z,bandwidth,S3-t2,bw.waypoints,waypoints,80000,512,2,8,10,10,4,5,1,14.076,14.076,14.076,14.076,14.076,"AMD Ryzen 5 5600GT with Radeon Graphics","Null Device",False
2026-10-08T02:55:42.5880470Z,bandwidth,S3-t2,bw.waypoints.smoothed,waypoints,80000,512,2,8,10,10,4,5,1,2.5,2.5,2.5,2.5,2.5,"AMD Ryzen 5 5600GT with Radeon Graphics","Null Device",False
2026-10-08T02:55:42.5885840Z,bandwidth,S3-t2,bw.waypoints.saved,share,80000,512,2,8,10,10,4,5,1,0.822,0.822,0.822,0.822,0.822,"AMD Ryzen 5 5600GT with Radeon Graphics","Null Device",False
2026-10-08T02:55:42.5915420Z,bandwidth,S3-t2,bw.units,units,80000,512,2,8,10,10,4,5,1,79964,79964,79964,79964,79964,"AMD Ryzen 5 5600GT with Radeon Graphics","Null Device",False
2026-10-08T02:55:42.5984130Z,bandwidth,S3-t2,bw.units.engaged,share,80000,512,2,8,10,10,4,5,1,0.077,0.077,0.077,0.077,0.077,"AMD Ryzen 5 5600GT with Radeon Graphics","Null Device",False
2026-10-08T02:55:42.5990690Z,bandwidth,S3-t2,bw.units.ordered,share,80000,512,2,8,10,10,4,5,1,0.971,0.971,0.971,0.971,0.971,"AMD Ryzen 5 5600GT with Radeon Graphics","Null Device",False
2026-10-08T02:55:42.5997000Z,bandwidth,S3-t2,bw.allowed,units,80000,512,2,8,10,10,4,5,1,39973,39973,39973,39973,39973,"AMD Ryzen 5 5600GT with Radeon Graphics","Null Device",False
2026-10-08T02:55:42.6001520Z,bandwidth,S3-t2,bw.corrections.perunit,corrections,80000,512,2,8,10,10,4,5,1,0.033,0.033,0.033,0.033,0.033,"AMD Ryzen 5 5600GT with Radeon Graphics","Null Device",False
2026-10-08T02:55:42.6012060Z,bandwidth,S3-t2,bw.error.all.mean,tiles,80000,512,2,8,10,10,4,5,1,0.827,0.827,0.827,0.827,0.827,"AMD Ryzen 5 5600GT with Radeon Graphics","Null Device",False
2026-10-08T02:55:42.6017330Z,bandwidth,S3-t2,bw.error.all.p50,tiles,80000,512,2,8,10,10,4,5,1,0.078,0.078,0.078,0.078,0.078,"AMD Ryzen 5 5600GT with Radeon Graphics","Null Device",False
2026-10-08T02:55:42.6021800Z,bandwidth,S3-t2,bw.error.all.p95,tiles,80000,512,2,8,10,10,4,5,1,3.422,3.422,3.422,3.422,3.422,"AMD Ryzen 5 5600GT with Radeon Graphics","Null Device",False
2026-10-08T02:55:42.6026210Z,bandwidth,S3-t2,bw.error.all.p99,tiles,80000,512,2,8,10,10,4,5,1,3.891,3.891,3.891,3.891,3.891,"AMD Ryzen 5 5600GT with Radeon Graphics","Null Device",False
2026-10-08T02:55:42.6031060Z,bandwidth,S3-t2,bw.error.view.mean,tiles,80000,512,2,8,10,10,4,5,1,0.061,0.061,0.061,0.061,0.061,"AMD Ryzen 5 5600GT with Radeon Graphics","Null Device",False
2026-10-08T02:55:42.6035400Z,bandwidth,S3-t2,bw.error.view.p50,tiles,80000,512,2,8,10,10,4,5,1,0.063,0.063,0.063,0.063,0.063,"AMD Ryzen 5 5600GT with Radeon Graphics","Null Device",False
2026-10-08T02:55:42.6040080Z,bandwidth,S3-t2,bw.error.view.p95,tiles,80000,512,2,8,10,10,4,5,1,0.188,0.188,0.188,0.188,0.188,"AMD Ryzen 5 5600GT with Radeon Graphics","Null Device",False
2026-10-08T02:55:42.6045230Z,bandwidth,S3-t2,bw.error.view.p99,tiles,80000,512,2,8,10,10,4,5,1,0.25,0.25,0.25,0.25,0.25,"AMD Ryzen 5 5600GT with Radeon Graphics","Null Device",False
2026-10-08T02:55:42.6051270Z,bandwidth,S3-t2,bw.route.live,waypoints,80000,512,2,8,10,10,4,5,1,3552134,3552134,3552134,3552134,3552134,"AMD Ryzen 5 5600GT with Radeon Graphics","Null Device",False
2026-10-08T02:55:42.6057700Z,bandwidth,S3-t2,bw.route.arena,MB,80000,512,2,8,10,10,4,5,1,32,32,32,32,32,"AMD Ryzen 5 5600GT with Radeon Graphics","Null Device",False
2026-10-08T02:56:55.2467910Z,bandwidth,diag,bw.snapshot.bytes,KB,80000,512,8,8,10,10,4,5,8,397.208,401.281,403.532,403.532,403.532,"AMD Ryzen 5 5600GT with Radeon Graphics","Null Device",False
2026-10-08T02:56:55.2565690Z,bandwidth,diag,bw.snapshot.wire,KB,80000,512,8,8,10,10,4,5,8,414.873,419.137,421.464,421.464,421.464,"AMD Ryzen 5 5600GT with Radeon Graphics","Null Device",False
2026-10-08T02:56:55.2570410Z,bandwidth,diag,bw.snapshot.units,units,80000,512,8,8,10,10,4,5,8,20000,20000,20000,20000,20000,"AMD Ryzen 5 5600GT with Radeon Graphics","Null Device",False
2026-10-08T02:56:55.2575960Z,bandwidth,diag,bw.snapshot.seconds,s,80000,512,8,8,10,10,4,5,8,1.621,1.637,1.646,1.646,1.646,"AMD Ryzen 5 5600GT with Radeon Graphics","Null Device",False
2026-10-08T02:57:06.1262500Z,bandwidth,diag,bw.avg,KB/s,80000,512,8,8,10,10,4,5,8,389.855,393.204,401.024,401.762,401.947,"AMD Ryzen 5 5600GT with Radeon Graphics","Null Device",False
2026-10-08T02:57:06.1268730Z,bandwidth,diag,bw.peak1s,KB/s,80000,512,8,8,10,10,4,5,8,646.58,648.639,663.457,665.116,665.53,"AMD Ryzen 5 5600GT with Radeon Graphics","Null Device",False
2026-10-08T02:57:06.1273630Z,bandwidth,diag,bw.wire.avg,KB/s,80000,512,8,8,10,10,4,5,8,422.206,425.846,433.788,434.371,434.516,"AMD Ryzen 5 5600GT with Radeon Graphics","Null Device",False
2026-10-08T02:57:06.1278450Z,bandwidth,diag,bw.wire.peak1s,KB/s,80000,512,8,8,10,10,4,5,8,696.873,699.105,714.611,716.327,716.756,"AMD Ryzen 5 5600GT with Radeon Graphics","Null Device",False
2026-10-08T02:57:06.1282960Z,bandwidth,diag,bw.encode.ms,ms,80000,512,8,8,10,10,4,5,400,2.136,1.948,3.285,5.14,7.235,"AMD Ryzen 5 5600GT with Radeon Graphics","Null Device",False
2026-10-08T02:57:06.1288720Z,bandwidth,diag,bw.interest.ms,ms,80000,512,8,8,10,10,4,5,400,4.792,4.744,5.124,5.524,7.921,"AMD Ryzen 5 5600GT with Radeon Graphics","Null Device",False
2026-10-08T02:57:06.1294660Z,bandwidth,diag,bw.routes.ms,ms,80000,512,8,8,10,10,4,5,400,1.643,0.811,1.232,30.751,53.234,"AMD Ryzen 5 5600GT with Radeon Graphics","Null Device",False
2026-10-08T02:57:06.1301890Z,bandwidth,diag,bw.routes.deferred,units,80000,512,8,8,10,10,4,5,400,0,0,0,0,0,"AMD Ryzen 5 5600GT with Radeon Graphics","Null Device",False
2026-10-08T02:57:06.1322510Z,bandwidth,diag,bw.bytype.moveorder,share,80000,512,8,8,10,10,4,5,8,0.088,0.094,0.098,0.099,0.099,"AMD Ryzen 5 5600GT with Radeon Graphics","Null Device",False
2026-10-08T02:57:06.1327550Z,bandwidth,diag,bw.moveorder,count,80000,512,8,8,10,10,4,5,8,18731.375,19274,19431.8,19451.96,19457,"AMD Ryzen 5 5600GT with Radeon Graphics","Null Device",False
2026-10-08T02:57:06.1332460Z,bandwidth,diag,bw.bytype.correction,share,80000,512,8,8,10,10,4,5,8,0.753,0.756,0.77,0.771,0.771,"AMD Ryzen 5 5600GT with Radeon Graphics","Null Device",False
2026-10-08T02:57:06.1337100Z,bandwidth,diag,bw.correction,count,80000,512,8,8,10,10,4,5,8,1043382.125,1054899,1079859.55,1081815.91,1082305,"AMD Ryzen 5 5600GT with Radeon Graphics","Null Device",False
2026-10-08T02:57:06.1341650Z,bandwidth,diag,bw.bytype.health,share,80000,512,8,8,10,10,4,5,8,0.033,0.034,0.034,0.034,0.034,"AMD Ryzen 5 5600GT with Radeon Graphics","Null Device",False
2026-10-08T02:57:06.1347390Z,bandwidth,diag,bw.health,count,80000,512,8,8,10,10,4,5,8,133868.5,136997,137265.9,137267.58,137268,"AMD Ryzen 5 5600GT with Radeon Graphics","Null Device",False
2026-10-08T02:57:06.1352290Z,bandwidth,diag,bw.bytype.enter,share,80000,512,8,8,10,10,4,5,8,0.107,0.101,0.148,0.165,0.17,"AMD Ryzen 5 5600GT with Radeon Graphics","Null Device",False
2026-10-08T02:57:06.1357560Z,bandwidth,diag,bw.enter,count,80000,512,8,8,10,10,4,5,8,34060.25,33313.5,40574.65,43072.53,43697,"AMD Ryzen 5 5600GT with Radeon Graphics","Null Device",False
2026-10-08T02:57:06.1364370Z,bandwidth,diag,bw.bytype.leave,share,80000,512,8,8,10,10,4,5,8,0.008,0.007,0.01,0.01,0.01,"AMD Ryzen 5 5600GT with Radeon Graphics","Null Device",False
2026-10-08T02:57:06.1370780Z,bandwidth,diag,bw.leave,count,80000,512,8,8,10,10,4,5,8,25776.25,24645,32711.5,34808.7,35333,"AMD Ryzen 5 5600GT with Radeon Graphics","Null Device",False
2026-10-08T02:57:06.1375920Z,bandwidth,diag,bw.bytype.explosion,share,80000,512,8,8,10,10,4,5,8,0.009,0.009,0.009,0.009,0.009,"AMD Ryzen 5 5600GT with Radeon Graphics","Null Device",False
2026-10-08T02:57:06.1380330Z,bandwidth,diag,bw.explosion,count,80000,512,8,8,10,10,4,5,8,17835.125,18490,18562.1,18566.02,18567,"AMD Ryzen 5 5600GT with Radeon Graphics","Null Device",False
2026-10-08T02:57:06.1384900Z,bandwidth,diag,bw.bytype.fogdelta,share,80000,512,8,8,10,10,4,5,8,0.002,0.002,0.004,0.004,0.004,"AMD Ryzen 5 5600GT with Radeon Graphics","Null Device",False
2026-10-08T02:57:06.1389810Z,bandwidth,diag,bw.fogdelta,count,80000,512,8,8,10,10,4,5,8,14596.125,12289,23368.5,23578.5,23631,"AMD Ryzen 5 5600GT with Radeon Graphics","Null Device",False
2026-10-08T02:57:06.1395000Z,bandwidth,diag,bw.waypoints,waypoints,80000,512,8,8,10,10,4,5,1,13.97,13.97,13.97,13.97,13.97,"AMD Ryzen 5 5600GT with Radeon Graphics","Null Device",False
2026-10-08T02:57:06.1399960Z,bandwidth,diag,bw.waypoints.smoothed,waypoints,80000,512,8,8,10,10,4,5,1,2.654,2.654,2.654,2.654,2.654,"AMD Ryzen 5 5600GT with Radeon Graphics","Null Device",False
2026-10-08T02:57:06.1405050Z,bandwidth,diag,bw.waypoints.saved,share,80000,512,8,8,10,10,4,5,1,0.81,0.81,0.81,0.81,0.81,"AMD Ryzen 5 5600GT with Radeon Graphics","Null Device",False
2026-10-08T02:57:06.1435270Z,bandwidth,diag,bw.units,units,80000,512,8,8,10,10,4,5,1,78315,78315,78315,78315,78315,"AMD Ryzen 5 5600GT with Radeon Graphics","Null Device",False
2026-10-08T02:57:06.1480360Z,bandwidth,diag,bw.units.engaged,share,80000,512,8,8,10,10,4,5,1,0.039,0.039,0.039,0.039,0.039,"AMD Ryzen 5 5600GT with Radeon Graphics","Null Device",False
2026-10-08T02:57:06.1485340Z,bandwidth,diag,bw.units.ordered,share,80000,512,8,8,10,10,4,5,1,0.837,0.837,0.837,0.837,0.837,"AMD Ryzen 5 5600GT with Radeon Graphics","Null Device",False
2026-10-08T02:57:06.1491590Z,bandwidth,diag,bw.allowed,units,80000,512,8,8,10,10,4,5,1,7859,7859,7859,7859,7859,"AMD Ryzen 5 5600GT with Radeon Graphics","Null Device",False
2026-10-08T02:57:06.1496430Z,bandwidth,diag,bw.corrections.perunit,corrections,80000,512,8,8,10,10,4,5,1,0.333,0.333,0.333,0.333,0.333,"AMD Ryzen 5 5600GT with Radeon Graphics","Null Device",False
2026-10-08T02:57:06.1507140Z,bandwidth,diag,bw.error.all.mean,tiles,80000,512,8,8,10,10,4,5,1,0.044,0.044,0.044,0.044,0.044,"AMD Ryzen 5 5600GT with Radeon Graphics","Null Device",False
2026-10-08T02:57:06.1513880Z,bandwidth,diag,bw.error.all.p50,tiles,80000,512,8,8,10,10,4,5,1,0.031,0.031,0.031,0.031,0.031,"AMD Ryzen 5 5600GT with Radeon Graphics","Null Device",False
2026-10-08T02:57:06.1519750Z,bandwidth,diag,bw.error.all.p95,tiles,80000,512,8,8,10,10,4,5,1,0.203,0.203,0.203,0.203,0.203,"AMD Ryzen 5 5600GT with Radeon Graphics","Null Device",False
2026-10-08T02:57:06.1526550Z,bandwidth,diag,bw.error.all.p99,tiles,80000,512,8,8,10,10,4,5,1,0.25,0.25,0.25,0.25,0.25,"AMD Ryzen 5 5600GT with Radeon Graphics","Null Device",False
2026-10-08T02:57:06.1534580Z,bandwidth,diag,bw.error.view.mean,tiles,80000,512,8,8,10,10,4,5,1,0.044,0.044,0.044,0.044,0.044,"AMD Ryzen 5 5600GT with Radeon Graphics","Null Device",False
2026-10-08T02:57:06.1539520Z,bandwidth,diag,bw.error.view.p50,tiles,80000,512,8,8,10,10,4,5,1,0.031,0.031,0.031,0.031,0.031,"AMD Ryzen 5 5600GT with Radeon Graphics","Null Device",False
2026-10-08T02:57:06.1544290Z,bandwidth,diag,bw.error.view.p95,tiles,80000,512,8,8,10,10,4,5,1,0.203,0.203,0.203,0.203,0.203,"AMD Ryzen 5 5600GT with Radeon Graphics","Null Device",False
2026-10-08T02:57:06.1548730Z,bandwidth,diag,bw.error.view.p99,tiles,80000,512,8,8,10,10,4,5,1,0.25,0.25,0.25,0.25,0.25,"AMD Ryzen 5 5600GT with Radeon Graphics","Null Device",False
2026-10-08T02:57:06.1555290Z,bandwidth,diag,bw.error.raw.mean,tiles,80000,512,8,8,10,10,4,5,1,0.833,0.833,0.833,0.833,0.833,"AMD Ryzen 5 5600GT with Radeon Graphics","Null Device",False
2026-10-08T02:57:06.1561110Z,bandwidth,diag,bw.error.raw.p50,tiles,80000,512,8,8,10,10,4,5,1,0.906,0.906,0.906,0.906,0.906,"AMD Ryzen 5 5600GT with Radeon Graphics","Null Device",False
2026-10-08T02:57:06.1566140Z,bandwidth,diag,bw.error.raw.p95,tiles,80000,512,8,8,10,10,4,5,1,1.563,1.563,1.563,1.563,1.563,"AMD Ryzen 5 5600GT with Radeon Graphics","Null Device",False
2026-10-08T02:57:06.1572720Z,bandwidth,diag,bw.error.raw.p99,tiles,80000,512,8,8,10,10,4,5,1,2.141,2.141,2.141,2.141,2.141,"AMD Ryzen 5 5600GT with Radeon Graphics","Null Device",False
2026-10-08T02:57:06.1580810Z,bandwidth,diag,bw.error.rawanchored.mean,tiles,80000,512,8,8,10,10,4,5,1,0.81,0.81,0.81,0.81,0.81,"AMD Ryzen 5 5600GT with Radeon Graphics","Null Device",False
2026-10-08T02:57:06.1586240Z,bandwidth,diag,bw.error.rawanchored.p50,tiles,80000,512,8,8,10,10,4,5,1,0.938,0.938,0.938,0.938,0.938,"AMD Ryzen 5 5600GT with Radeon Graphics","Null Device",False
2026-10-08T02:57:06.1590670Z,bandwidth,diag,bw.error.rawanchored.p95,tiles,80000,512,8,8,10,10,4,5,1,1.563,1.563,1.563,1.563,1.563,"AMD Ryzen 5 5600GT with Radeon Graphics","Null Device",False
2026-10-08T02:57:06.1595100Z,bandwidth,diag,bw.error.rawanchored.p99,tiles,80000,512,8,8,10,10,4,5,1,2.047,2.047,2.047,2.047,2.047,"AMD Ryzen 5 5600GT with Radeon Graphics","Null Device",False
2026-10-08T02:57:06.1600210Z,bandwidth,diag,bw.checks.anchored,share,80000,512,8,8,10,10,4,5,1,0.931,0.931,0.931,0.931,0.931,"AMD Ryzen 5 5600GT with Radeon Graphics","Null Device",False
2026-10-08T02:57:06.1604700Z,bandwidth,diag,bw.route.live,waypoints,80000,512,8,8,10,10,4,5,1,2091062,2091062,2091062,2091062,2091062,"AMD Ryzen 5 5600GT with Radeon Graphics","Null Device",False
2026-10-08T02:57:06.1609260Z,bandwidth,diag,bw.route.arena,MB,80000,512,8,8,10,10,4,5,1,32,32,32,32,32,"AMD Ryzen 5 5600GT with Radeon Graphics","Null Device",False
2026-10-08T02:57:31.4868440Z,bandwidth,W1-m512-t8,bw.snapshot.bytes,KB,80000,512,8,8,10,10,4,5,8,397.208,401.281,403.532,403.532,403.532,"AMD Ryzen 5 5600GT with Radeon Graphics","Null Device",False
2026-10-08T02:57:31.4967110Z,bandwidth,W1-m512-t8,bw.snapshot.wire,KB,80000,512,8,8,10,10,4,5,8,414.873,419.137,421.464,421.464,421.464,"AMD Ryzen 5 5600GT with Radeon Graphics","Null Device",False
2026-10-08T02:57:31.4972680Z,bandwidth,W1-m512-t8,bw.snapshot.units,units,80000,512,8,8,10,10,4,5,8,20000,20000,20000,20000,20000,"AMD Ryzen 5 5600GT with Radeon Graphics","Null Device",False
2026-10-08T02:57:31.4977680Z,bandwidth,W1-m512-t8,bw.snapshot.seconds,s,80000,512,8,8,10,10,4,5,8,1.621,1.637,1.646,1.646,1.646,"AMD Ryzen 5 5600GT with Radeon Graphics","Null Device",False
2026-10-08T02:58:12.5118900Z,bandwidth,W1-m512-t8,bw.avg,KB/s,80000,512,8,8,10,10,4,5,8,159.581,160.243,172.56,174.264,174.69,"AMD Ryzen 5 5600GT with Radeon Graphics","Null Device",False
2026-10-08T02:58:12.5124370Z,bandwidth,W1-m512-t8,bw.peak1s,KB/s,80000,512,8,8,10,10,4,5,8,280.992,276.453,311.921,315.173,315.985,"AMD Ryzen 5 5600GT with Radeon Graphics","Null Device",False
2026-10-08T02:58:12.5128950Z,bandwidth,W1-m512-t8,bw.wire.avg,KB/s,80000,512,8,8,10,10,4,5,8,171.732,173.055,184.64,186.176,186.561,"AMD Ryzen 5 5600GT with Radeon Graphics","Null Device",False
2026-10-08T02:58:12.5133750Z,bandwidth,W1-m512-t8,bw.wire.peak1s,KB/s,80000,512,8,8,10,10,4,5,8,298.309,293.04,332.448,336.297,337.26,"AMD Ryzen 5 5600GT with Radeon Graphics","Null Device",False
2026-10-08T02:58:12.5138140Z,bandwidth,W1-m512-t8,bw.encode.ms,ms,80000,512,8,8,10,10,4,5,1200,1.732,1.679,2.462,2.93,6.834,"AMD Ryzen 5 5600GT with Radeon Graphics","Null Device",False
2026-10-08T02:58:12.5150410Z,bandwidth,W1-m512-t8,bw.interest.ms,ms,80000,512,8,8,10,10,4,5,1200,5.012,4.964,5.456,5.811,8.172,"AMD Ryzen 5 5600GT with Radeon Graphics","Null Device",False
2026-10-08T02:58:12.5162940Z,bandwidth,W1-m512-t8,bw.routes.ms,ms,80000,512,8,8,10,10,4,5,1200,1.539,1.058,1.559,22.88,53.57,"AMD Ryzen 5 5600GT with Radeon Graphics","Null Device",False
2026-10-08T02:58:12.5172290Z,bandwidth,W1-m512-t8,bw.routes.deferred,units,80000,512,8,8,10,10,4,5,1200,0,0,0,0,0,"AMD Ryzen 5 5600GT with Radeon Graphics","Null Device",False
2026-10-08T02:58:12.5195030Z,bandwidth,W1-m512-t8,bw.bytype.moveorder,share,80000,512,8,8,10,10,4,5,8,0.112,0.109,0.136,0.143,0.144,"AMD Ryzen 5 5600GT with Radeon Graphics","Null Device",False
2026-10-08T02:58:12.5199710Z,bandwidth,W1-m512-t8,bw.moveorder,count,80000,512,8,8,10,10,4,5,8,25839.75,25710.5,26645.85,26833.17,26880,"AMD Ryzen 5 5600GT with Radeon Graphics","Null Device",False
2026-10-08T02:58:12.5204230Z,bandwidth,W1-m512-t8,bw.bytype.correction,share,80000,512,8,8,10,10,4,5,8,0.508,0.488,0.62,0.633,0.636,"AMD Ryzen 5 5600GT with Radeon Graphics","Null Device",False
2026-10-08T02:58:12.5208500Z,bandwidth,W1-m512-t8,bw.correction,count,80000,512,8,8,10,10,4,5,8,1201051.5,1176477,1434969.4,1456181.08,1461484,"AMD Ryzen 5 5600GT with Radeon Graphics","Null Device",False
2026-10-08T02:58:12.5213360Z,bandwidth,W1-m512-t8,bw.bytype.health,share,80000,512,8,8,10,10,4,5,8,0.034,0.034,0.038,0.039,0.039,"AMD Ryzen 5 5600GT with Radeon Graphics","Null Device",False
2026-10-08T02:58:12.5217590Z,bandwidth,W1-m512-t8,bw.health,count,80000,512,8,8,10,10,4,5,8,154873.75,154123,165548.15,165584.83,165594,"AMD Ryzen 5 5600GT with Radeon Graphics","Null Device",False
2026-10-08T02:58:12.5221810Z,bandwidth,W1-m512-t8,bw.bytype.enter,share,80000,512,8,8,10,10,4,5,8,0.315,0.317,0.432,0.46,0.467,"AMD Ryzen 5 5600GT with Radeon Graphics","Null Device",False
2026-10-08T02:58:12.5226380Z,bandwidth,W1-m512-t8,bw.enter,count,80000,512,8,8,10,10,4,5,8,77559.875,73264,105148.25,113975.25,116182,"AMD Ryzen 5 5600GT with Radeon Graphics","Null Device",False
2026-10-08T02:58:12.5230650Z,bandwidth,W1-m512-t8,bw.bytype.leave,share,80000,512,8,8,10,10,4,5,8,0.017,0.016,0.023,0.025,0.026,"AMD Ryzen 5 5600GT with Radeon Graphics","Null Device",False
2026-10-08T02:58:12.5235000Z,bandwidth,W1-m512-t8,bw.leave,count,80000,512,8,8,10,10,4,5,8,65540.5,60896,93141.35,102241.07,104516,"AMD Ryzen 5 5600GT with Radeon Graphics","Null Device",False
2026-10-08T02:58:12.5239250Z,bandwidth,W1-m512-t8,bw.bytype.explosion,share,80000,512,8,8,10,10,4,5,8,0.01,0.01,0.011,0.011,0.011,"AMD Ryzen 5 5600GT with Radeon Graphics","Null Device",False
2026-10-08T02:58:12.5243930Z,bandwidth,W1-m512-t8,bw.explosion,count,80000,512,8,8,10,10,4,5,8,23823.5,23535.5,25396.25,25408.85,25412,"AMD Ryzen 5 5600GT with Radeon Graphics","Null Device",False
2026-10-08T02:58:12.5249590Z,bandwidth,W1-m512-t8,bw.bytype.fogdelta,share,80000,512,8,8,10,10,4,5,8,0.005,0.005,0.008,0.008,0.009,"AMD Ryzen 5 5600GT with Radeon Graphics","Null Device",False
2026-10-08T02:58:12.5254050Z,bandwidth,W1-m512-t8,bw.fogdelta,count,80000,512,8,8,10,10,4,5,8,36779.375,33971.5,58635.6,66661.52,68668,"AMD Ryzen 5 5600GT with Radeon Graphics","Null Device",False
2026-10-08T02:58:12.5258470Z,bandwidth,W1-m512-t8,bw.waypoints,waypoints,80000,512,8,8,10,10,4,5,1,14.076,14.076,14.076,14.076,14.076,"AMD Ryzen 5 5600GT with Radeon Graphics","Null Device",False
2026-10-08T02:58:12.5263180Z,bandwidth,W1-m512-t8,bw.waypoints.smoothed,waypoints,80000,512,8,8,10,10,4,5,1,2.5,2.5,2.5,2.5,2.5,"AMD Ryzen 5 5600GT with Radeon Graphics","Null Device",False
2026-10-08T02:58:12.5267420Z,bandwidth,W1-m512-t8,bw.waypoints.saved,share,80000,512,8,8,10,10,4,5,1,0.822,0.822,0.822,0.822,0.822,"AMD Ryzen 5 5600GT with Radeon Graphics","Null Device",False
2026-10-08T02:58:12.5307320Z,bandwidth,W1-m512-t8,bw.units,units,80000,512,8,8,10,10,4,5,1,79964,79964,79964,79964,79964,"AMD Ryzen 5 5600GT with Radeon Graphics","Null Device",False
2026-10-08T02:58:12.5352900Z,bandwidth,W1-m512-t8,bw.units.engaged,share,80000,512,8,8,10,10,4,5,1,0.077,0.077,0.077,0.077,0.077,"AMD Ryzen 5 5600GT with Radeon Graphics","Null Device",False
2026-10-08T02:58:12.5358310Z,bandwidth,W1-m512-t8,bw.units.ordered,share,80000,512,8,8,10,10,4,5,1,0.971,0.971,0.971,0.971,0.971,"AMD Ryzen 5 5600GT with Radeon Graphics","Null Device",False
2026-10-08T02:58:12.5365790Z,bandwidth,W1-m512-t8,bw.allowed,units,80000,512,8,8,10,10,4,5,1,12736,12736,12736,12736,12736,"AMD Ryzen 5 5600GT with Radeon Graphics","Null Device",False
2026-10-08T02:58:12.5373370Z,bandwidth,W1-m512-t8,bw.corrections.perunit,corrections,80000,512,8,8,10,10,4,5,1,0.069,0.069,0.069,0.069,0.069,"AMD Ryzen 5 5600GT with Radeon Graphics","Null Device",False
2026-10-08T02:58:12.5388530Z,bandwidth,W1-m512-t8,bw.error.all.mean,tiles,80000,512,8,8,10,10,4,5,1,0.248,0.248,0.248,0.248,0.248,"AMD Ryzen 5 5600GT with Radeon Graphics","Null Device",False
2026-10-08T02:58:12.5396220Z,bandwidth,W1-m512-t8,bw.error.all.p50,tiles,80000,512,8,8,10,10,4,5,1,0.063,0.063,0.063,0.063,0.063,"AMD Ryzen 5 5600GT with Radeon Graphics","Null Device",False
2026-10-08T02:58:12.5403310Z,bandwidth,W1-m512-t8,bw.error.all.p95,tiles,80000,512,8,8,10,10,4,5,1,0.984,0.984,0.984,0.984,0.984,"AMD Ryzen 5 5600GT with Radeon Graphics","Null Device",False
2026-10-08T02:58:12.5409310Z,bandwidth,W1-m512-t8,bw.error.all.p99,tiles,80000,512,8,8,10,10,4,5,1,1.719,1.719,1.719,1.719,1.719,"AMD Ryzen 5 5600GT with Radeon Graphics","Null Device",False
2026-10-08T02:58:12.5417770Z,bandwidth,W1-m512-t8,bw.error.view.mean,tiles,80000,512,8,8,10,10,4,5,1,0.291,0.291,0.291,0.291,0.291,"AMD Ryzen 5 5600GT with Radeon Graphics","Null Device",False
2026-10-08T02:58:12.5425130Z,bandwidth,W1-m512-t8,bw.error.view.p50,tiles,80000,512,8,8,10,10,4,5,1,0.078,0.078,0.078,0.078,0.078,"AMD Ryzen 5 5600GT with Radeon Graphics","Null Device",False
2026-10-08T02:58:12.5431600Z,bandwidth,W1-m512-t8,bw.error.view.p95,tiles,80000,512,8,8,10,10,4,5,1,0.938,0.938,0.938,0.938,0.938,"AMD Ryzen 5 5600GT with Radeon Graphics","Null Device",False
2026-10-08T02:58:12.5437940Z,bandwidth,W1-m512-t8,bw.error.view.p99,tiles,80000,512,8,8,10,10,4,5,1,1,1,1,1,1,"AMD Ryzen 5 5600GT with Radeon Graphics","Null Device",False
2026-10-08T02:58:12.5445530Z,bandwidth,W1-m512-t8,bw.error.raw.mean,tiles,80000,512,8,8,10,10,4,5,1,1.21,1.21,1.21,1.21,1.21,"AMD Ryzen 5 5600GT with Radeon Graphics","Null Device",False
2026-10-08T02:58:12.5452300Z,bandwidth,W1-m512-t8,bw.error.raw.p50,tiles,80000,512,8,8,10,10,4,5,1,1.109,1.109,1.109,1.109,1.109,"AMD Ryzen 5 5600GT with Radeon Graphics","Null Device",False
2026-10-08T02:58:12.5458790Z,bandwidth,W1-m512-t8,bw.error.raw.p95,tiles,80000,512,8,8,10,10,4,5,1,2.25,2.25,2.25,2.25,2.25,"AMD Ryzen 5 5600GT with Radeon Graphics","Null Device",False
2026-10-08T02:58:12.5465280Z,bandwidth,W1-m512-t8,bw.error.raw.p99,tiles,80000,512,8,8,10,10,4,5,1,2.813,2.813,2.813,2.813,2.813,"AMD Ryzen 5 5600GT with Radeon Graphics","Null Device",False
2026-10-08T02:58:12.5472560Z,bandwidth,W1-m512-t8,bw.error.rawanchored.mean,tiles,80000,512,8,8,10,10,4,5,1,1.231,1.231,1.231,1.231,1.231,"AMD Ryzen 5 5600GT with Radeon Graphics","Null Device",False
2026-10-08T02:58:12.5479490Z,bandwidth,W1-m512-t8,bw.error.rawanchored.p50,tiles,80000,512,8,8,10,10,4,5,1,1.156,1.156,1.156,1.156,1.156,"AMD Ryzen 5 5600GT with Radeon Graphics","Null Device",False
2026-10-08T02:58:12.5484640Z,bandwidth,W1-m512-t8,bw.error.rawanchored.p95,tiles,80000,512,8,8,10,10,4,5,1,2.266,2.266,2.266,2.266,2.266,"AMD Ryzen 5 5600GT with Radeon Graphics","Null Device",False
2026-10-08T02:58:12.5489750Z,bandwidth,W1-m512-t8,bw.error.rawanchored.p99,tiles,80000,512,8,8,10,10,4,5,1,2.797,2.797,2.797,2.797,2.797,"AMD Ryzen 5 5600GT with Radeon Graphics","Null Device",False
2026-10-08T02:58:12.5495540Z,bandwidth,W1-m512-t8,bw.checks.anchored,share,80000,512,8,8,10,10,4,5,1,0.892,0.892,0.892,0.892,0.892,"AMD Ryzen 5 5600GT with Radeon Graphics","Null Device",False
2026-10-08T02:58:12.5499960Z,bandwidth,W1-m512-t8,bw.route.live,waypoints,80000,512,8,8,10,10,4,5,1,3552134,3552134,3552134,3552134,3552134,"AMD Ryzen 5 5600GT with Radeon Graphics","Null Device",False
2026-10-08T02:58:12.5505460Z,bandwidth,W1-m512-t8,bw.route.arena,MB,80000,512,8,8,10,10,4,5,1,32,32,32,32,32,"AMD Ryzen 5 5600GT with Radeon Graphics","Null Device",False
2026-10-08T02:58:16.8101370Z,bandwidth,W0-m1024-t8,bw.snapshot.bytes,KB,80000,1024,8,8,10,10,4,5,8,488.866,484.752,520.898,520.898,520.898,"AMD Ryzen 5 5600GT with Radeon Graphics","Null Device",False
2026-10-08T02:58:16.8199410Z,bandwidth,W0-m1024-t8,bw.snapshot.wire,KB,80000,1024,8,8,10,10,4,5,8,510.619,506.341,544.061,544.061,544.061,"AMD Ryzen 5 5600GT with Radeon Graphics","Null Device",False
2026-10-08T02:58:16.8204600Z,bandwidth,W0-m1024-t8,bw.snapshot.units,units,80000,1024,8,8,10,10,4,5,8,20000,20000,20000,20000,20000,"AMD Ryzen 5 5600GT with Radeon Graphics","Null Device",False
2026-10-08T02:58:16.8209340Z,bandwidth,W0-m1024-t8,bw.snapshot.seconds,s,80000,1024,8,8,10,10,4,5,8,1.995,1.978,2.125,2.125,2.125,"AMD Ryzen 5 5600GT with Radeon Graphics","Null Device",False
2026-10-08T02:58:58.2569730Z,bandwidth,W0-m1024-t8,bw.avg,KB/s,80000,1024,8,8,10,10,4,5,8,187.761,197.998,210.273,212.648,213.241,"AMD Ryzen 5 5600GT with Radeon Graphics","Null Device",False
2026-10-08T02:58:58.2577350Z,bandwidth,W0-m1024-t8,bw.peak1s,KB/s,80000,1024,8,8,10,10,4,5,8,408.328,399.273,451.604,451.814,451.866,"AMD Ryzen 5 5600GT with Radeon Graphics","Null Device",False
2026-10-08T02:58:58.2582560Z,bandwidth,W0-m1024-t8,bw.wire.avg,KB/s,80000,1024,8,8,10,10,4,5,8,202.161,212.744,226.082,228.36,228.929,"AMD Ryzen 5 5600GT with Radeon Graphics","Null Device",False
2026-10-08T02:58:58.2587190Z,bandwidth,W0-m1024-t8,bw.wire.peak1s,KB/s,80000,1024,8,8,10,10,4,5,8,432.823,423.262,477.901,478.095,478.144,"AMD Ryzen 5 5600GT with Radeon Graphics","Null Device",False
2026-10-08T02:58:58.2591600Z,bandwidth,W0-m1024-t8,bw.encode.ms,ms,80000,1024,8,8,10,10,4,5,1200,1.679,1.628,2.292,2.757,9.97,"AMD Ryzen 5 5600GT with Radeon Graphics","Null Device",False
2026-10-08T02:58:58.2602410Z,bandwidth,W0-m1024-t8,bw.interest.ms,ms,80000,1024,8,8,10,10,4,5,1200,5.083,5.044,5.573,6.023,7.333,"AMD Ryzen 5 5600GT with Radeon Graphics","Null Device",False
2026-10-08T02:58:58.2612320Z,bandwidth,W0-m1024-t8,bw.routes.ms,ms,80000,1024,8,8,10,10,4,5,1200,1.989,1.005,1.472,49.361,95.137,"AMD Ryzen 5 5600GT with Radeon Graphics","Null Device",False
2026-10-08T02:58:58.2622450Z,bandwidth,W0-m1024-t8,bw.routes.deferred,units,80000,1024,8,8,10,10,4,5,1200,0,0,0,0,0,"AMD Ryzen 5 5600GT with Radeon Graphics","Null Device",False
2026-10-08T02:58:58.2646590Z,bandwidth,W0-m1024-t8,bw.bytype.moveorder,share,80000,1024,8,8,10,10,4,5,8,0.14,0.147,0.157,0.157,0.157,"AMD Ryzen 5 5600GT with Radeon Graphics","Null Device",False
2026-10-08T02:58:58.2653090Z,bandwidth,W0-m1024-t8,bw.moveorder,count,80000,1024,8,8,10,10,4,5,8,24207.375,24252.5,25252,25621.6,25714,"AMD Ryzen 5 5600GT with Radeon Graphics","Null Device",False
2026-10-08T02:58:58.2658700Z,bandwidth,W0-m1024-t8,bw.bytype.correction,share,80000,1024,8,8,10,10,4,5,8,0.556,0.525,0.655,0.673,0.677,"AMD Ryzen 5 5600GT with Radeon Graphics","Null Device",False
2026-10-08T02:58:58.2663510Z,bandwidth,W0-m1024-t8,bw.correction,count,80000,1024,8,8,10,10,4,5,8,1590821.5,1575346.5,1893731.15,1902487.03,1904676,"AMD Ryzen 5 5600GT with Radeon Graphics","Null Device",False
2026-10-08T02:58:58.2668080Z,bandwidth,W0-m1024-t8,bw.bytype.health,share,80000,1024,8,8,10,10,4,5,8,0.026,0.025,0.032,0.032,0.032,"AMD Ryzen 5 5600GT with Radeon Graphics","Null Device",False
2026-10-08T02:58:58.2672770Z,bandwidth,W0-m1024-t8,bw.health,count,80000,1024,8,8,10,10,4,5,8,143830.25,143879.5,147062.95,147080.59,147085,"AMD Ryzen 5 5600GT with Radeon Graphics","Null Device",False
2026-10-08T02:58:58.2677130Z,bandwidth,W0-m1024-t8,bw.bytype.enter,share,80000,1024,8,8,10,10,4,5,8,0.253,0.269,0.343,0.358,0.361,"AMD Ryzen 5 5600GT with Radeon Graphics","Null Device",False
2026-10-08T02:58:58.2681470Z,bandwidth,W0-m1024-t8,bw.enter,count,80000,1024,8,8,10,10,4,5,8,57312.75,59732,72019.3,74483.86,75100,"AMD Ryzen 5 5600GT with Radeon Graphics","Null Device",False
2026-10-08T02:58:58.2685940Z,bandwidth,W0-m1024-t8,bw.bytype.leave,share,80000,1024,8,8,10,10,4,5,8,0.01,0.011,0.013,0.013,0.013,"AMD Ryzen 5 5600GT with Radeon Graphics","Null Device",False
2026-10-08T02:58:58.2690150Z,bandwidth,W0-m1024-t8,bw.leave,count,80000,1024,8,8,10,10,4,5,8,46393.25,48378.5,61285.9,63818.78,64452,"AMD Ryzen 5 5600GT with Radeon Graphics","Null Device",False
2026-10-08T02:58:58.2694560Z,bandwidth,W0-m1024-t8,bw.bytype.explosion,share,80000,1024,8,8,10,10,4,5,8,0.007,0.007,0.009,0.009,0.009,"AMD Ryzen 5 5600GT with Radeon Graphics","Null Device",False
2026-10-08T02:58:58.2699540Z,bandwidth,W0-m1024-t8,bw.explosion,count,80000,1024,8,8,10,10,4,5,8,21000.75,20955,21358.25,21387.65,21395,"AMD Ryzen 5 5600GT with Radeon Graphics","Null Device",False
2026-10-08T02:58:58.2705640Z,bandwidth,W0-m1024-t8,bw.bytype.fogdelta,share,80000,1024,8,8,10,10,4,5,8,0.007,0.006,0.011,0.012,0.013,"AMD Ryzen 5 5600GT with Radeon Graphics","Null Device",False
2026-10-08T02:58:58.2710950Z,bandwidth,W0-m1024-t8,bw.fogdelta,count,80000,1024,8,8,10,10,4,5,8,55929.75,53561,75774,83065.2,84888,"AMD Ryzen 5 5600GT with Radeon Graphics","Null Device",False
2026-10-08T02:58:58.2715710Z,bandwidth,W0-m1024-t8,bw.waypoints,waypoints,80000,1024,8,8,10,10,4,5,1,23.167,23.167,23.167,23.167,23.167,"AMD Ryzen 5 5600GT with Radeon Graphics","Null Device",False
2026-10-08T02:58:58.2721080Z,bandwidth,W0-m1024-t8,bw.waypoints.smoothed,waypoints,80000,1024,8,8,10,10,4,5,1,2.759,2.759,2.759,2.759,2.759,"AMD Ryzen 5 5600GT with Radeon Graphics","Null Device",False
2026-10-08T02:58:58.2726130Z,bandwidth,W0-m1024-t8,bw.waypoints.saved,share,80000,1024,8,8,10,10,4,5,1,0.881,0.881,0.881,0.881,0.881,"AMD Ryzen 5 5600GT with Radeon Graphics","Null Device",False
2026-10-08T02:58:58.2754360Z,bandwidth,W0-m1024-t8,bw.units,units,80000,1024,8,8,10,10,4,5,1,79979,79979,79979,79979,79979,"AMD Ryzen 5 5600GT with Radeon Graphics","Null Device",False
2026-10-08T02:58:58.2798070Z,bandwidth,W0-m1024-t8,bw.units.engaged,share,80000,1024,8,8,10,10,4,5,1,0.033,0.033,0.033,0.033,0.033,"AMD Ryzen 5 5600GT with Radeon Graphics","Null Device",False
2026-10-08T02:58:58.2802920Z,bandwidth,W0-m1024-t8,bw.units.ordered,share,80000,1024,8,8,10,10,4,5,1,0.985,0.985,0.985,0.985,0.985,"AMD Ryzen 5 5600GT with Radeon Graphics","Null Device",False
2026-10-08T02:58:58.2809780Z,bandwidth,W0-m1024-t8,bw.allowed,units,80000,1024,8,8,10,10,4,5,1,10705,10705,10705,10705,10705,"AMD Ryzen 5 5600GT with Radeon Graphics","Null Device",False
2026-10-08T02:58:58.2814940Z,bandwidth,W0-m1024-t8,bw.corrections.perunit,corrections,80000,1024,8,8,10,10,4,5,1,0.116,0.116,0.116,0.116,0.116,"AMD Ryzen 5 5600GT with Radeon Graphics","Null Device",False
2026-10-08T02:58:58.2826740Z,bandwidth,W0-m1024-t8,bw.error.all.mean,tiles,80000,1024,8,8,10,10,4,5,1,0.147,0.147,0.147,0.147,0.147,"AMD Ryzen 5 5600GT with Radeon Graphics","Null Device",False
2026-10-08T02:58:58.2833280Z,bandwidth,W0-m1024-t8,bw.error.all.p50,tiles,80000,1024,8,8,10,10,4,5,1,0.063,0.063,0.063,0.063,0.063,"AMD Ryzen 5 5600GT with Radeon Graphics","Null Device",False
2026-10-08T02:58:58.2838920Z,bandwidth,W0-m1024-t8,bw.error.all.p95,tiles,80000,1024,8,8,10,10,4,5,1,0.922,0.922,0.922,0.922,0.922,"AMD Ryzen 5 5600GT with Radeon Graphics","Null Device",False
2026-10-08T02:58:58.2843580Z,bandwidth,W0-m1024-t8,bw.error.all.p99,tiles,80000,1024,8,8,10,10,4,5,1,1.75,1.75,1.75,1.75,1.75,"AMD Ryzen 5 5600GT with Radeon Graphics","Null Device",False
2026-10-08T02:58:58.2863100Z,bandwidth,W0-m1024-t8,bw.error.view.mean,tiles,80000,1024,8,8,10,10,4,5,1,0.058,0.058,0.058,0.058,0.058,"AMD Ryzen 5 5600GT with Radeon Graphics","Null Device",False
2026-10-08T02:58:58.2867830Z,bandwidth,W0-m1024-t8,bw.error.view.p50,tiles,80000,1024,8,8,10,10,4,5,1,0.063,0.063,0.063,0.063,0.063,"AMD Ryzen 5 5600GT with Radeon Graphics","Null Device",False
2026-10-08T02:58:58.2872160Z,bandwidth,W0-m1024-t8,bw.error.view.p95,tiles,80000,1024,8,8,10,10,4,5,1,0.172,0.172,0.172,0.172,0.172,"AMD Ryzen 5 5600GT with Radeon Graphics","Null Device",False
2026-10-08T02:58:58.2876430Z,bandwidth,W0-m1024-t8,bw.error.view.p99,tiles,80000,1024,8,8,10,10,4,5,1,0.234,0.234,0.234,0.234,0.234,"AMD Ryzen 5 5600GT with Radeon Graphics","Null Device",False
2026-10-08T02:58:58.2881260Z,bandwidth,W0-m1024-t8,bw.error.raw.mean,tiles,80000,1024,8,8,10,10,4,5,1,1.034,1.034,1.034,1.034,1.034,"AMD Ryzen 5 5600GT with Radeon Graphics","Null Device",False
2026-10-08T02:58:58.2885710Z,bandwidth,W0-m1024-t8,bw.error.raw.p50,tiles,80000,1024,8,8,10,10,4,5,1,0.984,0.984,0.984,0.984,0.984,"AMD Ryzen 5 5600GT with Radeon Graphics","Null Device",False
2026-10-08T02:58:58.2889880Z,bandwidth,W0-m1024-t8,bw.error.raw.p95,tiles,80000,1024,8,8,10,10,4,5,1,2.094,2.094,2.094,2.094,2.094,"AMD Ryzen 5 5600GT with Radeon Graphics","Null Device",False
2026-10-08T02:58:58.2894180Z,bandwidth,W0-m1024-t8,bw.error.raw.p99,tiles,80000,1024,8,8,10,10,4,5,1,2.453,2.453,2.453,2.453,2.453,"AMD Ryzen 5 5600GT with Radeon Graphics","Null Device",False
2026-10-08T02:58:58.2899190Z,bandwidth,W0-m1024-t8,bw.error.rawanchored.mean,tiles,80000,1024,8,8,10,10,4,5,1,1.05,1.05,1.05,1.05,1.05,"AMD Ryzen 5 5600GT with Radeon Graphics","Null Device",False
2026-10-08T02:58:58.2903630Z,bandwidth,W0-m1024-t8,bw.error.rawanchored.p50,tiles,80000,1024,8,8,10,10,4,5,1,1,1,1,1,1,"AMD Ryzen 5 5600GT with Radeon Graphics","Null Device",False
2026-10-08T02:58:58.2907920Z,bandwidth,W0-m1024-t8,bw.error.rawanchored.p95,tiles,80000,1024,8,8,10,10,4,5,1,2.094,2.094,2.094,2.094,2.094,"AMD Ryzen 5 5600GT with Radeon Graphics","Null Device",False
2026-10-08T02:58:58.2912190Z,bandwidth,W0-m1024-t8,bw.error.rawanchored.p99,tiles,80000,1024,8,8,10,10,4,5,1,2.453,2.453,2.453,2.453,2.453,"AMD Ryzen 5 5600GT with Radeon Graphics","Null Device",False
2026-10-08T02:58:58.2918670Z,bandwidth,W0-m1024-t8,bw.checks.anchored,share,80000,1024,8,8,10,10,4,5,1,0.958,0.958,0.958,0.958,0.958,"AMD Ryzen 5 5600GT with Radeon Graphics","Null Device",False
2026-10-08T02:58:58.2924410Z,bandwidth,W0-m1024-t8,bw.route.live,waypoints,80000,1024,8,8,10,10,4,5,1,5444596,5444596,5444596,5444596,5444596,"AMD Ryzen 5 5600GT with Radeon Graphics","Null Device",False
2026-10-08T02:58:58.2929370Z,bandwidth,W0-m1024-t8,bw.route.arena,MB,80000,1024,8,8,10,10,4,5,1,64,64,64,64,64,"AMD Ryzen 5 5600GT with Radeon Graphics","Null Device",False
2026-10-08T02:59:02.5262980Z,bandwidth,W1-m1024-t8,bw.snapshot.bytes,KB,80000,1024,8,8,10,10,4,5,8,488.866,484.752,520.898,520.898,520.898,"AMD Ryzen 5 5600GT with Radeon Graphics","Null Device",False
2026-10-08T02:59:02.5363490Z,bandwidth,W1-m1024-t8,bw.snapshot.wire,KB,80000,1024,8,8,10,10,4,5,8,510.619,506.341,544.061,544.061,544.061,"AMD Ryzen 5 5600GT with Radeon Graphics","Null Device",False
2026-10-08T02:59:02.5368610Z,bandwidth,W1-m1024-t8,bw.snapshot.units,units,80000,1024,8,8,10,10,4,5,8,20000,20000,20000,20000,20000,"AMD Ryzen 5 5600GT with Radeon Graphics","Null Device",False
2026-10-08T02:59:02.5373380Z,bandwidth,W1-m1024-t8,bw.snapshot.seconds,s,80000,1024,8,8,10,10,4,5,8,1.995,1.978,2.125,2.125,2.125,"AMD Ryzen 5 5600GT with Radeon Graphics","Null Device",False
2026-10-08T02:59:43.5293840Z,bandwidth,W1-m1024-t8,bw.avg,KB/s,80000,1024,8,8,10,10,4,5,8,157.448,169.1,179.79,182.413,183.069,"AMD Ryzen 5 5600GT with Radeon Graphics","Null Device",False
2026-10-08T02:59:43.5301730Z,bandwidth,W1-m1024-t8,bw.peak1s,KB/s,80000,1024,8,8,10,10,4,5,8,366.774,358.426,404.904,406.463,406.853,"AMD Ryzen 5 5600GT with Radeon Graphics","Null Device",False
2026-10-08T02:59:43.5306940Z,bandwidth,W1-m1024-t8,bw.wire.avg,KB/s,80000,1024,8,8,10,10,4,5,8,169.177,181.663,192.629,195.314,195.985,"AMD Ryzen 5 5600GT with Radeon Graphics","Null Device",False
2026-10-08T02:59:43.5311410Z,bandwidth,W1-m1024-t8,bw.wire.peak1s,KB/s,80000,1024,8,8,10,10,4,5,8,387.928,378.671,428.286,429.859,430.252,"AMD Ryzen 5 5600GT with Radeon Graphics","Null Device",False
2026-10-08T02:59:43.5317050Z,bandwidth,W1-m1024-t8,bw.encode.ms,ms,80000,1024,8,8,10,10,4,5,1200,1.589,1.542,2.166,2.567,8.949,"AMD Ryzen 5 5600GT with Radeon Graphics","Null Device",False
2026-10-08T02:59:43.5331860Z,bandwidth,W1-m1024-t8,bw.interest.ms,ms,80000,1024,8,8,10,10,4,5,1200,5.053,5.005,5.508,5.786,7.165,"AMD Ryzen 5 5600GT with Radeon Graphics","Null Device",False
2026-10-08T02:59:43.5346440Z,bandwidth,W1-m1024-t8,bw.routes.ms,ms,80000,1024,8,8,10,10,4,5,1200,1.98,0.996,1.466,49.829,96.603,"AMD Ryzen 5 5600GT with Radeon Graphics","Null Device",False
2026-10-08T02:59:43.5358160Z,bandwidth,W1-m1024-t8,bw.routes.deferred,units,80000,1024,8,8,10,10,4,5,1200,0,0,0,0,0,"AMD Ryzen 5 5600GT with Radeon Graphics","Null Device",False
2026-10-08T02:59:43.5381410Z,bandwidth,W1-m1024-t8,bw.bytype.moveorder,share,80000,1024,8,8,10,10,4,5,8,0.166,0.175,0.189,0.19,0.19,"AMD Ryzen 5 5600GT with Radeon Graphics","Null Device",False
2026-10-08T02:59:43.5387250Z,bandwidth,W1-m1024-t8,bw.moveorder,count,80000,1024,8,8,10,10,4,5,8,24207.375,24252.5,25252,25621.6,25714,"AMD Ryzen 5 5600GT with Radeon Graphics","Null Device",False
2026-10-08T02:59:43.5392160Z,bandwidth,W1-m1024-t8,bw.bytype.correction,share,80000,1024,8,8,10,10,4,5,8,0.475,0.449,0.572,0.589,0.593,"AMD Ryzen 5 5600GT with Radeon Graphics","Null Device",False
2026-10-08T02:59:43.5397080Z,bandwidth,W1-m1024-t8,bw.correction,count,80000,1024,8,8,10,10,4,5,8,1112237.375,1131873,1314273,1327052.2,1330247,"AMD Ryzen 5 5600GT with Radeon Graphics","Null Device",False
2026-10-08T02:59:43.5402050Z,bandwidth,W1-m1024-t8,bw.bytype.health,share,80000,1024,8,8,10,10,4,5,8,0.031,0.029,0.038,0.038,0.038,"AMD Ryzen 5 5600GT with Radeon Graphics","Null Device",False
2026-10-08T02:59:43.5406480Z,bandwidth,W1-m1024-t8,bw.health,count,80000,1024,8,8,10,10,4,5,8,143830.25,143879.5,147062.95,147080.59,147085,"AMD Ryzen 5 5600GT with Radeon Graphics","Null Device",False
2026-10-08T02:59:43.5410880Z,bandwidth,W1-m1024-t8,bw.bytype.enter,share,80000,1024,8,8,10,10,4,5,8,0.298,0.317,0.398,0.415,0.419,"AMD Ryzen 5 5600GT with Radeon Graphics","Null Device",False
2026-10-08T02:59:43.5415290Z,bandwidth,W1-m1024-t8,bw.enter,count,80000,1024,8,8,10,10,4,5,8,57312.75,59732,72019.3,74483.86,75100,"AMD Ryzen 5 5600GT with Radeon Graphics","Null Device",False
2026-10-08T02:59:43.5419630Z,bandwidth,W1-m1024-t8,bw.bytype.leave,share,80000,1024,8,8,10,10,4,5,8,0.012,0.012,0.015,0.015,0.015,"AMD Ryzen 5 5600GT with Radeon Graphics","Null Device",False
2026-10-08T02:59:43.5424010Z,bandwidth,W1-m1024-t8,bw.leave,count,80000,1024,8,8,10,10,4,5,8,46393.25,48378.5,61285.9,63818.78,64452,"AMD Ryzen 5 5600GT with Radeon Graphics","Null Device",False
2026-10-08T02:59:43.5428290Z,bandwidth,W1-m1024-t8,bw.bytype.explosion,share,80000,1024,8,8,10,10,4,5,8,0.009,0.008,0.011,0.011,0.011,"AMD Ryzen 5 5600GT with Radeon Graphics","Null Device",False
2026-10-08T02:59:43.5432780Z,bandwidth,W1-m1024-t8,bw.explosion,count,80000,1024,8,8,10,10,4,5,8,21000.75,20955,21358.25,21387.65,21395,"AMD Ryzen 5 5600GT with Radeon Graphics","Null Device",False
2026-10-08T02:59:43.5437040Z,bandwidth,W1-m1024-t8,bw.bytype.fogdelta,share,80000,1024,8,8,10,10,4,5,8,0.008,0.008,0.013,0.015,0.015,"AMD Ryzen 5 5600GT with Radeon Graphics","Null Device",False
2026-10-08T02:59:43.5441260Z,bandwidth,W1-m1024-t8,bw.fogdelta,count,80000,1024,8,8,10,10,4,5,8,55929.75,53561,75774,83065.2,84888,"AMD Ryzen 5 5600GT with Radeon Graphics","Null Device",False
2026-10-08T02:59:43.5445700Z,bandwidth,W1-m1024-t8,bw.waypoints,waypoints,80000,1024,8,8,10,10,4,5,1,23.167,23.167,23.167,23.167,23.167,"AMD Ryzen 5 5600GT with Radeon Graphics","Null Device",False
2026-10-08T02:59:43.5449950Z,bandwidth,W1-m1024-t8,bw.waypoints.smoothed,waypoints,80000,1024,8,8,10,10,4,5,1,2.759,2.759,2.759,2.759,2.759,"AMD Ryzen 5 5600GT with Radeon Graphics","Null Device",False
2026-10-08T02:59:43.5454300Z,bandwidth,W1-m1024-t8,bw.waypoints.saved,share,80000,1024,8,8,10,10,4,5,1,0.881,0.881,0.881,0.881,0.881,"AMD Ryzen 5 5600GT with Radeon Graphics","Null Device",False
2026-10-08T02:59:43.5482520Z,bandwidth,W1-m1024-t8,bw.units,units,80000,1024,8,8,10,10,4,5,1,79979,79979,79979,79979,79979,"AMD Ryzen 5 5600GT with Radeon Graphics","Null Device",False
2026-10-08T02:59:43.5526170Z,bandwidth,W1-m1024-t8,bw.units.engaged,share,80000,1024,8,8,10,10,4,5,1,0.033,0.033,0.033,0.033,0.033,"AMD Ryzen 5 5600GT with Radeon Graphics","Null Device",False
2026-10-08T02:59:43.5530840Z,bandwidth,W1-m1024-t8,bw.units.ordered,share,80000,1024,8,8,10,10,4,5,1,0.985,0.985,0.985,0.985,0.985,"AMD Ryzen 5 5600GT with Radeon Graphics","Null Device",False
2026-10-08T02:59:43.5537400Z,bandwidth,W1-m1024-t8,bw.allowed,units,80000,1024,8,8,10,10,4,5,1,10705,10705,10705,10705,10705,"AMD Ryzen 5 5600GT with Radeon Graphics","Null Device",False
2026-10-08T02:59:43.5542210Z,bandwidth,W1-m1024-t8,bw.corrections.perunit,corrections,80000,1024,8,8,10,10,4,5,1,0.08,0.08,0.08,0.08,0.08,"AMD Ryzen 5 5600GT with Radeon Graphics","Null Device",False
2026-10-08T02:59:43.5552540Z,bandwidth,W1-m1024-t8,bw.error.all.mean,tiles,80000,1024,8,8,10,10,4,5,1,0.249,0.249,0.249,0.249,0.249,"AMD Ryzen 5 5600GT with Radeon Graphics","Null Device",False
2026-10-08T02:59:43.5557830Z,bandwidth,W1-m1024-t8,bw.error.all.p50,tiles,80000,1024,8,8,10,10,4,5,1,0.063,0.063,0.063,0.063,0.063,"AMD Ryzen 5 5600GT with Radeon Graphics","Null Device",False
2026-10-08T02:59:43.5562530Z,bandwidth,W1-m1024-t8,bw.error.all.p95,tiles,80000,1024,8,8,10,10,4,5,1,1,1,1,1,1,"AMD Ryzen 5 5600GT with Radeon Graphics","Null Device",False
2026-10-08T02:59:43.5566860Z,bandwidth,W1-m1024-t8,bw.error.all.p99,tiles,80000,1024,8,8,10,10,4,5,1,1.75,1.75,1.75,1.75,1.75,"AMD Ryzen 5 5600GT with Radeon Graphics","Null Device",False
2026-10-08T02:59:43.5584910Z,bandwidth,W1-m1024-t8,bw.error.view.mean,tiles,80000,1024,8,8,10,10,4,5,1,0.29,0.29,0.29,0.29,0.29,"AMD Ryzen 5 5600GT with Radeon Graphics","Null Device",False
2026-10-08T02:59:43.5589680Z,bandwidth,W1-m1024-t8,bw.error.view.p50,tiles,80000,1024,8,8,10,10,4,5,1,0.078,0.078,0.078,0.078,0.078,"AMD Ryzen 5 5600GT with Radeon Graphics","Null Device",False
2026-10-08T02:59:43.5594370Z,bandwidth,W1-m1024-t8,bw.error.view.p95,tiles,80000,1024,8,8,10,10,4,5,1,0.938,0.938,0.938,0.938,0.938,"AMD Ryzen 5 5600GT with Radeon Graphics","Null Device",False
2026-10-08T02:59:43.5598830Z,bandwidth,W1-m1024-t8,bw.error.view.p99,tiles,80000,1024,8,8,10,10,4,5,1,1,1,1,1,1,"AMD Ryzen 5 5600GT with Radeon Graphics","Null Device",False
2026-10-08T02:59:43.5604430Z,bandwidth,W1-m1024-t8,bw.error.raw.mean,tiles,80000,1024,8,8,10,10,4,5,1,1.185,1.185,1.185,1.185,1.185,"AMD Ryzen 5 5600GT with Radeon Graphics","Null Device",False
2026-10-08T02:59:43.5608740Z,bandwidth,W1-m1024-t8,bw.error.raw.p50,tiles,80000,1024,8,8,10,10,4,5,1,1.109,1.109,1.109,1.109,1.109,"AMD Ryzen 5 5600GT with Radeon Graphics","Null Device",False
2026-10-08T02:59:43.5613090Z,bandwidth,W1-m1024-t8,bw.error.raw.p95,tiles,80000,1024,8,8,10,10,4,5,1,2.234,2.234,2.234,2.234,2.234,"AMD Ryzen 5 5600GT with Radeon Graphics","Null Device",False
2026-10-08T02:59:43.5617270Z,bandwidth,W1-m1024-t8,bw.error.raw.p99,tiles,80000,1024,8,8,10,10,4,5,1,2.781,2.781,2.781,2.781,2.781,"AMD Ryzen 5 5600GT with Radeon Graphics","Null Device",False
2026-10-08T02:59:43.5622800Z,bandwidth,W1-m1024-t8,bw.error.rawanchored.mean,tiles,80000,1024,8,8,10,10,4,5,1,1.242,1.242,1.242,1.242,1.242,"AMD Ryzen 5 5600GT with Radeon Graphics","Null Device",False
2026-10-08T02:59:43.5627350Z,bandwidth,W1-m1024-t8,bw.error.rawanchored.p50,tiles,80000,1024,8,8,10,10,4,5,1,1.172,1.172,1.172,1.172,1.172,"AMD Ryzen 5 5600GT with Radeon Graphics","Null Device",False
2026-10-08T02:59:43.5631560Z,bandwidth,W1-m1024-t8,bw.error.rawanchored.p95,tiles,80000,1024,8,8,10,10,4,5,1,2.266,2.266,2.266,2.266,2.266,"AMD Ryzen 5 5600GT with Radeon Graphics","Null Device",False
2026-10-08T02:59:43.5636060Z,bandwidth,W1-m1024-t8,bw.error.rawanchored.p99,tiles,80000,1024,8,8,10,10,4,5,1,2.797,2.797,2.797,2.797,2.797,"AMD Ryzen 5 5600GT with Radeon Graphics","Null Device",False
2026-10-08T02:59:43.5640870Z,bandwidth,W1-m1024-t8,bw.checks.anchored,share,80000,1024,8,8,10,10,4,5,1,0.879,0.879,0.879,0.879,0.879,"AMD Ryzen 5 5600GT with Radeon Graphics","Null Device",False
2026-10-08T02:59:43.5645220Z,bandwidth,W1-m1024-t8,bw.route.live,waypoints,80000,1024,8,8,10,10,4,5,1,5444596,5444596,5444596,5444596,5444596,"AMD Ryzen 5 5600GT with Radeon Graphics","Null Device",False
2026-10-08T02:59:43.5649480Z,bandwidth,W1-m1024-t8,bw.route.arena,MB,80000,1024,8,8,10,10,4,5,1,64,64,64,64,64,"AMD Ryzen 5 5600GT with Radeon Graphics","Null Device",False
2026-10-08T02:59:47.1929090Z,bandwidth,W1-m512-t2,bw.snapshot.bytes,KB,80000,512,2,8,10,10,4,5,8,799.978,799.978,813.665,813.665,813.665,"AMD Ryzen 5 5600GT with Radeon Graphics","Null Device",False
2026-10-08T02:59:47.2033770Z,bandwidth,W1-m512-t2,bw.snapshot.wire,KB,80000,512,2,8,10,10,4,5,8,835.561,835.561,849.884,849.884,849.884,"AMD Ryzen 5 5600GT with Radeon Graphics","Null Device",False
2026-10-08T02:59:47.2038790Z,bandwidth,W1-m512-t2,bw.snapshot.units,units,80000,512,2,8,10,10,4,5,8,40000,40000,40000,40000,40000,"AMD Ryzen 5 5600GT with Radeon Graphics","Null Device",False
2026-10-08T02:59:47.2043730Z,bandwidth,W1-m512-t2,bw.snapshot.seconds,s,80000,512,2,8,10,10,4,5,8,3.264,3.264,3.32,3.32,3.32,"AMD Ryzen 5 5600GT with Radeon Graphics","Null Device",False
2026-10-08T03:00:25.4706930Z,bandwidth,W1-m512-t2,bw.avg,KB/s,80000,512,2,8,10,10,4,5,8,241.06,238.2,256.886,259.137,259.7,"AMD Ryzen 5 5600GT with Radeon Graphics","Null Device",False
2026-10-08T03:00:25.4712530Z,bandwidth,W1-m512-t2,bw.peak1s,KB/s,80000,512,2,8,10,10,4,5,8,550.284,546.142,571.865,574.835,575.577,"AMD Ryzen 5 5600GT with Radeon Graphics","Null Device",False
2026-10-08T03:00:25.4717130Z,bandwidth,W1-m512-t2,bw.wire.avg,KB/s,80000,512,2,8,10,10,4,5,8,259.54,256.451,276.854,279.374,280.004,"AMD Ryzen 5 5600GT with Radeon Graphics","Null Device",False
2026-10-08T03:00:25.4721590Z,bandwidth,W1-m512-t2,bw.wire.peak1s,KB/s,80000,512,2,8,10,10,4,5,8,581.65,577.652,604.922,608.296,609.14,"AMD Ryzen 5 5600GT with Radeon Graphics","Null Device",False
2026-10-08T03:00:25.4726750Z,bandwidth,W1-m512-t2,bw.encode.ms,ms,80000,512,2,8,10,10,4,5,1200,3.607,3.71,4.935,5.78,11.414,"AMD Ryzen 5 5600GT with Radeon Graphics","Null Device",False
2026-10-08T03:00:25.4737480Z,bandwidth,W1-m512-t2,bw.interest.ms,ms,80000,512,2,8,10,10,4,5,1200,2.32,2.219,3.013,3.385,3.84,"AMD Ryzen 5 5600GT with Radeon Graphics","Null Device",False
2026-10-08T03:00:25.4748260Z,bandwidth,W1-m512-t2,bw.routes.ms,ms,80000,512,2,8,10,10,4,5,1200,1.513,1.029,1.552,24.796,54.498,"AMD Ryzen 5 5600GT with Radeon Graphics","Null Device",False
2026-10-08T03:00:25.4758950Z,bandwidth,W1-m512-t2,bw.routes.deferred,units,80000,512,2,8,10,10,4,5,1200,0,0,0,0,0,"AMD Ryzen 5 5600GT with Radeon Graphics","Null Device",False
2026-10-08T03:00:25.4783490Z,bandwidth,W1-m512-t2,bw.bytype.moveorder,share,80000,512,2,8,10,10,4,5,8,0.226,0.227,0.238,0.239,0.24,"AMD Ryzen 5 5600GT with Radeon Graphics","Null Device",False
2026-10-08T03:00:25.4788830Z,bandwidth,W1-m512-t2,bw.moveorder,count,80000,512,2,8,10,10,4,5,8,74222.5,74222.5,74925,74925,74925,"AMD Ryzen 5 5600GT with Radeon Graphics","Null Device",False
2026-10-08T03:00:25.4793760Z,bandwidth,W1-m512-t2,bw.bytype.correction,share,80000,512,2,8,10,10,4,5,8,0.61,0.607,0.634,0.637,0.638,"AMD Ryzen 5 5600GT with Radeon Graphics","Null Device",False
2026-10-08T03:00:25.4798390Z,bandwidth,W1-m512-t2,bw.correction,count,80000,512,2,8,10,10,4,5,8,2330196.625,2288937.5,2574413.45,2610268.29,2619232,"AMD Ryzen 5 5600GT with Radeon Graphics","Null Device",False
2026-10-08T03:00:25.4803100Z,bandwidth,W1-m512-t2,bw.bytype.health,share,80000,512,2,8,10,10,4,5,8,0.043,0.044,0.045,0.045,0.046,"AMD Ryzen 5 5600GT with Radeon Graphics","Null Device",False
2026-10-08T03:00:25.4808160Z,bandwidth,W1-m512-t2,bw.health,count,80000,512,2,8,10,10,4,5,8,310000,310000,316727,316727,316727,"AMD Ryzen 5 5600GT with Radeon Graphics","Null Device",False
2026-10-08T03:00:25.4813060Z,bandwidth,W1-m512-t2,bw.bytype.enter,share,80000,512,2,8,10,10,4,5,8,0.093,0.094,0.097,0.098,0.098,"AMD Ryzen 5 5600GT with Radeon Graphics","Null Device",False
2026-10-08T03:00:25.4817920Z,bandwidth,W1-m512-t2,bw.enter,count,80000,512,2,8,10,10,4,5,8,87738,87738,88544,88544,88544,"AMD Ryzen 5 5600GT with Radeon Graphics","Null Device",False
2026-10-08T03:00:25.4822790Z,bandwidth,W1-m512-t2,bw.bytype.leave,share,80000,512,2,8,10,10,4,5,8,0.008,0.008,0.008,0.008,0.008,"AMD Ryzen 5 5600GT with Radeon Graphics","Null Device",False
2026-10-08T03:00:25.4827590Z,bandwidth,W1-m512-t2,bw.leave,count,80000,512,2,8,10,10,4,5,8,47756,47756,48571,48571,48571,"AMD Ryzen 5 5600GT with Radeon Graphics","Null Device",False
2026-10-08T03:00:25.4832520Z,bandwidth,W1-m512-t2,bw.bytype.explosion,share,80000,512,2,8,10,10,4,5,8,0.012,0.012,0.013,0.013,0.013,"AMD Ryzen 5 5600GT with Radeon Graphics","Null Device",False
2026-10-08T03:00:25.4837290Z,bandwidth,W1-m512-t2,bw.explosion,count,80000,512,2,8,10,10,4,5,8,47525,47525,48518,48518,48518,"AMD Ryzen 5 5600GT with Radeon Graphics","Null Device",False
2026-10-08T03:00:25.4842160Z,bandwidth,W1-m512-t2,bw.bytype.fogdelta,share,80000,512,2,8,10,10,4,5,8,0.008,0.008,0.011,0.011,0.011,"AMD Ryzen 5 5600GT with Radeon Graphics","Null Device",False
2026-10-08T03:00:25.4847030Z,bandwidth,W1-m512-t2,bw.fogdelta,count,80000,512,2,8,10,10,4,5,8,87328,87328,119743,119743,119743,"AMD Ryzen 5 5600GT with Radeon Graphics","Null Device",False
2026-10-08T03:00:25.4851980Z,bandwidth,W1-m512-t2,bw.waypoints,waypoints,80000,512,2,8,10,10,4,5,1,14.076,14.076,14.076,14.076,14.076,"AMD Ryzen 5 5600GT with Radeon Graphics","Null Device",False
2026-10-08T03:00:25.4856760Z,bandwidth,W1-m512-t2,bw.waypoints.smoothed,waypoints,80000,512,2,8,10,10,4,5,1,2.5,2.5,2.5,2.5,2.5,"AMD Ryzen 5 5600GT with Radeon Graphics","Null Device",False
2026-10-08T03:00:25.4861510Z,bandwidth,W1-m512-t2,bw.waypoints.saved,share,80000,512,2,8,10,10,4,5,1,0.822,0.822,0.822,0.822,0.822,"AMD Ryzen 5 5600GT with Radeon Graphics","Null Device",False
2026-10-08T03:00:25.4890780Z,bandwidth,W1-m512-t2,bw.units,units,80000,512,2,8,10,10,4,5,1,79964,79964,79964,79964,79964,"AMD Ryzen 5 5600GT with Radeon Graphics","Null Device",False
2026-10-08T03:00:25.4933920Z,bandwidth,W1-m512-t2,bw.units.engaged,share,80000,512,2,8,10,10,4,5,1,0.077,0.077,0.077,0.077,0.077,"AMD Ryzen 5 5600GT with Radeon Graphics","Null Device",False
2026-10-08T03:00:25.4938950Z,bandwidth,W1-m512-t2,bw.units.ordered,share,80000,512,2,8,10,10,4,5,1,0.971,0.971,0.971,0.971,0.971,"AMD Ryzen 5 5600GT with Radeon Graphics","Null Device",False
2026-10-08T03:00:25.4945780Z,bandwidth,W1-m512-t2,bw.allowed,units,80000,512,2,8,10,10,4,5,1,39973,39973,39973,39973,39973,"AMD Ryzen 5 5600GT with Radeon Graphics","Null Device",False
2026-10-08T03:00:25.4950830Z,bandwidth,W1-m512-t2,bw.corrections.perunit,corrections,80000,512,2,8,10,10,4,5,1,0.047,0.047,0.047,0.047,0.047,"AMD Ryzen 5 5600GT with Radeon Graphics","Null Device",False
2026-10-08T03:00:25.4962740Z,bandwidth,W1-m512-t2,bw.error.all.mean,tiles,80000,512,2,8,10,10,4,5,1,0.251,0.251,0.251,0.251,0.251,"AMD Ryzen 5 5600GT with Radeon Graphics","Null Device",False
2026-10-08T03:00:25.4968980Z,bandwidth,W1-m512-t2,bw.error.all.p50,tiles,80000,512,2,8,10,10,4,5,1,0.063,0.063,0.063,0.063,0.063,"AMD Ryzen 5 5600GT with Radeon Graphics","Null Device",False
2026-10-08T03:00:25.4974180Z,bandwidth,W1-m512-t2,bw.error.all.p95,tiles,80000,512,2,8,10,10,4,5,1,1.391,1.391,1.391,1.391,1.391,"AMD Ryzen 5 5600GT with Radeon Graphics","Null Device",False
2026-10-08T03:00:25.4979220Z,bandwidth,W1-m512-t2,bw.error.all.p99,tiles,80000,512,2,8,10,10,4,5,1,1.891,1.891,1.891,1.891,1.891,"AMD Ryzen 5 5600GT with Radeon Graphics","Null Device",False
2026-10-08T03:00:25.4984870Z,bandwidth,W1-m512-t2,bw.error.view.mean,tiles,80000,512,2,8,10,10,4,5,1,0.291,0.291,0.291,0.291,0.291,"AMD Ryzen 5 5600GT with Radeon Graphics","Null Device",False
2026-10-08T03:00:25.4989700Z,bandwidth,W1-m512-t2,bw.error.view.p50,tiles,80000,512,2,8,10,10,4,5,1,0.078,0.078,0.078,0.078,0.078,"AMD Ryzen 5 5600GT with Radeon Graphics","Null Device",False
2026-10-08T03:00:25.4994470Z,bandwidth,W1-m512-t2,bw.error.view.p95,tiles,80000,512,2,8,10,10,4,5,1,0.938,0.938,0.938,0.938,0.938,"AMD Ryzen 5 5600GT with Radeon Graphics","Null Device",False
2026-10-08T03:00:25.4999240Z,bandwidth,W1-m512-t2,bw.error.view.p99,tiles,80000,512,2,8,10,10,4,5,1,1,1,1,1,1,"AMD Ryzen 5 5600GT with Radeon Graphics","Null Device",False
2026-10-08T03:00:25.5004800Z,bandwidth,W1-m512-t2,bw.error.raw.mean,tiles,80000,512,2,8,10,10,4,5,1,1.183,1.183,1.183,1.183,1.183,"AMD Ryzen 5 5600GT with Radeon Graphics","Null Device",False
2026-10-08T03:00:25.5009760Z,bandwidth,W1-m512-t2,bw.error.raw.p50,tiles,80000,512,2,8,10,10,4,5,1,1.109,1.109,1.109,1.109,1.109,"AMD Ryzen 5 5600GT with Radeon Graphics","Null Device",False
2026-10-08T03:00:25.5014630Z,bandwidth,W1-m512-t2,bw.error.raw.p95,tiles,80000,512,2,8,10,10,4,5,1,2.25,2.25,2.25,2.25,2.25,"AMD Ryzen 5 5600GT with Radeon Graphics","Null Device",False
2026-10-08T03:00:25.5019150Z,bandwidth,W1-m512-t2,bw.error.raw.p99,tiles,80000,512,2,8,10,10,4,5,1,2.797,2.797,2.797,2.797,2.797,"AMD Ryzen 5 5600GT with Radeon Graphics","Null Device",False
2026-10-08T03:00:25.5024400Z,bandwidth,W1-m512-t2,bw.error.rawanchored.mean,tiles,80000,512,2,8,10,10,4,5,1,1.232,1.232,1.232,1.232,1.232,"AMD Ryzen 5 5600GT with Radeon Graphics","Null Device",False
2026-10-08T03:00:25.5029420Z,bandwidth,W1-m512-t2,bw.error.rawanchored.p50,tiles,80000,512,2,8,10,10,4,5,1,1.156,1.156,1.156,1.156,1.156,"AMD Ryzen 5 5600GT with Radeon Graphics","Null Device",False
2026-10-08T03:00:25.5034350Z,bandwidth,W1-m512-t2,bw.error.rawanchored.p95,tiles,80000,512,2,8,10,10,4,5,1,2.266,2.266,2.266,2.266,2.266,"AMD Ryzen 5 5600GT with Radeon Graphics","Null Device",False
2026-10-08T03:00:25.5039110Z,bandwidth,W1-m512-t2,bw.error.rawanchored.p99,tiles,80000,512,2,8,10,10,4,5,1,2.813,2.813,2.813,2.813,2.813,"AMD Ryzen 5 5600GT with Radeon Graphics","Null Device",False
2026-10-08T03:00:25.5044560Z,bandwidth,W1-m512-t2,bw.checks.anchored,share,80000,512,2,8,10,10,4,5,1,0.894,0.894,0.894,0.894,0.894,"AMD Ryzen 5 5600GT with Radeon Graphics","Null Device",False
2026-10-08T03:00:25.5049430Z,bandwidth,W1-m512-t2,bw.route.live,waypoints,80000,512,2,8,10,10,4,5,1,3552134,3552134,3552134,3552134,3552134,"AMD Ryzen 5 5600GT with Radeon Graphics","Null Device",False
2026-10-08T03:00:25.5054300Z,bandwidth,W1-m512-t2,bw.route.arena,MB,80000,512,2,8,10,10,4,5,1,32,32,32,32,32,"AMD Ryzen 5 5600GT with Radeon Graphics","Null Device",False
2026-10-08T03:00:29.7483350Z,bandwidth,W0-m1024-t2,bw.snapshot.bytes,KB,80000,1024,2,8,10,10,4,5,8,983.205,983.205,1019.942,1019.942,1019.942,"AMD Ryzen 5 5600GT with Radeon Graphics","Null Device",False
2026-10-08T03:00:29.7607160Z,bandwidth,W0-m1024-t2,bw.snapshot.wire,KB,80000,1024,2,8,10,10,4,5,8,1026.916,1026.916,1065.305,1065.305,1065.305,"AMD Ryzen 5 5600GT with Radeon Graphics","Null Device",False
2026-10-08T03:00:29.7612140Z,bandwidth,W0-m1024-t2,bw.snapshot.units,units,80000,1024,2,8,10,10,4,5,8,40000,40000,40000,40000,40000,"AMD Ryzen 5 5600GT with Radeon Graphics","Null Device",False
2026-10-08T03:00:29.7616600Z,bandwidth,W0-m1024-t2,bw.snapshot.seconds,s,80000,1024,2,8,10,10,4,5,8,4.011,4.011,4.161,4.161,4.161,"AMD Ryzen 5 5600GT with Radeon Graphics","Null Device",False
2026-10-08T03:01:09.1415200Z,bandwidth,W0-m1024-t2,bw.avg,KB/s,80000,1024,2,8,10,10,4,5,8,294.318,292.375,313.819,315.98,316.52,"AMD Ryzen 5 5600GT with Radeon Graphics","Null Device",False
2026-10-08T03:01:09.1420940Z,bandwidth,W0-m1024-t2,bw.peak1s,KB/s,80000,1024,2,8,10,10,4,5,8,772.543,768.662,795.632,796.101,796.219,"AMD Ryzen 5 5600GT with Radeon Graphics","Null Device",False
2026-10-08T03:01:09.1426080Z,bandwidth,W0-m1024-t2,bw.wire.avg,KB/s,80000,1024,2,8,10,10,4,5,8,316.437,314.383,337.536,339.678,340.214,"AMD Ryzen 5 5600GT with Radeon Graphics","Null Device",False
2026-10-08T03:01:09.1431160Z,bandwidth,W0-m1024-t2,bw.wire.peak1s,KB/s,80000,1024,2,8,10,10,4,5,8,816.225,812.078,840.427,840.983,841.122,"AMD Ryzen 5 5600GT with Radeon Graphics","Null Device",False
2026-10-08T03:01:09.1436250Z,bandwidth,W0-m1024-t2,bw.encode.ms,ms,80000,1024,2,8,10,10,4,5,1200,3.79,3.88,5.058,5.874,17.13,"AMD Ryzen 5 5600GT with Radeon Graphics","Null Device",False
2026-10-08T03:01:09.1446050Z,bandwidth,W0-m1024-t2,bw.interest.ms,ms,80000,1024,2,8,10,10,4,5,1200,2.403,2.313,3.167,3.379,3.975,"AMD Ryzen 5 5600GT with Radeon Graphics","Null Device",False
2026-10-08T03:01:09.1455550Z,bandwidth,W0-m1024-t2,bw.routes.ms,ms,80000,1024,2,8,10,10,4,5,1200,2.008,1.036,1.494,49.868,94.917,"AMD Ryzen 5 5600GT with Radeon Graphics","Null Device",False
2026-10-08T03:01:09.1464650Z,bandwidth,W0-m1024-t2,bw.routes.deferred,units,80000,1024,2,8,10,10,4,5,1200,0,0,0,0,0,"AMD Ryzen 5 5600GT with Radeon Graphics","Null Device",False
2026-10-08T03:01:09.1485130Z,bandwidth,W0-m1024-t2,bw.bytype.moveorder,share,80000,1024,2,8,10,10,4,5,8,0.273,0.266,0.298,0.302,0.303,"AMD Ryzen 5 5600GT with Radeon Graphics","Null Device",False
2026-10-08T03:01:09.1490240Z,bandwidth,W0-m1024-t2,bw.moveorder,count,80000,1024,2,8,10,10,4,5,8,69001.5,69001.5,69261,69261,69261,"AMD Ryzen 5 5600GT with Radeon Graphics","Null Device",False
2026-10-08T03:01:09.1495410Z,bandwidth,W0-m1024-t2,bw.bytype.correction,share,80000,1024,2,8,10,10,4,5,8,0.586,0.596,0.614,0.619,0.62,"AMD Ryzen 5 5600GT with Radeon Graphics","Null Device",False
2026-10-08T03:01:09.1500080Z,bandwidth,W0-m1024-t2,bw.correction,count,80000,1024,2,8,10,10,4,5,8,2726847.5,2728327,3010672.3,3015399.26,3016581,"AMD Ryzen 5 5600GT with Radeon Graphics","Null Device",False
2026-10-08T03:01:09.1504570Z,bandwidth,W0-m1024-t2,bw.bytype.health,share,80000,1024,2,8,10,10,4,5,8,0.032,0.032,0.034,0.034,0.035,"AMD Ryzen 5 5600GT with Radeon Graphics","Null Device",False
2026-10-08T03:01:09.1508920Z,bandwidth,W0-m1024-t2,bw.health,count,80000,1024,2,8,10,10,4,5,8,287747,287747,287845,287845,287845,"AMD Ryzen 5 5600GT with Radeon Graphics","Null Device",False
2026-10-08T03:01:09.1513370Z,bandwidth,W0-m1024-t2,bw.bytype.enter,share,80000,1024,2,8,10,10,4,5,8,0.082,0.082,0.088,0.089,0.09,"AMD Ryzen 5 5600GT with Radeon Graphics","Null Device",False
2026-10-08T03:01:09.1517600Z,bandwidth,W0-m1024-t2,bw.enter,count,80000,1024,2,8,10,10,4,5,8,82027,82027,82563,82563,82563,"AMD Ryzen 5 5600GT with Radeon Graphics","Null Device",False
2026-10-08T03:01:09.1522050Z,bandwidth,W0-m1024-t2,bw.bytype.leave,share,80000,1024,2,8,10,10,4,5,8,0.006,0.005,0.006,0.006,0.006,"AMD Ryzen 5 5600GT with Radeon Graphics","Null Device",False
2026-10-08T03:01:09.1526390Z,bandwidth,W0-m1024-t2,bw.leave,count,80000,1024,2,8,10,10,4,5,8,42038.5,42038.5,42578,42578,42578,"AMD Ryzen 5 5600GT with Radeon Graphics","Null Device",False
2026-10-08T03:01:09.1530820Z,bandwidth,W0-m1024-t2,bw.bytype.explosion,share,80000,1024,2,8,10,10,4,5,8,0.009,0.009,0.009,0.01,0.01,"AMD Ryzen 5 5600GT with Radeon Graphics","Null Device",False
2026-10-08T03:01:09.1535180Z,bandwidth,W0-m1024-t2,bw.explosion,count,80000,1024,2,8,10,10,4,5,8,41939,41939,42381,42381,42381,"AMD Ryzen 5 5600GT with Radeon Graphics","Null Device",False
2026-10-08T03:01:09.1553000Z,bandwidth,W0-m1024-t2,bw.bytype.fogdelta,share,80000,1024,2,8,10,10,4,5,8,0.012,0.011,0.014,0.015,0.015,"AMD Ryzen 5 5600GT with Radeon Graphics","Null Device",False
2026-10-08T03:01:09.1557650Z,bandwidth,W0-m1024-t2,bw.fogdelta,count,80000,1024,2,8,10,10,4,5,8,155819.5,155819.5,183390,183390,183390,"AMD Ryzen 5 5600GT with Radeon Graphics","Null Device",False
2026-10-08T03:01:09.1562170Z,bandwidth,W0-m1024-t2,bw.waypoints,waypoints,80000,1024,2,8,10,10,4,5,1,23.167,23.167,23.167,23.167,23.167,"AMD Ryzen 5 5600GT with Radeon Graphics","Null Device",False
2026-10-08T03:01:09.1566430Z,bandwidth,W0-m1024-t2,bw.waypoints.smoothed,waypoints,80000,1024,2,8,10,10,4,5,1,2.759,2.759,2.759,2.759,2.759,"AMD Ryzen 5 5600GT with Radeon Graphics","Null Device",False
2026-10-08T03:01:09.1570630Z,bandwidth,W0-m1024-t2,bw.waypoints.saved,share,80000,1024,2,8,10,10,4,5,1,0.881,0.881,0.881,0.881,0.881,"AMD Ryzen 5 5600GT with Radeon Graphics","Null Device",False
2026-10-08T03:01:09.1598660Z,bandwidth,W0-m1024-t2,bw.units,units,80000,1024,2,8,10,10,4,5,1,79979,79979,79979,79979,79979,"AMD Ryzen 5 5600GT with Radeon Graphics","Null Device",False
2026-10-08T03:01:09.1641350Z,bandwidth,W0-m1024-t2,bw.units.engaged,share,80000,1024,2,8,10,10,4,5,1,0.033,0.033,0.033,0.033,0.033,"AMD Ryzen 5 5600GT with Radeon Graphics","Null Device",False
2026-10-08T03:01:09.1646380Z,bandwidth,W0-m1024-t2,bw.units.ordered,share,80000,1024,2,8,10,10,4,5,1,0.985,0.985,0.985,0.985,0.985,"AMD Ryzen 5 5600GT with Radeon Graphics","Null Device",False
2026-10-08T03:01:09.1652980Z,bandwidth,W0-m1024-t2,bw.allowed,units,80000,1024,2,8,10,10,4,5,1,39992,39992,39992,39992,39992,"AMD Ryzen 5 5600GT with Radeon Graphics","Null Device",False
2026-10-08T03:01:09.1657600Z,bandwidth,W0-m1024-t2,bw.corrections.perunit,corrections,80000,1024,2,8,10,10,4,5,1,0.056,0.056,0.056,0.056,0.056,"AMD Ryzen 5 5600GT with Radeon Graphics","Null Device",False
2026-10-08T03:01:09.1668240Z,bandwidth,W0-m1024-t2,bw.error.all.mean,tiles,80000,1024,2,8,10,10,4,5,1,0.233,0.233,0.233,0.233,0.233,"AMD Ryzen 5 5600GT with Radeon Graphics","Null Device",False
2026-10-08T03:01:09.1673670Z,bandwidth,W0-m1024-t2,bw.error.all.p50,tiles,80000,1024,2,8,10,10,4,5,1,0.063,0.063,0.063,0.063,0.063,"AMD Ryzen 5 5600GT with Radeon Graphics","Null Device",False
2026-10-08T03:01:09.1678220Z,bandwidth,W0-m1024-t2,bw.error.all.p95,tiles,80000,1024,2,8,10,10,4,5,1,1.453,1.453,1.453,1.453,1.453,"AMD Ryzen 5 5600GT with Radeon Graphics","Null Device",False
2026-10-08T03:01:09.1682940Z,bandwidth,W0-m1024-t2,bw.error.all.p99,tiles,80000,1024,2,8,10,10,4,5,1,1.891,1.891,1.891,1.891,1.891,"AMD Ryzen 5 5600GT with Radeon Graphics","Null Device",False
2026-10-08T03:01:09.1687920Z,bandwidth,W0-m1024-t2,bw.error.view.mean,tiles,80000,1024,2,8,10,10,4,5,1,0.058,0.058,0.058,0.058,0.058,"AMD Ryzen 5 5600GT with Radeon Graphics","Null Device",False
2026-10-08T03:01:09.1692410Z,bandwidth,W0-m1024-t2,bw.error.view.p50,tiles,80000,1024,2,8,10,10,4,5,1,0.063,0.063,0.063,0.063,0.063,"AMD Ryzen 5 5600GT with Radeon Graphics","Null Device",False
2026-10-08T03:01:09.1696690Z,bandwidth,W0-m1024-t2,bw.error.view.p95,tiles,80000,1024,2,8,10,10,4,5,1,0.172,0.172,0.172,0.172,0.172,"AMD Ryzen 5 5600GT with Radeon Graphics","Null Device",False
2026-10-08T03:01:09.1701030Z,bandwidth,W0-m1024-t2,bw.error.view.p99,tiles,80000,1024,2,8,10,10,4,5,1,0.234,0.234,0.234,0.234,0.234,"AMD Ryzen 5 5600GT with Radeon Graphics","Null Device",False
2026-10-08T03:01:09.1706290Z,bandwidth,W0-m1024-t2,bw.error.raw.mean,tiles,80000,1024,2,8,10,10,4,5,1,1.034,1.034,1.034,1.034,1.034,"AMD Ryzen 5 5600GT with Radeon Graphics","Null Device",False
2026-10-08T03:01:09.1710760Z,bandwidth,W0-m1024-t2,bw.error.raw.p50,tiles,80000,1024,2,8,10,10,4,5,1,0.984,0.984,0.984,0.984,0.984,"AMD Ryzen 5 5600GT with Radeon Graphics","Null Device",False
2026-10-08T03:01:09.1715090Z,bandwidth,W0-m1024-t2,bw.error.raw.p95,tiles,80000,1024,2,8,10,10,4,5,1,2.094,2.094,2.094,2.094,2.094,"AMD Ryzen 5 5600GT with Radeon Graphics","Null Device",False
2026-10-08T03:01:09.1719380Z,bandwidth,W0-m1024-t2,bw.error.raw.p99,tiles,80000,1024,2,8,10,10,4,5,1,2.453,2.453,2.453,2.453,2.453,"AMD Ryzen 5 5600GT with Radeon Graphics","Null Device",False
2026-10-08T03:01:09.1724350Z,bandwidth,W0-m1024-t2,bw.error.rawanchored.mean,tiles,80000,1024,2,8,10,10,4,5,1,1.05,1.05,1.05,1.05,1.05,"AMD Ryzen 5 5600GT with Radeon Graphics","Null Device",False
2026-10-08T03:01:09.1728680Z,bandwidth,W0-m1024-t2,bw.error.rawanchored.p50,tiles,80000,1024,2,8,10,10,4,5,1,1,1,1,1,1,"AMD Ryzen 5 5600GT with Radeon Graphics","Null Device",False
2026-10-08T03:01:09.1733110Z,bandwidth,W0-m1024-t2,bw.error.rawanchored.p95,tiles,80000,1024,2,8,10,10,4,5,1,2.094,2.094,2.094,2.094,2.094,"AMD Ryzen 5 5600GT with Radeon Graphics","Null Device",False
2026-10-08T03:01:09.1737450Z,bandwidth,W0-m1024-t2,bw.error.rawanchored.p99,tiles,80000,1024,2,8,10,10,4,5,1,2.453,2.453,2.453,2.453,2.453,"AMD Ryzen 5 5600GT with Radeon Graphics","Null Device",False
2026-10-08T03:01:09.1742340Z,bandwidth,W0-m1024-t2,bw.checks.anchored,share,80000,1024,2,8,10,10,4,5,1,0.958,0.958,0.958,0.958,0.958,"AMD Ryzen 5 5600GT with Radeon Graphics","Null Device",False
2026-10-08T03:01:09.1746760Z,bandwidth,W0-m1024-t2,bw.route.live,waypoints,80000,1024,2,8,10,10,4,5,1,5444596,5444596,5444596,5444596,5444596,"AMD Ryzen 5 5600GT with Radeon Graphics","Null Device",False
2026-10-08T03:01:09.1751450Z,bandwidth,W0-m1024-t2,bw.route.arena,MB,80000,1024,2,8,10,10,4,5,1,64,64,64,64,64,"AMD Ryzen 5 5600GT with Radeon Graphics","Null Device",False
2026-10-08T03:01:13.4112560Z,bandwidth,W1-m1024-t2,bw.snapshot.bytes,KB,80000,1024,2,8,10,10,4,5,8,983.205,983.205,1019.942,1019.942,1019.942,"AMD Ryzen 5 5600GT with Radeon Graphics","Null Device",False
2026-10-08T03:01:13.4213850Z,bandwidth,W1-m1024-t2,bw.snapshot.wire,KB,80000,1024,2,8,10,10,4,5,8,1026.916,1026.916,1065.305,1065.305,1065.305,"AMD Ryzen 5 5600GT with Radeon Graphics","Null Device",False
2026-10-08T03:01:13.4218660Z,bandwidth,W1-m1024-t2,bw.snapshot.units,units,80000,1024,2,8,10,10,4,5,8,40000,40000,40000,40000,40000,"AMD Ryzen 5 5600GT with Radeon Graphics","Null Device",False
2026-10-08T03:01:13.4223320Z,bandwidth,W1-m1024-t2,bw.snapshot.seconds,s,80000,1024,2,8,10,10,4,5,8,4.011,4.011,4.161,4.161,4.161,"AMD Ryzen 5 5600GT with Radeon Graphics","Null Device",False
2026-10-08T03:01:52.6527000Z,bandwidth,W1-m1024-t2,bw.avg,KB/s,80000,1024,2,8,10,10,4,5,8,263.118,262.799,275.18,275.944,276.135,"AMD Ryzen 5 5600GT with Radeon Graphics","Null Device",False
2026-10-08T03:01:52.6532970Z,bandwidth,W1-m1024-t2,bw.peak1s,KB/s,80000,1024,2,8,10,10,4,5,8,736.334,734.341,754.63,754.68,754.692,"AMD Ryzen 5 5600GT with Radeon Graphics","Null Device",False
2026-10-08T03:01:52.6540400Z,bandwidth,W1-m1024-t2,bw.wire.avg,KB/s,80000,1024,2,8,10,10,4,5,8,282.41,282.355,295.459,296.129,296.296,"AMD Ryzen 5 5600GT with Radeon Graphics","Null Device",False
2026-10-08T03:01:52.6545680Z,bandwidth,W1-m1024-t2,bw.wire.peak1s,KB/s,80000,1024,2,8,10,10,4,5,8,776.567,774.316,796.233,796.354,796.385,"AMD Ryzen 5 5600GT with Radeon Graphics","Null Device",False
2026-10-08T03:01:52.6550900Z,bandwidth,W1-m1024-t2,bw.encode.ms,ms,80000,1024,2,8,10,10,4,5,1200,3.675,3.82,4.854,6.033,16.085,"AMD Ryzen 5 5600GT with Radeon Graphics","Null Device",False
2026-10-08T03:01:52.6560090Z,bandwidth,W1-m1024-t2,bw.interest.ms,ms,80000,1024,2,8,10,10,4,5,1200,2.374,2.275,3.069,3.49,3.846,"AMD Ryzen 5 5600GT with Radeon Graphics","Null Device",False
2026-10-08T03:01:52.6570090Z,bandwidth,W1-m1024-t2,bw.routes.ms,ms,80000,1024,2,8,10,10,4,5,1200,2.022,1.047,1.53,49.334,97.168,"AMD Ryzen 5 5600GT with Radeon Graphics","Null Device",False
2026-10-08T03:01:52.6580280Z,bandwidth,W1-m1024-t2,bw.routes.deferred,units,80000,1024,2,8,10,10,4,5,1200,0,0,0,0,0,"AMD Ryzen 5 5600GT with Radeon Graphics","Null Device",False
2026-10-08T03:01:52.6602490Z,bandwidth,W1-m1024-t2,bw.bytype.moveorder,share,80000,1024,2,8,10,10,4,5,8,0.303,0.299,0.327,0.33,0.331,"AMD Ryzen 5 5600GT with Radeon Graphics","Null Device",False
2026-10-08T03:01:52.6607880Z,bandwidth,W1-m1024-t2,bw.moveorder,count,80000,1024,2,8,10,10,4,5,8,69001.5,69001.5,69261,69261,69261,"AMD Ryzen 5 5600GT with Radeon Graphics","Null Device",False
2026-10-08T03:01:52.6612570Z,bandwidth,W1-m1024-t2,bw.bytype.correction,share,80000,1024,2,8,10,10,4,5,8,0.541,0.546,0.568,0.572,0.573,"AMD Ryzen 5 5600GT with Radeon Graphics","Null Device",False
2026-10-08T03:01:52.6617130Z,bandwidth,W1-m1024-t2,bw.correction,count,80000,1024,2,8,10,10,4,5,8,2248192.25,2259131,2440371.5,2466548.7,2473093,"AMD Ryzen 5 5600GT with Radeon Graphics","Null Device",False
2026-10-08T03:01:52.6621520Z,bandwidth,W1-m1024-t2,bw.bytype.health,share,80000,1024,2,8,10,10,4,5,8,0.036,0.036,0.037,0.038,0.038,"AMD Ryzen 5 5600GT with Radeon Graphics","Null Device",False
2026-10-08T03:01:52.6626070Z,bandwidth,W1-m1024-t2,bw.health,count,80000,1024,2,8,10,10,4,5,8,287747,287747,287845,287845,287845,"AMD Ryzen 5 5600GT with Radeon Graphics","Null Device",False
2026-10-08T03:01:52.6630370Z,bandwidth,W1-m1024-t2,bw.bytype.enter,share,80000,1024,2,8,10,10,4,5,8,0.091,0.091,0.097,0.098,0.098,"AMD Ryzen 5 5600GT with Radeon Graphics","Null Device",False
2026-10-08T03:01:52.6635410Z,bandwidth,W1-m1024-t2,bw.enter,count,80000,1024,2,8,10,10,4,5,8,82027,82027,82563,82563,82563,"AMD Ryzen 5 5600GT with Radeon Graphics","Null Device",False
2026-10-08T03:01:52.6642090Z,bandwidth,W1-m1024-t2,bw.bytype.leave,share,80000,1024,2,8,10,10,4,5,8,0.006,0.006,0.006,0.007,0.007,"AMD Ryzen 5 5600GT with Radeon Graphics","Null Device",False
2026-10-08T03:01:52.6647710Z,bandwidth,W1-m1024-t2,bw.leave,count,80000,1024,2,8,10,10,4,5,8,42038.5,42038.5,42578,42578,42578,"AMD Ryzen 5 5600GT with Radeon Graphics","Null Device",False
2026-10-08T03:01:52.6652460Z,bandwidth,W1-m1024-t2,bw.bytype.explosion,share,80000,1024,2,8,10,10,4,5,8,0.01,0.01,0.01,0.01,0.01,"AMD Ryzen 5 5600GT with Radeon Graphics","Null Device",False
2026-10-08T03:01:52.6657730Z,bandwidth,W1-m1024-t2,bw.explosion,count,80000,1024,2,8,10,10,4,5,8,41939,41939,42381,42381,42381,"AMD Ryzen 5 5600GT with Radeon Graphics","Null Device",False
2026-10-08T03:01:52.6662460Z,bandwidth,W1-m1024-t2,bw.bytype.fogdelta,share,80000,1024,2,8,10,10,4,5,8,0.013,0.013,0.016,0.016,0.016,"AMD Ryzen 5 5600GT with Radeon Graphics","Null Device",False
2026-10-08T03:01:52.6666850Z,bandwidth,W1-m1024-t2,bw.fogdelta,count,80000,1024,2,8,10,10,4,5,8,155819.5,155819.5,183390,183390,183390,"AMD Ryzen 5 5600GT with Radeon Graphics","Null Device",False
2026-10-08T03:01:52.6687400Z,bandwidth,W1-m1024-t2,bw.waypoints,waypoints,80000,1024,2,8,10,10,4,5,1,23.167,23.167,23.167,23.167,23.167,"AMD Ryzen 5 5600GT with Radeon Graphics","Null Device",False
2026-10-08T03:01:52.6692610Z,bandwidth,W1-m1024-t2,bw.waypoints.smoothed,waypoints,80000,1024,2,8,10,10,4,5,1,2.759,2.759,2.759,2.759,2.759,"AMD Ryzen 5 5600GT with Radeon Graphics","Null Device",False
2026-10-08T03:01:52.6697540Z,bandwidth,W1-m1024-t2,bw.waypoints.saved,share,80000,1024,2,8,10,10,4,5,1,0.881,0.881,0.881,0.881,0.881,"AMD Ryzen 5 5600GT with Radeon Graphics","Null Device",False
2026-10-08T03:01:52.6725840Z,bandwidth,W1-m1024-t2,bw.units,units,80000,1024,2,8,10,10,4,5,1,79979,79979,79979,79979,79979,"AMD Ryzen 5 5600GT with Radeon Graphics","Null Device",False
2026-10-08T03:01:52.6770020Z,bandwidth,W1-m1024-t2,bw.units.engaged,share,80000,1024,2,8,10,10,4,5,1,0.033,0.033,0.033,0.033,0.033,"AMD Ryzen 5 5600GT with Radeon Graphics","Null Device",False
2026-10-08T03:01:52.6776280Z,bandwidth,W1-m1024-t2,bw.units.ordered,share,80000,1024,2,8,10,10,4,5,1,0.985,0.985,0.985,0.985,0.985,"AMD Ryzen 5 5600GT with Radeon Graphics","Null Device",False
2026-10-08T03:01:52.6784810Z,bandwidth,W1-m1024-t2,bw.allowed,units,80000,1024,2,8,10,10,4,5,1,39992,39992,39992,39992,39992,"AMD Ryzen 5 5600GT with Radeon Graphics","Null Device",False
2026-10-08T03:01:52.6789520Z,bandwidth,W1-m1024-t2,bw.corrections.perunit,corrections,80000,1024,2,8,10,10,4,5,1,0.046,0.046,0.046,0.046,0.046,"AMD Ryzen 5 5600GT with Radeon Graphics","Null Device",False
2026-10-08T03:01:52.6800500Z,bandwidth,W1-m1024-t2,bw.error.all.mean,tiles,80000,1024,2,8,10,10,4,5,1,0.264,0.264,0.264,0.264,0.264,"AMD Ryzen 5 5600GT with Radeon Graphics","Null Device",False
2026-10-08T03:01:52.6806000Z,bandwidth,W1-m1024-t2,bw.error.all.p50,tiles,80000,1024,2,8,10,10,4,5,1,0.063,0.063,0.063,0.063,0.063,"AMD Ryzen 5 5600GT with Radeon Graphics","Null Device",False
2026-10-08T03:01:52.6810550Z,bandwidth,W1-m1024-t2,bw.error.all.p95,tiles,80000,1024,2,8,10,10,4,5,1,1.453,1.453,1.453,1.453,1.453,"AMD Ryzen 5 5600GT with Radeon Graphics","Null Device",False
2026-10-08T03:01:52.6814960Z,bandwidth,W1-m1024-t2,bw.error.all.p99,tiles,80000,1024,2,8,10,10,4,5,1,1.891,1.891,1.891,1.891,1.891,"AMD Ryzen 5 5600GT with Radeon Graphics","Null Device",False
2026-10-08T03:01:52.6819810Z,bandwidth,W1-m1024-t2,bw.error.view.mean,tiles,80000,1024,2,8,10,10,4,5,1,0.29,0.29,0.29,0.29,0.29,"AMD Ryzen 5 5600GT with Radeon Graphics","Null Device",False
2026-10-08T03:01:52.6824260Z,bandwidth,W1-m1024-t2,bw.error.view.p50,tiles,80000,1024,2,8,10,10,4,5,1,0.078,0.078,0.078,0.078,0.078,"AMD Ryzen 5 5600GT with Radeon Graphics","Null Device",False
2026-10-08T03:01:52.6828510Z,bandwidth,W1-m1024-t2,bw.error.view.p95,tiles,80000,1024,2,8,10,10,4,5,1,0.938,0.938,0.938,0.938,0.938,"AMD Ryzen 5 5600GT with Radeon Graphics","Null Device",False
2026-10-08T03:01:52.6832970Z,bandwidth,W1-m1024-t2,bw.error.view.p99,tiles,80000,1024,2,8,10,10,4,5,1,1,1,1,1,1,"AMD Ryzen 5 5600GT with Radeon Graphics","Null Device",False
2026-10-08T03:01:52.6837970Z,bandwidth,W1-m1024-t2,bw.error.raw.mean,tiles,80000,1024,2,8,10,10,4,5,1,1.184,1.184,1.184,1.184,1.184,"AMD Ryzen 5 5600GT with Radeon Graphics","Null Device",False
2026-10-08T03:01:52.6842430Z,bandwidth,W1-m1024-t2,bw.error.raw.p50,tiles,80000,1024,2,8,10,10,4,5,1,1.109,1.109,1.109,1.109,1.109,"AMD Ryzen 5 5600GT with Radeon Graphics","Null Device",False
2026-10-08T03:01:52.6847560Z,bandwidth,W1-m1024-t2,bw.error.raw.p95,tiles,80000,1024,2,8,10,10,4,5,1,2.234,2.234,2.234,2.234,2.234,"AMD Ryzen 5 5600GT with Radeon Graphics","Null Device",False
2026-10-08T03:01:52.6852330Z,bandwidth,W1-m1024-t2,bw.error.raw.p99,tiles,80000,1024,2,8,10,10,4,5,1,2.781,2.781,2.781,2.781,2.781,"AMD Ryzen 5 5600GT with Radeon Graphics","Null Device",False
2026-10-08T03:01:52.6857920Z,bandwidth,W1-m1024-t2,bw.error.rawanchored.mean,tiles,80000,1024,2,8,10,10,4,5,1,1.242,1.242,1.242,1.242,1.242,"AMD Ryzen 5 5600GT with Radeon Graphics","Null Device",False
2026-10-08T03:01:52.6862630Z,bandwidth,W1-m1024-t2,bw.error.rawanchored.p50,tiles,80000,1024,2,8,10,10,4,5,1,1.172,1.172,1.172,1.172,1.172,"AMD Ryzen 5 5600GT with Radeon Graphics","Null Device",False
2026-10-08T03:01:52.6867200Z,bandwidth,W1-m1024-t2,bw.error.rawanchored.p95,tiles,80000,1024,2,8,10,10,4,5,1,2.266,2.266,2.266,2.266,2.266,"AMD Ryzen 5 5600GT with Radeon Graphics","Null Device",False
2026-10-08T03:01:52.6871630Z,bandwidth,W1-m1024-t2,bw.error.rawanchored.p99,tiles,80000,1024,2,8,10,10,4,5,1,2.797,2.797,2.797,2.797,2.797,"AMD Ryzen 5 5600GT with Radeon Graphics","Null Device",False
2026-10-08T03:01:52.6876890Z,bandwidth,W1-m1024-t2,bw.checks.anchored,share,80000,1024,2,8,10,10,4,5,1,0.879,0.879,0.879,0.879,0.879,"AMD Ryzen 5 5600GT with Radeon Graphics","Null Device",False
2026-10-08T03:01:52.6881630Z,bandwidth,W1-m1024-t2,bw.route.live,waypoints,80000,1024,2,8,10,10,4,5,1,5444596,5444596,5444596,5444596,5444596,"AMD Ryzen 5 5600GT with Radeon Graphics","Null Device",False
2026-10-08T03:01:52.6886250Z,bandwidth,W1-m1024-t2,bw.route.arena,MB,80000,1024,2,8,10,10,4,5,1,64,64,64,64,64,"AMD Ryzen 5 5600GT with Radeon Graphics","Null Device",False
2026-10-08T03:03:22.9642550Z,bandwidth,P0,bw.snapshot.bytes,KB,80000,512,8,8,10,10,4,5,8,397.208,401.281,403.532,403.532,403.532,"AMD Ryzen 5 5600GT with Radeon Graphics","Null Device",False
2026-10-08T03:03:22.9741840Z,bandwidth,P0,bw.snapshot.wire,KB,80000,512,8,8,10,10,4,5,8,414.873,419.137,421.464,421.464,421.464,"AMD Ryzen 5 5600GT with Radeon Graphics","Null Device",False
2026-10-08T03:03:22.9747410Z,bandwidth,P0,bw.snapshot.units,units,80000,512,8,8,10,10,4,5,8,20000,20000,20000,20000,20000,"AMD Ryzen 5 5600GT with Radeon Graphics","Null Device",False
2026-10-08T03:03:22.9752500Z,bandwidth,P0,bw.snapshot.seconds,s,80000,512,8,8,10,10,4,5,8,1.621,1.637,1.646,1.646,1.646,"AMD Ryzen 5 5600GT with Radeon Graphics","Null Device",False
2026-10-08T03:03:33.8997240Z,bandwidth,P0,bw.avg,KB/s,80000,512,8,8,10,10,4,5,8,287.695,289.221,299.548,301.443,301.917,"AMD Ryzen 5 5600GT with Radeon Graphics","Null Device",False
2026-10-08T03:03:33.9002650Z,bandwidth,P0,bw.peak1s,KB/s,80000,512,8,8,10,10,4,5,8,496.325,497.509,511.287,512.872,513.268,"AMD Ryzen 5 5600GT with Radeon Graphics","Null Device",False
2026-10-08T03:03:33.9007160Z,bandwidth,P0,bw.wire.avg,KB/s,80000,512,8,8,10,10,4,5,8,310.85,312.708,323.195,325.045,325.507,"AMD Ryzen 5 5600GT with Radeon Graphics","Null Device",False
2026-10-08T03:03:33.9011520Z,bandwidth,P0,bw.wire.peak1s,KB/s,80000,512,8,8,10,10,4,5,8,533.003,534.208,549.056,550.64,551.036,"AMD Ryzen 5 5600GT with Radeon Graphics","Null Device",False
2026-10-08T03:03:33.9015900Z,bandwidth,P0,bw.encode.ms,ms,80000,512,8,8,10,10,4,5,400,2.04,1.821,3.255,4.244,8.201,"AMD Ryzen 5 5600GT with Radeon Graphics","Null Device",False
2026-10-08T03:03:33.9022790Z,bandwidth,P0,bw.interest.ms,ms,80000,512,8,8,10,10,4,5,400,4.776,4.717,5.205,5.786,7.798,"AMD Ryzen 5 5600GT with Radeon Graphics","Null Device",False
2026-10-08T03:03:33.9029000Z,bandwidth,P0,bw.routes.ms,ms,80000,512,8,8,10,10,4,5,400,1.622,0.806,1.303,26.317,53.995,"AMD Ryzen 5 5600GT with Radeon Graphics","Null Device",False
2026-10-08T03:03:33.9034650Z,bandwidth,P0,bw.routes.deferred,units,80000,512,8,8,10,10,4,5,400,0,0,0,0,0,"AMD Ryzen 5 5600GT with Radeon Graphics","Null Device",False
2026-10-08T03:03:33.9055420Z,bandwidth,P0,bw.bytype.moveorder,share,80000,512,8,8,10,10,4,5,8,0.117,0.125,0.131,0.132,0.132,"AMD Ryzen 5 5600GT with Radeon Graphics","Null Device",False
2026-10-08T03:03:33.9060180Z,bandwidth,P0,bw.moveorder,count,80000,512,8,8,10,10,4,5,8,18731.375,19274,19431.8,19451.96,19457,"AMD Ryzen 5 5600GT with Radeon Graphics","Null Device",False
2026-10-08T03:03:33.9065720Z,bandwidth,P0,bw.bytype.correction,share,80000,512,8,8,10,10,4,5,8,0.671,0.674,0.692,0.692,0.692,"AMD Ryzen 5 5600GT with Radeon Graphics","Null Device",False
2026-10-08T03:03:33.9070130Z,bandwidth,P0,bw.correction,count,80000,512,8,8,10,10,4,5,8,1044414.875,1055886.5,1080781.2,1082721.04,1083206,"AMD Ryzen 5 5600GT with Radeon Graphics","Null Device",False
2026-10-08T03:03:33.9074710Z,bandwidth,P0,bw.bytype.health,share,80000,512,8,8,10,10,4,5,8,0.044,0.045,0.046,0.046,0.046,"AMD Ryzen 5 5600GT with Radeon Graphics","Null Device",False
2026-10-08T03:03:33.9079000Z,bandwidth,P0,bw.health,count,80000,512,8,8,10,10,4,5,8,133868.5,136997,137265.9,137267.58,137268,"AMD Ryzen 5 5600GT with Radeon Graphics","Null Device",False
2026-10-08T03:03:33.9083440Z,bandwidth,P0,bw.bytype.enter,share,80000,512,8,8,10,10,4,5,8,0.142,0.135,0.194,0.217,0.223,"AMD Ryzen 5 5600GT with Radeon Graphics","Null Device",False
2026-10-08T03:03:33.9087670Z,bandwidth,P0,bw.enter,count,80000,512,8,8,10,10,4,5,8,34060.25,33313.5,40574.65,43072.53,43697,"AMD Ryzen 5 5600GT with Radeon Graphics","Null Device",False
2026-10-08T03:03:33.9092240Z,bandwidth,P0,bw.bytype.leave,share,80000,512,8,8,10,10,4,5,8,0.01,0.01,0.013,0.013,0.014,"AMD Ryzen 5 5600GT with Radeon Graphics","Null Device",False
2026-10-08T03:03:33.9102640Z,bandwidth,P0,bw.leave,count,80000,512,8,8,10,10,4,5,8,25776.25,24645,32711.5,34808.7,35333,"AMD Ryzen 5 5600GT with Radeon Graphics","Null Device",False
2026-10-08T03:03:33.9107590Z,bandwidth,P0,bw.bytype.explosion,share,80000,512,8,8,10,10,4,5,8,0.011,0.012,0.012,0.012,0.012,"AMD Ryzen 5 5600GT with Radeon Graphics","Null Device",False
2026-10-08T03:03:33.9113050Z,bandwidth,P0,bw.explosion,count,80000,512,8,8,10,10,4,5,8,17835.125,18490,18562.1,18566.02,18567,"AMD Ryzen 5 5600GT with Radeon Graphics","Null Device",False
2026-10-08T03:03:33.9117490Z,bandwidth,P0,bw.bytype.fogdelta,share,80000,512,8,8,10,10,4,5,8,0.003,0.003,0.005,0.005,0.005,"AMD Ryzen 5 5600GT with Radeon Graphics","Null Device",False
2026-10-08T03:03:33.9121850Z,bandwidth,P0,bw.fogdelta,count,80000,512,8,8,10,10,4,5,8,14596.125,12289,23368.5,23578.5,23631,"AMD Ryzen 5 5600GT with Radeon Graphics","Null Device",False
2026-10-08T03:03:33.9126250Z,bandwidth,P0,bw.waypoints,waypoints,80000,512,8,8,10,10,4,5,1,13.97,13.97,13.97,13.97,13.97,"AMD Ryzen 5 5600GT with Radeon Graphics","Null Device",False
2026-10-08T03:03:33.9130570Z,bandwidth,P0,bw.waypoints.smoothed,waypoints,80000,512,8,8,10,10,4,5,1,2.654,2.654,2.654,2.654,2.654,"AMD Ryzen 5 5600GT with Radeon Graphics","Null Device",False
2026-10-08T03:03:33.9134960Z,bandwidth,P0,bw.waypoints.saved,share,80000,512,8,8,10,10,4,5,1,0.81,0.81,0.81,0.81,0.81,"AMD Ryzen 5 5600GT with Radeon Graphics","Null Device",False
2026-10-08T03:03:33.9162380Z,bandwidth,P0,bw.units,units,80000,512,8,8,10,10,4,5,1,78315,78315,78315,78315,78315,"AMD Ryzen 5 5600GT with Radeon Graphics","Null Device",False
2026-10-08T03:03:33.9205900Z,bandwidth,P0,bw.units.engaged,share,80000,512,8,8,10,10,4,5,1,0.039,0.039,0.039,0.039,0.039,"AMD Ryzen 5 5600GT with Radeon Graphics","Null Device",False
2026-10-08T03:03:33.9210840Z,bandwidth,P0,bw.units.ordered,share,80000,512,8,8,10,10,4,5,1,0.837,0.837,0.837,0.837,0.837,"AMD Ryzen 5 5600GT with Radeon Graphics","Null Device",False
2026-10-08T03:03:33.9217200Z,bandwidth,P0,bw.allowed,units,80000,512,8,8,10,10,4,5,1,7859,7859,7859,7859,7859,"AMD Ryzen 5 5600GT with Radeon Graphics","Null Device",False
2026-10-08T03:03:33.9223250Z,bandwidth,P0,bw.corrections.perunit,corrections,80000,512,8,8,10,10,4,5,1,0.333,0.333,0.333,0.333,0.333,"AMD Ryzen 5 5600GT with Radeon Graphics","Null Device",False
2026-10-08T03:03:33.9236700Z,bandwidth,P0,bw.error.all.mean,tiles,80000,512,8,8,10,10,4,5,1,0.064,0.064,0.064,0.064,0.064,"AMD Ryzen 5 5600GT with Radeon Graphics","Null Device",False
2026-10-08T03:03:33.9242690Z,bandwidth,P0,bw.error.all.p50,tiles,80000,512,8,8,10,10,4,5,1,0.063,0.063,0.063,0.063,0.063,"AMD Ryzen 5 5600GT with Radeon Graphics","Null Device",False
2026-10-08T03:03:33.9247720Z,bandwidth,P0,bw.error.all.p95,tiles,80000,512,8,8,10,10,4,5,1,0.203,0.203,0.203,0.203,0.203,"AMD Ryzen 5 5600GT with Radeon Graphics","Null Device",False
2026-10-08T03:03:33.9252490Z,bandwidth,P0,bw.error.all.p99,tiles,80000,512,8,8,10,10,4,5,1,0.25,0.25,0.25,0.25,0.25,"AMD Ryzen 5 5600GT with Radeon Graphics","Null Device",False
2026-10-08T03:03:33.9257470Z,bandwidth,P0,bw.error.view.mean,tiles,80000,512,8,8,10,10,4,5,1,0.064,0.064,0.064,0.064,0.064,"AMD Ryzen 5 5600GT with Radeon Graphics","Null Device",False
2026-10-08T03:03:33.9261960Z,bandwidth,P0,bw.error.view.p50,tiles,80000,512,8,8,10,10,4,5,1,0.063,0.063,0.063,0.063,0.063,"AMD Ryzen 5 5600GT with Radeon Graphics","Null Device",False
2026-10-08T03:03:33.9267070Z,bandwidth,P0,bw.error.view.p95,tiles,80000,512,8,8,10,10,4,5,1,0.203,0.203,0.203,0.203,0.203,"AMD Ryzen 5 5600GT with Radeon Graphics","Null Device",False
2026-10-08T03:03:33.9273930Z,bandwidth,P0,bw.error.view.p99,tiles,80000,512,8,8,10,10,4,5,1,0.25,0.25,0.25,0.25,0.25,"AMD Ryzen 5 5600GT with Radeon Graphics","Null Device",False
2026-10-08T03:03:33.9281600Z,bandwidth,P0,bw.error.raw.mean,tiles,80000,512,8,8,10,10,4,5,1,0.833,0.833,0.833,0.833,0.833,"AMD Ryzen 5 5600GT with Radeon Graphics","Null Device",False
2026-10-08T03:03:33.9288530Z,bandwidth,P0,bw.error.raw.p50,tiles,80000,512,8,8,10,10,4,5,1,0.906,0.906,0.906,0.906,0.906,"AMD Ryzen 5 5600GT with Radeon Graphics","Null Device",False
2026-10-08T03:03:33.9294050Z,bandwidth,P0,bw.error.raw.p95,tiles,80000,512,8,8,10,10,4,5,1,1.563,1.563,1.563,1.563,1.563,"AMD Ryzen 5 5600GT with Radeon Graphics","Null Device",False
2026-10-08T03:03:33.9299670Z,bandwidth,P0,bw.error.raw.p99,tiles,80000,512,8,8,10,10,4,5,1,2.141,2.141,2.141,2.141,2.141,"AMD Ryzen 5 5600GT with Radeon Graphics","Null Device",False
2026-10-08T03:03:33.9305430Z,bandwidth,P0,bw.error.rawanchored.mean,tiles,80000,512,8,8,10,10,4,5,1,0.81,0.81,0.81,0.81,0.81,"AMD Ryzen 5 5600GT with Radeon Graphics","Null Device",False
2026-10-08T03:03:33.9309950Z,bandwidth,P0,bw.error.rawanchored.p50,tiles,80000,512,8,8,10,10,4,5,1,0.922,0.922,0.922,0.922,0.922,"AMD Ryzen 5 5600GT with Radeon Graphics","Null Device",False
2026-10-08T03:03:33.9314440Z,bandwidth,P0,bw.error.rawanchored.p95,tiles,80000,512,8,8,10,10,4,5,1,1.563,1.563,1.563,1.563,1.563,"AMD Ryzen 5 5600GT with Radeon Graphics","Null Device",False
2026-10-08T03:03:33.9318790Z,bandwidth,P0,bw.error.rawanchored.p99,tiles,80000,512,8,8,10,10,4,5,1,2.063,2.063,2.063,2.063,2.063,"AMD Ryzen 5 5600GT with Radeon Graphics","Null Device",False
2026-10-08T03:03:33.9323940Z,bandwidth,P0,bw.checks.anchored,share,80000,512,8,8,10,10,4,5,1,0.931,0.931,0.931,0.931,0.931,"AMD Ryzen 5 5600GT with Radeon Graphics","Null Device",False
2026-10-08T03:03:33.9328410Z,bandwidth,P0,bw.route.live,waypoints,80000,512,8,8,10,10,4,5,1,2091062,2091062,2091062,2091062,2091062,"AMD Ryzen 5 5600GT with Radeon Graphics","Null Device",False
2026-10-08T03:03:33.9332970Z,bandwidth,P0,bw.route.arena,MB,80000,512,8,8,10,10,4,5,1,32,32,32,32,32,"AMD Ryzen 5 5600GT with Radeon Graphics","Null Device",False
2026-10-08T03:03:37.4457550Z,bandwidth,P1,bw.snapshot.bytes,KB,80000,512,8,8,10,10,4,5,8,397.208,401.281,403.532,403.532,403.532,"AMD Ryzen 5 5600GT with Radeon Graphics","Null Device",False
2026-10-08T03:03:37.4555260Z,bandwidth,P1,bw.snapshot.wire,KB,80000,512,8,8,10,10,4,5,8,414.873,419.137,421.464,421.464,421.464,"AMD Ryzen 5 5600GT with Radeon Graphics","Null Device",False
2026-10-08T03:03:37.4560230Z,bandwidth,P1,bw.snapshot.units,units,80000,512,8,8,10,10,4,5,8,20000,20000,20000,20000,20000,"AMD Ryzen 5 5600GT with Radeon Graphics","Null Device",False
2026-10-08T03:03:37.4564990Z,bandwidth,P1,bw.snapshot.seconds,s,80000,512,8,8,10,10,4,5,8,1.621,1.637,1.646,1.646,1.646,"AMD Ryzen 5 5600GT with Radeon Graphics","Null Device",False
2026-10-08T03:03:48.1724190Z,bandwidth,P1,bw.avg,KB/s,80000,512,8,8,10,10,4,5,8,286.278,287.618,298.258,300.316,300.831,"AMD Ryzen 5 5600GT with Radeon Graphics","Null Device",False
2026-10-08T03:03:48.1729880Z,bandwidth,P1,bw.peak1s,KB/s,80000,512,8,8,10,10,4,5,8,496.242,497.374,511.21,512.789,513.184,"AMD Ryzen 5 5600GT with Radeon Graphics","Null Device",False
2026-10-08T03:03:48.1735790Z,bandwidth,P1,bw.wire.avg,KB/s,80000,512,8,8,10,10,4,5,8,309.287,310.92,321.785,323.83,324.341,"AMD Ryzen 5 5600GT with Radeon Graphics","Null Device",False
2026-10-08T03:03:48.1740530Z,bandwidth,P1,bw.wire.peak1s,KB/s,80000,512,8,8,10,10,4,5,8,532.913,534.073,548.978,550.557,550.951,"AMD Ryzen 5 5600GT with Radeon Graphics","Null Device",False
2026-10-08T03:03:48.1745430Z,bandwidth,P1,bw.encode.ms,ms,80000,512,8,8,10,10,4,5,400,2.164,1.953,3.152,3.696,7.791,"AMD Ryzen 5 5600GT with Radeon Graphics","Null Device",False
2026-10-08T03:03:48.1751620Z,bandwidth,P1,bw.interest.ms,ms,80000,512,8,8,10,10,4,5,400,4.748,4.712,5.111,5.405,5.641,"AMD Ryzen 5 5600GT with Radeon Graphics","Null Device",False
2026-10-08T03:03:48.1757710Z,bandwidth,P1,bw.routes.ms,ms,80000,512,8,8,10,10,4,5,400,1.578,0.796,1.227,26.419,54.706,"AMD Ryzen 5 5600GT with Radeon Graphics","Null Device",False
2026-10-08T03:03:48.1763960Z,bandwidth,P1,bw.routes.deferred,units,80000,512,8,8,10,10,4,5,400,0,0,0,0,0,"AMD Ryzen 5 5600GT with Radeon Graphics","Null Device",False
2026-10-08T03:03:48.1783890Z,bandwidth,P1,bw.bytype.moveorder,share,80000,512,8,8,10,10,4,5,8,0.118,0.126,0.131,0.132,0.132,"AMD Ryzen 5 5600GT with Radeon Graphics","Null Device",False
2026-10-08T03:03:48.1789160Z,bandwidth,P1,bw.moveorder,count,80000,512,8,8,10,10,4,5,8,18731.375,19274,19431.8,19451.96,19457,"AMD Ryzen 5 5600GT with Radeon Graphics","Null Device",False
2026-10-08T03:03:48.1795640Z,bandwidth,P1,bw.bytype.correction,share,80000,512,8,8,10,10,4,5,8,0.67,0.673,0.69,0.69,0.69,"AMD Ryzen 5 5600GT with Radeon Graphics","Null Device",False
2026-10-08T03:03:48.1800400Z,bandwidth,P1,bw.correction,count,80000,512,8,8,10,10,4,5,8,1037059.25,1047844.5,1071491.8,1073427.16,1073911,"AMD Ryzen 5 5600GT with Radeon Graphics","Null Device",False
2026-10-08T03:03:48.1805330Z,bandwidth,P1,bw.bytype.health,share,80000,512,8,8,10,10,4,5,8,0.044,0.045,0.046,0.046,0.046,"AMD Ryzen 5 5600GT with Radeon Graphics","Null Device",False
2026-10-08T03:03:48.1809630Z,bandwidth,P1,bw.health,count,80000,512,8,8,10,10,4,5,8,133868.5,136997,137265.9,137267.58,137268,"AMD Ryzen 5 5600GT with Radeon Graphics","Null Device",False
2026-10-08T03:03:48.1814170Z,bandwidth,P1,bw.bytype.enter,share,80000,512,8,8,10,10,4,5,8,0.143,0.136,0.195,0.218,0.223,"AMD Ryzen 5 5600GT with Radeon Graphics","Null Device",False
2026-10-08T03:03:48.1818450Z,bandwidth,P1,bw.enter,count,80000,512,8,8,10,10,4,5,8,34060.25,33313.5,40574.65,43072.53,43697,"AMD Ryzen 5 5600GT with Radeon Graphics","Null Device",False
2026-10-08T03:03:48.1822980Z,bandwidth,P1,bw.bytype.leave,share,80000,512,8,8,10,10,4,5,8,0.01,0.01,0.013,0.013,0.014,"AMD Ryzen 5 5600GT with Radeon Graphics","Null Device",False
2026-10-08T03:03:48.1827340Z,bandwidth,P1,bw.leave,count,80000,512,8,8,10,10,4,5,8,25776.25,24645,32711.5,34808.7,35333,"AMD Ryzen 5 5600GT with Radeon Graphics","Null Device",False
2026-10-08T03:03:48.1832060Z,bandwidth,P1,bw.bytype.explosion,share,80000,512,8,8,10,10,4,5,8,0.011,0.012,0.012,0.012,0.012,"AMD Ryzen 5 5600GT with Radeon Graphics","Null Device",False
2026-10-08T03:03:48.1837410Z,bandwidth,P1,bw.explosion,count,80000,512,8,8,10,10,4,5,8,17835.125,18490,18562.1,18566.02,18567,"AMD Ryzen 5 5600GT with Radeon Graphics","Null Device",False
2026-10-08T03:03:48.1842500Z,bandwidth,P1,bw.bytype.fogdelta,share,80000,512,8,8,10,10,4,5,8,0.003,0.003,0.005,0.005,0.005,"AMD Ryzen 5 5600GT with Radeon Graphics","Null Device",False
2026-10-08T03:03:48.1847350Z,bandwidth,P1,bw.fogdelta,count,80000,512,8,8,10,10,4,5,8,14596.125,12289,23368.5,23578.5,23631,"AMD Ryzen 5 5600GT with Radeon Graphics","Null Device",False
2026-10-08T03:03:48.1852590Z,bandwidth,P1,bw.waypoints,waypoints,80000,512,8,8,10,10,4,5,1,13.97,13.97,13.97,13.97,13.97,"AMD Ryzen 5 5600GT with Radeon Graphics","Null Device",False
2026-10-08T03:03:48.1858840Z,bandwidth,P1,bw.waypoints.smoothed,waypoints,80000,512,8,8,10,10,4,5,1,2.654,2.654,2.654,2.654,2.654,"AMD Ryzen 5 5600GT with Radeon Graphics","Null Device",False
2026-10-08T03:03:48.1865410Z,bandwidth,P1,bw.waypoints.saved,share,80000,512,8,8,10,10,4,5,1,0.81,0.81,0.81,0.81,0.81,"AMD Ryzen 5 5600GT with Radeon Graphics","Null Device",False
2026-10-08T03:03:48.1895790Z,bandwidth,P1,bw.units,units,80000,512,8,8,10,10,4,5,1,78315,78315,78315,78315,78315,"AMD Ryzen 5 5600GT with Radeon Graphics","Null Device",False
2026-10-08T03:03:48.1943800Z,bandwidth,P1,bw.units.engaged,share,80000,512,8,8,10,10,4,5,1,0.039,0.039,0.039,0.039,0.039,"AMD Ryzen 5 5600GT with Radeon Graphics","Null Device",False
2026-10-08T03:03:48.1949010Z,bandwidth,P1,bw.units.ordered,share,80000,512,8,8,10,10,4,5,1,0.837,0.837,0.837,0.837,0.837,"AMD Ryzen 5 5600GT with Radeon Graphics","Null Device",False
2026-10-08T03:03:48.1955470Z,bandwidth,P1,bw.allowed,units,80000,512,8,8,10,10,4,5,1,7859,7859,7859,7859,7859,"AMD Ryzen 5 5600GT with Radeon Graphics","Null Device",False
2026-10-08T03:03:48.1960190Z,bandwidth,P1,bw.corrections.perunit,corrections,80000,512,8,8,10,10,4,5,1,0.33,0.33,0.33,0.33,0.33,"AMD Ryzen 5 5600GT with Radeon Graphics","Null Device",False
2026-10-08T03:03:48.1970760Z,bandwidth,P1,bw.error.all.mean,tiles,80000,512,8,8,10,10,4,5,1,0.064,0.064,0.064,0.064,0.064,"AMD Ryzen 5 5600GT with Radeon Graphics","Null Device",False
2026-10-08T03:03:48.1976270Z,bandwidth,P1,bw.error.all.p50,tiles,80000,512,8,8,10,10,4,5,1,0.063,0.063,0.063,0.063,0.063,"AMD Ryzen 5 5600GT with Radeon Graphics","Null Device",False
2026-10-08T03:03:48.1980890Z,bandwidth,P1,bw.error.all.p95,tiles,80000,512,8,8,10,10,4,5,1,0.203,0.203,0.203,0.203,0.203,"AMD Ryzen 5 5600GT with Radeon Graphics","Null Device",False
2026-10-08T03:03:48.1985750Z,bandwidth,P1,bw.error.all.p99,tiles,80000,512,8,8,10,10,4,5,1,0.25,0.25,0.25,0.25,0.25,"AMD Ryzen 5 5600GT with Radeon Graphics","Null Device",False
2026-10-08T03:03:48.1991250Z,bandwidth,P1,bw.error.view.mean,tiles,80000,512,8,8,10,10,4,5,1,0.064,0.064,0.064,0.064,0.064,"AMD Ryzen 5 5600GT with Radeon Graphics","Null Device",False
2026-10-08T03:03:48.1998260Z,bandwidth,P1,bw.error.view.p50,tiles,80000,512,8,8,10,10,4,5,1,0.063,0.063,0.063,0.063,0.063,"AMD Ryzen 5 5600GT with Radeon Graphics","Null Device",False
2026-10-08T03:03:48.2003600Z,bandwidth,P1,bw.error.view.p95,tiles,80000,512,8,8,10,10,4,5,1,0.203,0.203,0.203,0.203,0.203,"AMD Ryzen 5 5600GT with Radeon Graphics","Null Device",False
2026-10-08T03:03:48.2008020Z,bandwidth,P1,bw.error.view.p99,tiles,80000,512,8,8,10,10,4,5,1,0.25,0.25,0.25,0.25,0.25,"AMD Ryzen 5 5600GT with Radeon Graphics","Null Device",False
2026-10-08T03:03:48.2013200Z,bandwidth,P1,bw.error.raw.mean,tiles,80000,512,8,8,10,10,4,5,1,0.789,0.789,0.789,0.789,0.789,"AMD Ryzen 5 5600GT with Radeon Graphics","Null Device",False
2026-10-08T03:03:48.2017630Z,bandwidth,P1,bw.error.raw.p50,tiles,80000,512,8,8,10,10,4,5,1,0.859,0.859,0.859,0.859,0.859,"AMD Ryzen 5 5600GT with Radeon Graphics","Null Device",False
2026-10-08T03:03:48.2022650Z,bandwidth,P1,bw.error.raw.p95,tiles,80000,512,8,8,10,10,4,5,1,1.359,1.359,1.359,1.359,1.359,"AMD Ryzen 5 5600GT with Radeon Graphics","Null Device",False
2026-10-08T03:03:48.2028610Z,bandwidth,P1,bw.error.raw.p99,tiles,80000,512,8,8,10,10,4,5,1,1.953,1.953,1.953,1.953,1.953,"AMD Ryzen 5 5600GT with Radeon Graphics","Null Device",False
2026-10-08T03:03:48.2033980Z,bandwidth,P1,bw.error.rawanchored.mean,tiles,80000,512,8,8,10,10,4,5,1,0.759,0.759,0.759,0.759,0.759,"AMD Ryzen 5 5600GT with Radeon Graphics","Null Device",False
2026-10-08T03:03:48.2038400Z,bandwidth,P1,bw.error.rawanchored.p50,tiles,80000,512,8,8,10,10,4,5,1,0.875,0.875,0.875,0.875,0.875,"AMD Ryzen 5 5600GT with Radeon Graphics","Null Device",False
2026-10-08T03:03:48.2043860Z,bandwidth,P1,bw.error.rawanchored.p95,tiles,80000,512,8,8,10,10,4,5,1,1.359,1.359,1.359,1.359,1.359,"AMD Ryzen 5 5600GT with Radeon Graphics","Null Device",False
2026-10-08T03:03:48.2048730Z,bandwidth,P1,bw.error.rawanchored.p99,tiles,80000,512,8,8,10,10,4,5,1,1.859,1.859,1.859,1.859,1.859,"AMD Ryzen 5 5600GT with Radeon Graphics","Null Device",False
2026-10-08T03:03:48.2053820Z,bandwidth,P1,bw.checks.anchored,share,80000,512,8,8,10,10,4,5,1,0.886,0.886,0.886,0.886,0.886,"AMD Ryzen 5 5600GT with Radeon Graphics","Null Device",False
2026-10-08T03:03:48.2059740Z,bandwidth,P1,bw.route.live,waypoints,80000,512,8,8,10,10,4,5,1,2091062,2091062,2091062,2091062,2091062,"AMD Ryzen 5 5600GT with Radeon Graphics","Null Device",False
2026-10-08T03:03:48.2065010Z,bandwidth,P1,bw.route.arena,MB,80000,512,8,8,10,10,4,5,1,32,32,32,32,32,"AMD Ryzen 5 5600GT with Radeon Graphics","Null Device",False
2026-10-08T03:03:51.6892580Z,bandwidth,P2,bw.snapshot.bytes,KB,80000,512,8,8,10,10,4,5,8,397.208,401.281,403.532,403.532,403.532,"AMD Ryzen 5 5600GT with Radeon Graphics","Null Device",False
2026-10-08T03:03:51.6991850Z,bandwidth,P2,bw.snapshot.wire,KB,80000,512,8,8,10,10,4,5,8,414.873,419.137,421.464,421.464,421.464,"AMD Ryzen 5 5600GT with Radeon Graphics","Null Device",False
2026-10-08T03:03:51.6996830Z,bandwidth,P2,bw.snapshot.units,units,80000,512,8,8,10,10,4,5,8,20000,20000,20000,20000,20000,"AMD Ryzen 5 5600GT with Radeon Graphics","Null Device",False
2026-10-08T03:03:51.7002720Z,bandwidth,P2,bw.snapshot.seconds,s,80000,512,8,8,10,10,4,5,8,1.621,1.637,1.646,1.646,1.646,"AMD Ryzen 5 5600GT with Radeon Graphics","Null Device",False
2026-10-08T03:04:02.5718390Z,bandwidth,P2,bw.avg,KB/s,80000,512,8,8,10,10,4,5,8,261.864,259.694,278.34,284.923,286.569,"AMD Ryzen 5 5600GT with Radeon Graphics","Null Device",False
2026-10-08T03:04:02.5725400Z,bandwidth,P2,bw.peak1s,KB/s,80000,512,8,8,10,10,4,5,8,454.012,452.841,467.439,467.751,467.829,"AMD Ryzen 5 5600GT with Radeon Graphics","Null Device",False
2026-10-08T03:04:02.5731230Z,bandwidth,P2,bw.wire.avg,KB/s,80000,512,8,8,10,10,4,5,8,282.738,280.32,300.119,307.095,308.839,"AMD Ryzen 5 5600GT with Radeon Graphics","Null Device",False
2026-10-08T03:04:02.5735880Z,bandwidth,P2,bw.wire.peak1s,KB/s,80000,512,8,8,10,10,4,5,8,486.442,485.015,500.789,501.116,501.197,"AMD Ryzen 5 5600GT with Radeon Graphics","Null Device",False
2026-10-08T03:04:02.5740370Z,bandwidth,P2,bw.encode.ms,ms,80000,512,8,8,10,10,4,5,400,2.02,1.893,3.043,3.903,6.982,"AMD Ryzen 5 5600GT with Radeon Graphics","Null Device",False
2026-10-08T03:04:02.5747070Z,bandwidth,P2,bw.interest.ms,ms,80000,512,8,8,10,10,4,5,400,4.773,4.749,5.05,5.234,5.7,"AMD Ryzen 5 5600GT with Radeon Graphics","Null Device",False
2026-10-08T03:04:02.5753080Z,bandwidth,P2,bw.routes.ms,ms,80000,512,8,8,10,10,4,5,400,1.624,0.806,1.263,26.206,55.998,"AMD Ryzen 5 5600GT with Radeon Graphics","Null Device",False
2026-10-08T03:04:02.5759400Z,bandwidth,P2,bw.routes.deferred,units,80000,512,8,8,10,10,4,5,400,0,0,0,0,0,"AMD Ryzen 5 5600GT with Radeon Graphics","Null Device",False
2026-10-08T03:04:02.5782640Z,bandwidth,P2,bw.bytype.moveorder,share,80000,512,8,8,10,10,4,5,8,0.128,0.134,0.145,0.146,0.146,"AMD Ryzen 5 5600GT with Radeon Graphics","Null Device",False
2026-10-08T03:04:02.5790110Z,bandwidth,P2,bw.moveorder,count,80000,512,8,8,10,10,4,5,8,18731.375,19274,19431.8,19451.96,19457,"AMD Ryzen 5 5600GT with Radeon Graphics","Null Device",False
2026-10-08T03:04:02.5797570Z,bandwidth,P2,bw.bytype.correction,share,80000,512,8,8,10,10,4,5,8,0.641,0.647,0.659,0.66,0.66,"AMD Ryzen 5 5600GT with Radeon Graphics","Null Device",False
2026-10-08T03:04:02.5803640Z,bandwidth,P2,bw.correction,count,80000,512,8,8,10,10,4,5,8,729640.125,731094,752438.3,754533.26,755057,"AMD Ryzen 5 5600GT with Radeon Graphics","Null Device",False
2026-10-08T03:04:02.5808180Z,bandwidth,P2,bw.bytype.health,share,80000,512,8,8,10,10,4,5,8,0.048,0.05,0.051,0.051,0.052,"AMD Ryzen 5 5600GT with Radeon Graphics","Null Device",False
2026-10-08T03:04:02.5813150Z,bandwidth,P2,bw.health,count,80000,512,8,8,10,10,4,5,8,133868.5,136997,137265.9,137267.58,137268,"AMD Ryzen 5 5600GT with Radeon Graphics","Null Device",False
2026-10-08T03:04:02.5818930Z,bandwidth,P2,bw.bytype.enter,share,80000,512,8,8,10,10,4,5,8,0.155,0.147,0.206,0.228,0.234,"AMD Ryzen 5 5600GT with Radeon Graphics","Null Device",False
2026-10-08T03:04:02.5823970Z,bandwidth,P2,bw.enter,count,80000,512,8,8,10,10,4,5,8,34060.25,33313.5,40574.65,43072.53,43697,"AMD Ryzen 5 5600GT with Radeon Graphics","Null Device",False
2026-10-08T03:04:02.5829100Z,bandwidth,P2,bw.bytype.leave,share,80000,512,8,8,10,10,4,5,8,0.011,0.011,0.013,0.014,0.014,"AMD Ryzen 5 5600GT with Radeon Graphics","Null Device",False
2026-10-08T03:04:02.5834250Z,bandwidth,P2,bw.leave,count,80000,512,8,8,10,10,4,5,8,25776.25,24645,32711.5,34808.7,35333,"AMD Ryzen 5 5600GT with Radeon Graphics","Null Device",False
2026-10-08T03:04:02.5839050Z,bandwidth,P2,bw.bytype.explosion,share,80000,512,8,8,10,10,4,5,8,0.013,0.013,0.013,0.013,0.013,"AMD Ryzen 5 5600GT with Radeon Graphics","Null Device",False
2026-10-08T03:04:02.5843510Z,bandwidth,P2,bw.explosion,count,80000,512,8,8,10,10,4,5,8,17835.125,18490,18562.1,18566.02,18567,"AMD Ryzen 5 5600GT with Radeon Graphics","Null Device",False
2026-10-08T03:04:02.5847950Z,bandwidth,P2,bw.bytype.fogdelta,share,80000,512,8,8,10,10,4,5,8,0.004,0.003,0.005,0.005,0.005,"AMD Ryzen 5 5600GT with Radeon Graphics","Null Device",False
2026-10-08T03:04:02.5853030Z,bandwidth,P2,bw.fogdelta,count,80000,512,8,8,10,10,4,5,8,14596.125,12289,23368.5,23578.5,23631,"AMD Ryzen 5 5600GT with Radeon Graphics","Null Device",False
2026-10-08T03:04:02.5858970Z,bandwidth,P2,bw.waypoints,waypoints,80000,512,8,8,10,10,4,5,1,13.97,13.97,13.97,13.97,13.97,"AMD Ryzen 5 5600GT with Radeon Graphics","Null Device",False
2026-10-08T03:04:02.5865780Z,bandwidth,P2,bw.waypoints.smoothed,waypoints,80000,512,8,8,10,10,4,5,1,2.654,2.654,2.654,2.654,2.654,"AMD Ryzen 5 5600GT with Radeon Graphics","Null Device",False
2026-10-08T03:04:02.5871390Z,bandwidth,P2,bw.waypoints.saved,share,80000,512,8,8,10,10,4,5,1,0.81,0.81,0.81,0.81,0.81,"AMD Ryzen 5 5600GT with Radeon Graphics","Null Device",False
2026-10-08T03:04:02.5899740Z,bandwidth,P2,bw.units,units,80000,512,8,8,10,10,4,5,1,78315,78315,78315,78315,78315,"AMD Ryzen 5 5600GT with Radeon Graphics","Null Device",False
2026-10-08T03:04:02.5942310Z,bandwidth,P2,bw.units.engaged,share,80000,512,8,8,10,10,4,5,1,0.039,0.039,0.039,0.039,0.039,"AMD Ryzen 5 5600GT with Radeon Graphics","Null Device",False
2026-10-08T03:04:02.5947210Z,bandwidth,P2,bw.units.ordered,share,80000,512,8,8,10,10,4,5,1,0.837,0.837,0.837,0.837,0.837,"AMD Ryzen 5 5600GT with Radeon Graphics","Null Device",False
2026-10-08T03:04:02.5953610Z,bandwidth,P2,bw.allowed,units,80000,512,8,8,10,10,4,5,1,7859,7859,7859,7859,7859,"AMD Ryzen 5 5600GT with Radeon Graphics","Null Device",False
2026-10-08T03:04:02.5959210Z,bandwidth,P2,bw.corrections.perunit,corrections,80000,512,8,8,10,10,4,5,1,0.226,0.226,0.226,0.226,0.226,"AMD Ryzen 5 5600GT with Radeon Graphics","Null Device",False
2026-10-08T03:04:02.5970030Z,bandwidth,P2,bw.error.all.mean,tiles,80000,512,8,8,10,10,4,5,1,0.084,0.084,0.084,0.084,0.084,"AMD Ryzen 5 5600GT with Radeon Graphics","Null Device",False
2026-10-08T03:04:02.5975510Z,bandwidth,P2,bw.error.all.p50,tiles,80000,512,8,8,10,10,4,5,1,0.063,0.063,0.063,0.063,0.063,"AMD Ryzen 5 5600GT with Radeon Graphics","Null Device",False
2026-10-08T03:04:02.5980040Z,bandwidth,P2,bw.error.all.p95,tiles,80000,512,8,8,10,10,4,5,1,0.234,0.234,0.234,0.234,0.234,"AMD Ryzen 5 5600GT with Radeon Graphics","Null Device",False
2026-10-08T03:04:02.5984840Z,bandwidth,P2,bw.error.all.p99,tiles,80000,512,8,8,10,10,4,5,1,0.25,0.25,0.25,0.25,0.25,"AMD Ryzen 5 5600GT with Radeon Graphics","Null Device",False
2026-10-08T03:04:02.5990940Z,bandwidth,P2,bw.error.view.mean,tiles,80000,512,8,8,10,10,4,5,1,0.084,0.084,0.084,0.084,0.084,"AMD Ryzen 5 5600GT with Radeon Graphics","Null Device",False
2026-10-08T03:04:02.5996050Z,bandwidth,P2,bw.error.view.p50,tiles,80000,512,8,8,10,10,4,5,1,0.063,0.063,0.063,0.063,0.063,"AMD Ryzen 5 5600GT with Radeon Graphics","Null Device",False
2026-10-08T03:04:02.6000820Z,bandwidth,P2,bw.error.view.p95,tiles,80000,512,8,8,10,10,4,5,1,0.234,0.234,0.234,0.234,0.234,"AMD Ryzen 5 5600GT with Radeon Graphics","Null Device",False
2026-10-08T03:04:02.6005790Z,bandwidth,P2,bw.error.view.p99,tiles,80000,512,8,8,10,10,4,5,1,0.25,0.25,0.25,0.25,0.25,"AMD Ryzen 5 5600GT with Radeon Graphics","Null Device",False
2026-10-08T03:04:02.6011400Z,bandwidth,P2,bw.error.raw.mean,tiles,80000,512,8,8,10,10,4,5,1,0.449,0.449,0.449,0.449,0.449,"AMD Ryzen 5 5600GT with Radeon Graphics","Null Device",False
2026-10-08T03:04:02.6016640Z,bandwidth,P2,bw.error.raw.p50,tiles,80000,512,8,8,10,10,4,5,1,0.313,0.313,0.313,0.313,0.313,"AMD Ryzen 5 5600GT with Radeon Graphics","Null Device",False
2026-10-08T03:04:02.6021440Z,bandwidth,P2,bw.error.raw.p95,tiles,80000,512,8,8,10,10,4,5,1,1.141,1.141,1.141,1.141,1.141,"AMD Ryzen 5 5600GT with Radeon Graphics","Null Device",False
2026-10-08T03:04:02.6028120Z,bandwidth,P2,bw.error.raw.p99,tiles,80000,512,8,8,10,10,4,5,1,1.906,1.906,1.906,1.906,1.906,"AMD Ryzen 5 5600GT with Radeon Graphics","Null Device",False
2026-10-08T03:04:02.6034190Z,bandwidth,P2,bw.error.rawanchored.mean,tiles,80000,512,8,8,10,10,4,5,1,0.398,0.398,0.398,0.398,0.398,"AMD Ryzen 5 5600GT with Radeon Graphics","Null Device",False
2026-10-08T03:04:02.6041070Z,bandwidth,P2,bw.error.rawanchored.p50,tiles,80000,512,8,8,10,10,4,5,1,0.297,0.297,0.297,0.297,0.297,"AMD Ryzen 5 5600GT with Radeon Graphics","Null Device",False
2026-10-08T03:04:02.6047710Z,bandwidth,P2,bw.error.rawanchored.p95,tiles,80000,512,8,8,10,10,4,5,1,1.109,1.109,1.109,1.109,1.109,"AMD Ryzen 5 5600GT with Radeon Graphics","Null Device",False
2026-10-08T03:04:02.6054340Z,bandwidth,P2,bw.error.rawanchored.p99,tiles,80000,512,8,8,10,10,4,5,1,1.75,1.75,1.75,1.75,1.75,"AMD Ryzen 5 5600GT with Radeon Graphics","Null Device",False
2026-10-08T03:04:02.6063160Z,bandwidth,P2,bw.checks.anchored,share,80000,512,8,8,10,10,4,5,1,0.928,0.928,0.928,0.928,0.928,"AMD Ryzen 5 5600GT with Radeon Graphics","Null Device",False
2026-10-08T03:04:02.6069360Z,bandwidth,P2,bw.route.live,waypoints,80000,512,8,8,10,10,4,5,1,2091062,2091062,2091062,2091062,2091062,"AMD Ryzen 5 5600GT with Radeon Graphics","Null Device",False
2026-10-08T03:04:02.6076010Z,bandwidth,P2,bw.route.arena,MB,80000,512,8,8,10,10,4,5,1,32,32,32,32,32,"AMD Ryzen 5 5600GT with Radeon Graphics","Null Device",False
2026-10-08T03:04:15.3828530Z,bandwidth,P3-t8,bw.snapshot.bytes,KB,80000,512,8,8,10,10,4,5,8,397.208,401.281,403.532,403.532,403.532,"AMD Ryzen 5 5600GT with Radeon Graphics","Null Device",False
2026-10-08T03:04:15.3927000Z,bandwidth,P3-t8,bw.snapshot.wire,KB,80000,512,8,8,10,10,4,5,8,414.873,419.137,421.464,421.464,421.464,"AMD Ryzen 5 5600GT with Radeon Graphics","Null Device",False
2026-10-08T03:04:15.3932040Z,bandwidth,P3-t8,bw.snapshot.units,units,80000,512,8,8,10,10,4,5,8,20000,20000,20000,20000,20000,"AMD Ryzen 5 5600GT with Radeon Graphics","Null Device",False
2026-10-08T03:04:15.3936930Z,bandwidth,P3-t8,bw.snapshot.seconds,s,80000,512,8,8,10,10,4,5,8,1.621,1.637,1.646,1.646,1.646,"AMD Ryzen 5 5600GT with Radeon Graphics","Null Device",False
2026-10-08T03:04:55.9956210Z,bandwidth,P3-t8,bw.avg,KB/s,80000,512,8,8,10,10,4,5,8,242.214,243.511,259,261.195,261.743,"AMD Ryzen 5 5600GT with Radeon Graphics","Null Device",False
2026-10-08T03:04:55.9963040Z,bandwidth,P3-t8,bw.peak1s,KB/s,80000,512,8,8,10,10,4,5,8,358.999,355.626,401.733,415.122,418.47,"AMD Ryzen 5 5600GT with Radeon Graphics","Null Device",False
2026-10-08T03:04:55.9969020Z,bandwidth,P3-t8,bw.wire.avg,KB/s,80000,512,8,8,10,10,4,5,8,261.749,263.38,278.948,280.95,281.451,"AMD Ryzen 5 5600GT with Radeon Graphics","Null Device",False
2026-10-08T03:04:55.9973820Z,bandwidth,P3-t8,bw.wire.peak1s,KB/s,80000,512,8,8,10,10,4,5,8,383.832,379.484,430.636,444.718,448.238,"AMD Ryzen 5 5600GT with Radeon Graphics","Null Device",False
2026-10-08T03:04:55.9978500Z,bandwidth,P3-t8,bw.encode.ms,ms,80000,512,8,8,10,10,4,5,1200,2.197,2.139,3.163,3.93,9.449,"AMD Ryzen 5 5600GT with Radeon Graphics","Null Device",False
2026-10-08T03:04:55.9988200Z,bandwidth,P3-t8,bw.interest.ms,ms,80000,512,8,8,10,10,4,5,1200,4.964,4.916,5.431,5.921,7.946,"AMD Ryzen 5 5600GT with Radeon Graphics","Null Device",False
2026-10-08T03:04:56.0001330Z,bandwidth,P3-t8,bw.routes.ms,ms,80000,512,8,8,10,10,4,5,1200,1.484,1.005,1.536,23.381,53.807,"AMD Ryzen 5 5600GT with Radeon Graphics","Null Device",False
2026-10-08T03:04:56.0013250Z,bandwidth,P3-t8,bw.routes.deferred,units,80000,512,8,8,10,10,4,5,1200,0,0,0,0,0,"AMD Ryzen 5 5600GT with Radeon Graphics","Null Device",False
2026-10-08T03:04:56.0035610Z,bandwidth,P3-t8,bw.bytype.moveorder,share,80000,512,8,8,10,10,4,5,8,0.074,0.073,0.089,0.092,0.093,"AMD Ryzen 5 5600GT with Radeon Graphics","Null Device",False
2026-10-08T03:04:56.0040560Z,bandwidth,P3-t8,bw.moveorder,count,80000,512,8,8,10,10,4,5,8,25839.75,25710.5,26645.85,26833.17,26880,"AMD Ryzen 5 5600GT with Radeon Graphics","Null Device",False
2026-10-08T03:04:56.0045720Z,bandwidth,P3-t8,bw.bytype.correction,share,80000,512,8,8,10,10,4,5,8,0.671,0.667,0.741,0.754,0.757,"AMD Ryzen 5 5600GT with Radeon Graphics","Null Device",False
2026-10-08T03:04:56.0050280Z,bandwidth,P3-t8,bw.correction,count,80000,512,8,8,10,10,4,5,8,1986065.375,2017033.5,2092102.35,2101319.67,2103624,"AMD Ryzen 5 5600GT with Radeon Graphics","Null Device",False
2026-10-08T03:04:56.0055050Z,bandwidth,P3-t8,bw.bytype.health,share,80000,512,8,8,10,10,4,5,8,0.022,0.022,0.024,0.025,0.025,"AMD Ryzen 5 5600GT with Radeon Graphics","Null Device",False
2026-10-08T03:04:56.0060500Z,bandwidth,P3-t8,bw.health,count,80000,512,8,8,10,10,4,5,8,154873.75,154123,165548.15,165584.83,165594,"AMD Ryzen 5 5600GT with Radeon Graphics","Null Device",False
2026-10-08T03:04:56.0068190Z,bandwidth,P3-t8,bw.bytype.enter,share,80000,512,8,8,10,10,4,5,8,0.21,0.205,0.293,0.311,0.315,"AMD Ryzen 5 5600GT with Radeon Graphics","Null Device",False
2026-10-08T03:04:56.0074840Z,bandwidth,P3-t8,bw.enter,count,80000,512,8,8,10,10,4,5,8,77559.875,73264,105148.25,113975.25,116182,"AMD Ryzen 5 5600GT with Radeon Graphics","Null Device",False
2026-10-08T03:04:56.0081430Z,bandwidth,P3-t8,bw.bytype.leave,share,80000,512,8,8,10,10,4,5,8,0.012,0.011,0.016,0.017,0.017,"AMD Ryzen 5 5600GT with Radeon Graphics","Null Device",False
2026-10-08T03:04:56.0087800Z,bandwidth,P3-t8,bw.leave,count,80000,512,8,8,10,10,4,5,8,65540.5,60896,93141.35,102241.07,104516,"AMD Ryzen 5 5600GT with Radeon Graphics","Null Device",False
2026-10-08T03:04:56.0092760Z,bandwidth,P3-t8,bw.bytype.explosion,share,80000,512,8,8,10,10,4,5,8,0.006,0.006,0.007,0.007,0.007,"AMD Ryzen 5 5600GT with Radeon Graphics","Null Device",False
2026-10-08T03:04:56.0097170Z,bandwidth,P3-t8,bw.explosion,count,80000,512,8,8,10,10,4,5,8,23823.5,23535.5,25396.25,25408.85,25412,"AMD Ryzen 5 5600GT with Radeon Graphics","Null Device",False
2026-10-08T03:04:56.0102620Z,bandwidth,P3-t8,bw.bytype.fogdelta,share,80000,512,8,8,10,10,4,5,8,0.003,0.003,0.005,0.006,0.006,"AMD Ryzen 5 5600GT with Radeon Graphics","Null Device",False
2026-10-08T03:04:56.0109100Z,bandwidth,P3-t8,bw.fogdelta,count,80000,512,8,8,10,10,4,5,8,36779.375,33971.5,58635.6,66661.52,68668,"AMD Ryzen 5 5600GT with Radeon Graphics","Null Device",False
2026-10-08T03:04:56.0115350Z,bandwidth,P3-t8,bw.waypoints,waypoints,80000,512,8,8,10,10,4,5,1,14.076,14.076,14.076,14.076,14.076,"AMD Ryzen 5 5600GT with Radeon Graphics","Null Device",False
2026-10-08T03:04:56.0120600Z,bandwidth,P3-t8,bw.waypoints.smoothed,waypoints,80000,512,8,8,10,10,4,5,1,2.5,2.5,2.5,2.5,2.5,"AMD Ryzen 5 5600GT with Radeon Graphics","Null Device",False
2026-10-08T03:04:56.0125760Z,bandwidth,P3-t8,bw.waypoints.saved,share,80000,512,8,8,10,10,4,5,1,0.822,0.822,0.822,0.822,0.822,"AMD Ryzen 5 5600GT with Radeon Graphics","Null Device",False
2026-10-08T03:04:56.0153010Z,bandwidth,P3-t8,bw.units,units,80000,512,8,8,10,10,4,5,1,79964,79964,79964,79964,79964,"AMD Ryzen 5 5600GT with Radeon Graphics","Null Device",False
2026-10-08T03:04:56.0196070Z,bandwidth,P3-t8,bw.units.engaged,share,80000,512,8,8,10,10,4,5,1,0.077,0.077,0.077,0.077,0.077,"AMD Ryzen 5 5600GT with Radeon Graphics","Null Device",False
2026-10-08T03:04:56.0204700Z,bandwidth,P3-t8,bw.units.ordered,share,80000,512,8,8,10,10,4,5,1,0.971,0.971,0.971,0.971,0.971,"AMD Ryzen 5 5600GT with Radeon Graphics","Null Device",False
2026-10-08T03:04:56.0212580Z,bandwidth,P3-t8,bw.allowed,units,80000,512,8,8,10,10,4,5,1,12736,12736,12736,12736,12736,"AMD Ryzen 5 5600GT with Radeon Graphics","Null Device",False
2026-10-08T03:04:56.0219230Z,bandwidth,P3-t8,bw.corrections.perunit,corrections,80000,512,8,8,10,10,4,5,1,0.125,0.125,0.125,0.125,0.125,"AMD Ryzen 5 5600GT with Radeon Graphics","Null Device",False
2026-10-08T03:04:56.0232320Z,bandwidth,P3-t8,bw.error.all.mean,tiles,80000,512,8,8,10,10,4,5,1,0.141,0.141,0.141,0.141,0.141,"AMD Ryzen 5 5600GT with Radeon Graphics","Null Device",False
2026-10-08T03:04:56.0238970Z,bandwidth,P3-t8,bw.error.all.p50,tiles,80000,512,8,8,10,10,4,5,1,0.078,0.078,0.078,0.078,0.078,"AMD Ryzen 5 5600GT with Radeon Graphics","Null Device",False
2026-10-08T03:04:56.0243910Z,bandwidth,P3-t8,bw.error.all.p95,tiles,80000,512,8,8,10,10,4,5,1,0.453,0.453,0.453,0.453,0.453,"AMD Ryzen 5 5600GT with Radeon Graphics","Null Device",False
2026-10-08T03:04:56.0248380Z,bandwidth,P3-t8,bw.error.all.p99,tiles,80000,512,8,8,10,10,4,5,1,0.5,0.5,0.5,0.5,0.5,"AMD Ryzen 5 5600GT with Radeon Graphics","Null Device",False
2026-10-08T03:04:56.0253730Z,bandwidth,P3-t8,bw.error.view.mean,tiles,80000,512,8,8,10,10,4,5,1,0.141,0.141,0.141,0.141,0.141,"AMD Ryzen 5 5600GT with Radeon Graphics","Null Device",False
2026-10-08T03:04:56.0259300Z,bandwidth,P3-t8,bw.error.view.p50,tiles,80000,512,8,8,10,10,4,5,1,0.078,0.078,0.078,0.078,0.078,"AMD Ryzen 5 5600GT with Radeon Graphics","Null Device",False
2026-10-08T03:04:56.0265860Z,bandwidth,P3-t8,bw.error.view.p95,tiles,80000,512,8,8,10,10,4,5,1,0.453,0.453,0.453,0.453,0.453,"AMD Ryzen 5 5600GT with Radeon Graphics","Null Device",False
2026-10-08T03:04:56.0272290Z,bandwidth,P3-t8,bw.error.view.p99,tiles,80000,512,8,8,10,10,4,5,1,0.5,0.5,0.5,0.5,0.5,"AMD Ryzen 5 5600GT with Radeon Graphics","Null Device",False
2026-10-08T03:04:56.0280080Z,bandwidth,P3-t8,bw.error.raw.mean,tiles,80000,512,8,8,10,10,4,5,1,0.891,0.891,0.891,0.891,0.891,"AMD Ryzen 5 5600GT with Radeon Graphics","Null Device",False
2026-10-08T03:04:56.0286610Z,bandwidth,P3-t8,bw.error.raw.p50,tiles,80000,512,8,8,10,10,4,5,1,0.609,0.609,0.609,0.609,0.609,"AMD Ryzen 5 5600GT with Radeon Graphics","Null Device",False
2026-10-08T03:04:56.0293290Z,bandwidth,P3-t8,bw.error.raw.p95,tiles,80000,512,8,8,10,10,4,5,1,1.797,1.797,1.797,1.797,1.797,"AMD Ryzen 5 5600GT with Radeon Graphics","Null Device",False
2026-10-08T03:04:56.0299620Z,bandwidth,P3-t8,bw.error.raw.p99,tiles,80000,512,8,8,10,10,4,5,1,2.594,2.594,2.594,2.594,2.594,"AMD Ryzen 5 5600GT with Radeon Graphics","Null Device",False
2026-10-08T03:04:56.0307210Z,bandwidth,P3-t8,bw.error.rawanchored.mean,tiles,80000,512,8,8,10,10,4,5,1,0.727,0.727,0.727,0.727,0.727,"AMD Ryzen 5 5600GT with Radeon Graphics","Null Device",False
2026-10-08T03:04:56.0313880Z,bandwidth,P3-t8,bw.error.rawanchored.p50,tiles,80000,512,8,8,10,10,4,5,1,0.609,0.609,0.609,0.609,0.609,"AMD Ryzen 5 5600GT with Radeon Graphics","Null Device",False
2026-10-08T03:04:56.0320380Z,bandwidth,P3-t8,bw.error.rawanchored.p95,tiles,80000,512,8,8,10,10,4,5,1,1.75,1.75,1.75,1.75,1.75,"AMD Ryzen 5 5600GT with Radeon Graphics","Null Device",False
2026-10-08T03:04:56.0327010Z,bandwidth,P3-t8,bw.error.rawanchored.p99,tiles,80000,512,8,8,10,10,4,5,1,2.281,2.281,2.281,2.281,2.281,"AMD Ryzen 5 5600GT with Radeon Graphics","Null Device",False
2026-10-08T03:04:56.0333530Z,bandwidth,P3-t8,bw.checks.anchored,share,80000,512,8,8,10,10,4,5,1,0.919,0.919,0.919,0.919,0.919,"AMD Ryzen 5 5600GT with Radeon Graphics","Null Device",False
2026-10-08T03:04:56.0339760Z,bandwidth,P3-t8,bw.route.live,waypoints,80000,512,8,8,10,10,4,5,1,3552134,3552134,3552134,3552134,3552134,"AMD Ryzen 5 5600GT with Radeon Graphics","Null Device",False
2026-10-08T03:04:56.0346040Z,bandwidth,P3-t8,bw.route.arena,MB,80000,512,8,8,10,10,4,5,1,32,32,32,32,32,"AMD Ryzen 5 5600GT with Radeon Graphics","Null Device",False
2026-10-08T03:04:59.6781580Z,bandwidth,P4-t8,bw.snapshot.bytes,KB,80000,512,8,8,10,10,4,5,8,397.208,401.281,403.532,403.532,403.532,"AMD Ryzen 5 5600GT with Radeon Graphics","Null Device",False
2026-10-08T03:04:59.6888400Z,bandwidth,P4-t8,bw.snapshot.wire,KB,80000,512,8,8,10,10,4,5,8,414.873,419.137,421.464,421.464,421.464,"AMD Ryzen 5 5600GT with Radeon Graphics","Null Device",False
2026-10-08T03:04:59.6893540Z,bandwidth,P4-t8,bw.snapshot.units,units,80000,512,8,8,10,10,4,5,8,20000,20000,20000,20000,20000,"AMD Ryzen 5 5600GT with Radeon Graphics","Null Device",False
2026-10-08T03:04:59.6898550Z,bandwidth,P4-t8,bw.snapshot.seconds,s,80000,512,8,8,10,10,4,5,8,1.621,1.637,1.646,1.646,1.646,"AMD Ryzen 5 5600GT with Radeon Graphics","Null Device",False
2026-10-08T03:05:40.7506220Z,bandwidth,P4-t8,bw.avg,KB/s,80000,512,8,8,10,10,4,5,8,180.808,182.5,188.913,189.401,189.523,"AMD Ryzen 5 5600GT with Radeon Graphics","Null Device",False
2026-10-08T03:05:40.7514030Z,bandwidth,P4-t8,bw.peak1s,KB/s,80000,512,8,8,10,10,4,5,8,276.01,264.558,326.797,340.279,343.649,"AMD Ryzen 5 5600GT with Radeon Graphics","Null Device",False
2026-10-08T03:05:40.7518860Z,bandwidth,P4-t8,bw.wire.avg,KB/s,80000,512,8,8,10,10,4,5,8,194.892,197.286,204.084,204.865,205.06,"AMD Ryzen 5 5600GT with Radeon Graphics","Null Device",False
2026-10-08T03:05:40.7523450Z,bandwidth,P4-t8,bw.wire.peak1s,KB/s,80000,512,8,8,10,10,4,5,8,295.484,280.43,349.176,363.518,367.104,"AMD Ryzen 5 5600GT with Radeon Graphics","Null Device",False
2026-10-08T03:05:40.7528040Z,bandwidth,P4-t8,bw.encode.ms,ms,80000,512,8,8,10,10,4,5,1200,1.838,1.847,2.586,3.011,6.732,"AMD Ryzen 5 5600GT with Radeon Graphics","Null Device",False
2026-10-08T03:05:40.7537360Z,bandwidth,P4-t8,bw.interest.ms,ms,80000,512,8,8,10,10,4,5,1200,4.947,4.897,5.413,5.771,6.898,"AMD Ryzen 5 5600GT with Radeon Graphics","Null Device",False
2026-10-08T03:05:40.7547810Z,bandwidth,P4-t8,bw.routes.ms,ms,80000,512,8,8,10,10,4,5,1200,1.504,1.03,1.5,23.112,53.123,"AMD Ryzen 5 5600GT with Radeon Graphics","Null Device",False
2026-10-08T03:05:40.7557180Z,bandwidth,P4-t8,bw.routes.deferred,units,80000,512,8,8,10,10,4,5,1200,0,0,0,0,0,"AMD Ryzen 5 5600GT with Radeon Graphics","Null Device",False
2026-10-08T03:05:40.7578000Z,bandwidth,P4-t8,bw.bytype.moveorder,share,80000,512,8,8,10,10,4,5,8,0.099,0.097,0.122,0.13,0.132,"AMD Ryzen 5 5600GT with Radeon Graphics","Null Device",False
2026-10-08T03:05:40.7582980Z,bandwidth,P4-t8,bw.moveorder,count,80000,512,8,8,10,10,4,5,8,25839.75,25710.5,26645.85,26833.17,26880,"AMD Ryzen 5 5600GT with Radeon Graphics","Null Device",False
2026-10-08T03:05:40.7587400Z,bandwidth,P4-t8,bw.bytype.correction,share,80000,512,8,8,10,10,4,5,8,0.56,0.54,0.686,0.704,0.709,"AMD Ryzen 5 5600GT with Radeon Graphics","Null Device",False
2026-10-08T03:05:40.7591630Z,bandwidth,P4-t8,bw.correction,count,80000,512,8,8,10,10,4,5,8,1229531,1173475.5,1546978.45,1570681.29,1576607,"AMD Ryzen 5 5600GT with Radeon Graphics","Null Device",False
2026-10-08T03:05:40.7595970Z,bandwidth,P4-t8,bw.bytype.health,share,80000,512,8,8,10,10,4,5,8,0.03,0.029,0.034,0.035,0.035,"AMD Ryzen 5 5600GT with Radeon Graphics","Null Device",False
2026-10-08T03:05:40.7600210Z,bandwidth,P4-t8,bw.health,count,80000,512,8,8,10,10,4,5,8,154873.75,154123,165548.15,165584.83,165594,"AMD Ryzen 5 5600GT with Radeon Graphics","Null Device",False
2026-10-08T03:05:40.7604830Z,bandwidth,P4-t8,bw.bytype.enter,share,80000,512,8,8,10,10,4,5,8,0.282,0.285,0.404,0.431,0.438,"AMD Ryzen 5 5600GT with Radeon Graphics","Null Device",False
2026-10-08T03:05:40.7609010Z,bandwidth,P4-t8,bw.enter,count,80000,512,8,8,10,10,4,5,8,77559.875,73264,105148.25,113975.25,116182,"AMD Ryzen 5 5600GT with Radeon Graphics","Null Device",False
2026-10-08T03:05:40.7614040Z,bandwidth,P4-t8,bw.bytype.leave,share,80000,512,8,8,10,10,4,5,8,0.016,0.015,0.022,0.024,0.024,"AMD Ryzen 5 5600GT with Radeon Graphics","Null Device",False
2026-10-08T03:05:40.7618470Z,bandwidth,P4-t8,bw.leave,count,80000,512,8,8,10,10,4,5,8,65540.5,60896,93141.35,102241.07,104516,"AMD Ryzen 5 5600GT with Radeon Graphics","Null Device",False
2026-10-08T03:05:40.7622980Z,bandwidth,P4-t8,bw.bytype.explosion,share,80000,512,8,8,10,10,4,5,8,0.008,0.008,0.01,0.01,0.01,"AMD Ryzen 5 5600GT with Radeon Graphics","Null Device",False
2026-10-08T03:05:40.7627210Z,bandwidth,P4-t8,bw.explosion,count,80000,512,8,8,10,10,4,5,8,23823.5,23535.5,25396.25,25408.85,25412,"AMD Ryzen 5 5600GT with Radeon Graphics","Null Device",False
2026-10-08T03:05:40.7631570Z,bandwidth,P4-t8,bw.bytype.fogdelta,share,80000,512,8,8,10,10,4,5,8,0.005,0.004,0.007,0.008,0.008,"AMD Ryzen 5 5600GT with Radeon Graphics","Null Device",False
2026-10-08T03:05:40.7636180Z,bandwidth,P4-t8,bw.fogdelta,count,80000,512,8,8,10,10,4,5,8,36779.375,33971.5,58635.6,66661.52,68668,"AMD Ryzen 5 5600GT with Radeon Graphics","Null Device",False
2026-10-08T03:05:40.7641470Z,bandwidth,P4-t8,bw.waypoints,waypoints,80000,512,8,8,10,10,4,5,1,14.076,14.076,14.076,14.076,14.076,"AMD Ryzen 5 5600GT with Radeon Graphics","Null Device",False
2026-10-08T03:05:40.7646260Z,bandwidth,P4-t8,bw.waypoints.smoothed,waypoints,80000,512,8,8,10,10,4,5,1,2.5,2.5,2.5,2.5,2.5,"AMD Ryzen 5 5600GT with Radeon Graphics","Null Device",False
2026-10-08T03:05:40.7650780Z,bandwidth,P4-t8,bw.waypoints.saved,share,80000,512,8,8,10,10,4,5,1,0.822,0.822,0.822,0.822,0.822,"AMD Ryzen 5 5600GT with Radeon Graphics","Null Device",False
2026-10-08T03:05:40.7678460Z,bandwidth,P4-t8,bw.units,units,80000,512,8,8,10,10,4,5,1,79964,79964,79964,79964,79964,"AMD Ryzen 5 5600GT with Radeon Graphics","Null Device",False
2026-10-08T03:05:40.7720320Z,bandwidth,P4-t8,bw.units.engaged,share,80000,512,8,8,10,10,4,5,1,0.077,0.077,0.077,0.077,0.077,"AMD Ryzen 5 5600GT with Radeon Graphics","Null Device",False
2026-10-08T03:05:40.7725160Z,bandwidth,P4-t8,bw.units.ordered,share,80000,512,8,8,10,10,4,5,1,0.971,0.971,0.971,0.971,0.971,"AMD Ryzen 5 5600GT with Radeon Graphics","Null Device",False
2026-10-08T03:05:40.7731090Z,bandwidth,P4-t8,bw.allowed,units,80000,512,8,8,10,10,4,5,1,12736,12736,12736,12736,12736,"AMD Ryzen 5 5600GT with Radeon Graphics","Null Device",False
2026-10-08T03:05:40.7736110Z,bandwidth,P4-t8,bw.corrections.perunit,corrections,80000,512,8,8,10,10,4,5,1,0.068,0.068,0.068,0.068,0.068,"AMD Ryzen 5 5600GT with Radeon Graphics","Null Device",False
2026-10-08T03:05:40.7749430Z,bandwidth,P4-t8,bw.error.all.mean,tiles,80000,512,8,8,10,10,4,5,1,0.374,0.374,0.374,0.374,0.374,"AMD Ryzen 5 5600GT with Radeon Graphics","Null Device",False
2026-10-08T03:05:40.7755090Z,bandwidth,P4-t8,bw.error.all.p50,tiles,80000,512,8,8,10,10,4,5,1,0.078,0.078,0.078,0.078,0.078,"AMD Ryzen 5 5600GT with Radeon Graphics","Null Device",False
2026-10-08T03:05:40.7759960Z,bandwidth,P4-t8,bw.error.all.p95,tiles,80000,512,8,8,10,10,4,5,1,1.609,1.609,1.609,1.609,1.609,"AMD Ryzen 5 5600GT with Radeon Graphics","Null Device",False
2026-10-08T03:05:40.7764660Z,bandwidth,P4-t8,bw.error.all.p99,tiles,80000,512,8,8,10,10,4,5,1,1.922,1.922,1.922,1.922,1.922,"AMD Ryzen 5 5600GT with Radeon Graphics","Null Device",False
2026-10-08T03:05:40.7769830Z,bandwidth,P4-t8,bw.error.view.mean,tiles,80000,512,8,8,10,10,4,5,1,0.124,0.124,0.124,0.124,0.124,"AMD Ryzen 5 5600GT with Radeon Graphics","Null Device",False
2026-10-08T03:05:40.7774440Z,bandwidth,P4-t8,bw.error.view.p50,tiles,80000,512,8,8,10,10,4,5,1,0.063,0.063,0.063,0.063,0.063,"AMD Ryzen 5 5600GT with Radeon Graphics","Null Device",False
2026-10-08T03:05:40.7778890Z,bandwidth,P4-t8,bw.error.view.p95,tiles,80000,512,8,8,10,10,4,5,1,0.453,0.453,0.453,0.453,0.453,"AMD Ryzen 5 5600GT with Radeon Graphics","Null Device",False
2026-10-08T03:05:40.7783420Z,bandwidth,P4-t8,bw.error.view.p99,tiles,80000,512,8,8,10,10,4,5,1,0.5,0.5,0.5,0.5,0.5,"AMD Ryzen 5 5600GT with Radeon Graphics","Null Device",False
2026-10-08T03:05:40.7788480Z,bandwidth,P4-t8,bw.error.raw.mean,tiles,80000,512,8,8,10,10,4,5,1,0.875,0.875,0.875,0.875,0.875,"AMD Ryzen 5 5600GT with Radeon Graphics","Null Device",False
2026-10-08T03:05:40.7793030Z,bandwidth,P4-t8,bw.error.raw.p50,tiles,80000,512,8,8,10,10,4,5,1,0.75,0.75,0.75,0.75,0.75,"AMD Ryzen 5 5600GT with Radeon Graphics","Null Device",False
2026-10-08T03:05:40.7798420Z,bandwidth,P4-t8,bw.error.raw.p95,tiles,80000,512,8,8,10,10,4,5,1,1.906,1.906,1.906,1.906,1.906,"AMD Ryzen 5 5600GT with Radeon Graphics","Null Device",False
2026-10-08T03:05:40.7803590Z,bandwidth,P4-t8,bw.error.raw.p99,tiles,80000,512,8,8,10,10,4,5,1,2.453,2.453,2.453,2.453,2.453,"AMD Ryzen 5 5600GT with Radeon Graphics","Null Device",False
2026-10-08T03:05:40.7808720Z,bandwidth,P4-t8,bw.error.rawanchored.mean,tiles,80000,512,8,8,10,10,4,5,1,0.856,0.856,0.856,0.856,0.856,"AMD Ryzen 5 5600GT with Radeon Graphics","Null Device",False
2026-10-08T03:05:40.7813290Z,bandwidth,P4-t8,bw.error.rawanchored.p50,tiles,80000,512,8,8,10,10,4,5,1,0.766,0.766,0.766,0.766,0.766,"AMD Ryzen 5 5600GT with Radeon Graphics","Null Device",False
2026-10-08T03:05:40.7818060Z,bandwidth,P4-t8,bw.error.rawanchored.p95,tiles,80000,512,8,8,10,10,4,5,1,1.906,1.906,1.906,1.906,1.906,"AMD Ryzen 5 5600GT with Radeon Graphics","Null Device",False
2026-10-08T03:05:40.7822690Z,bandwidth,P4-t8,bw.error.rawanchored.p99,tiles,80000,512,8,8,10,10,4,5,1,2.406,2.406,2.406,2.406,2.406,"AMD Ryzen 5 5600GT with Radeon Graphics","Null Device",False
2026-10-08T03:05:40.7827850Z,bandwidth,P4-t8,bw.checks.anchored,share,80000,512,8,8,10,10,4,5,1,0.927,0.927,0.927,0.927,0.927,"AMD Ryzen 5 5600GT with Radeon Graphics","Null Device",False
2026-10-08T03:05:40.7832450Z,bandwidth,P4-t8,bw.route.live,waypoints,80000,512,8,8,10,10,4,5,1,3552134,3552134,3552134,3552134,3552134,"AMD Ryzen 5 5600GT with Radeon Graphics","Null Device",False
2026-10-08T03:05:40.7837080Z,bandwidth,P4-t8,bw.route.arena,MB,80000,512,8,8,10,10,4,5,1,32,32,32,32,32,"AMD Ryzen 5 5600GT with Radeon Graphics","Null Device",False
2026-10-08T03:05:44.4086430Z,bandwidth,P3-t2,bw.snapshot.bytes,KB,80000,512,2,8,10,10,4,5,8,799.978,799.978,813.665,813.665,813.665,"AMD Ryzen 5 5600GT with Radeon Graphics","Null Device",False
2026-10-08T03:05:44.4189530Z,bandwidth,P3-t2,bw.snapshot.wire,KB,80000,512,2,8,10,10,4,5,8,835.561,835.561,849.884,849.884,849.884,"AMD Ryzen 5 5600GT with Radeon Graphics","Null Device",False
2026-10-08T03:05:44.4194590Z,bandwidth,P3-t2,bw.snapshot.units,units,80000,512,2,8,10,10,4,5,8,40000,40000,40000,40000,40000,"AMD Ryzen 5 5600GT with Radeon Graphics","Null Device",False
2026-10-08T03:05:44.4199410Z,bandwidth,P3-t2,bw.snapshot.seconds,s,80000,512,2,8,10,10,4,5,8,3.264,3.264,3.32,3.32,3.32,"AMD Ryzen 5 5600GT with Radeon Graphics","Null Device",False
2026-10-08T03:06:22.7702050Z,bandwidth,P3-t2,bw.avg,KB/s,80000,512,2,8,10,10,4,5,8,616.152,616.152,633.73,633.73,633.73,"AMD Ryzen 5 5600GT with Radeon Graphics","Null Device",False
2026-10-08T03:06:22.7708350Z,bandwidth,P3-t2,bw.peak1s,KB/s,80000,512,2,8,10,10,4,5,8,818.459,818.459,839.526,839.526,839.526,"AMD Ryzen 5 5600GT with Radeon Graphics","Null Device",False
2026-10-08T03:06:22.7713830Z,bandwidth,P3-t2,bw.wire.avg,KB/s,80000,512,2,8,10,10,4,5,8,668.263,668.263,687.502,687.502,687.502,"AMD Ryzen 5 5600GT with Radeon Graphics","Null Device",False
2026-10-08T03:06:22.7719070Z,bandwidth,P3-t2,bw.wire.peak1s,KB/s,80000,512,2,8,10,10,4,5,8,886.292,886.292,906.71,906.71,906.71,"AMD Ryzen 5 5600GT with Radeon Graphics","Null Device",False
2026-10-08T03:06:22.7724540Z,bandwidth,P3-t2,bw.encode.ms,ms,80000,512,2,8,10,10,4,5,1200,5.274,5.783,7.217,7.994,13.036,"AMD Ryzen 5 5600GT with Radeon Graphics","Null Device",False
2026-10-08T03:06:22.7735130Z,bandwidth,P3-t2,bw.interest.ms,ms,80000,512,2,8,10,10,4,5,1200,2.289,2.223,2.772,3.379,3.948,"AMD Ryzen 5 5600GT with Radeon Graphics","Null Device",False
2026-10-08T03:06:22.7747120Z,bandwidth,P3-t2,bw.routes.ms,ms,80000,512,2,8,10,10,4,5,1200,1.504,1.022,1.465,23.688,55.023,"AMD Ryzen 5 5600GT with Radeon Graphics","Null Device",False
2026-10-08T03:06:22.7758160Z,bandwidth,P3-t2,bw.routes.deferred,units,80000,512,2,8,10,10,4,5,1200,0,0,0,0,0,"AMD Ryzen 5 5600GT with Radeon Graphics","Null Device",False
2026-10-08T03:06:22.7782580Z,bandwidth,P3-t2,bw.bytype.moveorder,share,80000,512,2,8,10,10,4,5,8,0.091,0.091,0.094,0.094,0.094,"AMD Ryzen 5 5600GT with Radeon Graphics","Null Device",False
2026-10-08T03:06:22.7788400Z,bandwidth,P3-t2,bw.moveorder,count,80000,512,2,8,10,10,4,5,8,74222.5,74222.5,74925,74925,74925,"AMD Ryzen 5 5600GT with Radeon Graphics","Null Device",False
2026-10-08T03:06:22.7794360Z,bandwidth,P3-t2,bw.bytype.correction,share,80000,512,2,8,10,10,4,5,8,0.843,0.843,0.847,0.847,0.847,"AMD Ryzen 5 5600GT with Radeon Graphics","Null Device",False
2026-10-08T03:06:22.7799590Z,bandwidth,P3-t2,bw.correction,count,80000,512,2,8,10,10,4,5,8,6463952,6463952,6679382,6679382,6679382,"AMD Ryzen 5 5600GT with Radeon Graphics","Null Device",False
2026-10-08T03:06:22.7804900Z,bandwidth,P3-t2,bw.bytype.health,share,80000,512,2,8,10,10,4,5,8,0.018,0.018,0.018,0.018,0.018,"AMD Ryzen 5 5600GT with Radeon Graphics","Null Device",False
2026-10-08T03:06:22.7810110Z,bandwidth,P3-t2,bw.health,count,80000,512,2,8,10,10,4,5,8,310000,310000,316727,316727,316727,"AMD Ryzen 5 5600GT with Radeon Graphics","Null Device",False
2026-10-08T03:06:22.7815450Z,bandwidth,P3-t2,bw.bytype.enter,share,80000,512,2,8,10,10,4,5,8,0.037,0.037,0.038,0.038,0.038,"AMD Ryzen 5 5600GT with Radeon Graphics","Null Device",False
2026-10-08T03:06:22.7820680Z,bandwidth,P3-t2,bw.enter,count,80000,512,2,8,10,10,4,5,8,87738,87738,88544,88544,88544,"AMD Ryzen 5 5600GT with Radeon Graphics","Null Device",False
2026-10-08T03:06:22.7826130Z,bandwidth,P3-t2,bw.bytype.leave,share,80000,512,2,8,10,10,4,5,8,0.003,0.003,0.003,0.003,0.003,"AMD Ryzen 5 5600GT with Radeon Graphics","Null Device",False
2026-10-08T03:06:22.7831340Z,bandwidth,P3-t2,bw.leave,count,80000,512,2,8,10,10,4,5,8,47756,47756,48571,48571,48571,"AMD Ryzen 5 5600GT with Radeon Graphics","Null Device",False
2026-10-08T03:06:22.7836630Z,bandwidth,P3-t2,bw.bytype.explosion,share,80000,512,2,8,10,10,4,5,8,0.005,0.005,0.005,0.005,0.005,"AMD Ryzen 5 5600GT with Radeon Graphics","Null Device",False
2026-10-08T03:06:22.7842190Z,bandwidth,P3-t2,bw.explosion,count,80000,512,2,8,10,10,4,5,8,47525,47525,48518,48518,48518,"AMD Ryzen 5 5600GT with Radeon Graphics","Null Device",False
2026-10-08T03:06:22.7847360Z,bandwidth,P3-t2,bw.bytype.fogdelta,share,80000,512,2,8,10,10,4,5,8,0.003,0.003,0.004,0.004,0.004,"AMD Ryzen 5 5600GT with Radeon Graphics","Null Device",False
2026-10-08T03:06:22.7852590Z,bandwidth,P3-t2,bw.fogdelta,count,80000,512,2,8,10,10,4,5,8,87328,87328,119743,119743,119743,"AMD Ryzen 5 5600GT with Radeon Graphics","Null Device",False
2026-10-08T03:06:22.7857800Z,bandwidth,P3-t2,bw.waypoints,waypoints,80000,512,2,8,10,10,4,5,1,14.076,14.076,14.076,14.076,14.076,"AMD Ryzen 5 5600GT with Radeon Graphics","Null Device",False
2026-10-08T03:06:22.7863090Z,bandwidth,P3-t2,bw.waypoints.smoothed,waypoints,80000,512,2,8,10,10,4,5,1,2.5,2.5,2.5,2.5,2.5,"AMD Ryzen 5 5600GT with Radeon Graphics","Null Device",False
2026-10-08T03:06:22.7868300Z,bandwidth,P3-t2,bw.waypoints.saved,share,80000,512,2,8,10,10,4,5,1,0.822,0.822,0.822,0.822,0.822,"AMD Ryzen 5 5600GT with Radeon Graphics","Null Device",False
2026-10-08T03:06:22.7899690Z,bandwidth,P3-t2,bw.units,units,80000,512,2,8,10,10,4,5,1,79964,79964,79964,79964,79964,"AMD Ryzen 5 5600GT with Radeon Graphics","Null Device",False
2026-10-08T03:06:22.7948280Z,bandwidth,P3-t2,bw.units.engaged,share,80000,512,2,8,10,10,4,5,1,0.077,0.077,0.077,0.077,0.077,"AMD Ryzen 5 5600GT with Radeon Graphics","Null Device",False
2026-10-08T03:06:22.7954360Z,bandwidth,P3-t2,bw.units.ordered,share,80000,512,2,8,10,10,4,5,1,0.971,0.971,0.971,0.971,0.971,"AMD Ryzen 5 5600GT with Radeon Graphics","Null Device",False
2026-10-08T03:06:22.7961480Z,bandwidth,P3-t2,bw.allowed,units,80000,512,2,8,10,10,4,5,1,39973,39973,39973,39973,39973,"AMD Ryzen 5 5600GT with Radeon Graphics","Null Device",False
2026-10-08T03:06:22.7966800Z,bandwidth,P3-t2,bw.corrections.perunit,corrections,80000,512,2,8,10,10,4,5,1,0.139,0.139,0.139,0.139,0.139,"AMD Ryzen 5 5600GT with Radeon Graphics","Null Device",False
2026-10-08T03:06:22.7978880Z,bandwidth,P3-t2,bw.error.all.mean,tiles,80000,512,2,8,10,10,4,5,1,0.135,0.135,0.135,0.135,0.135,"AMD Ryzen 5 5600GT with Radeon Graphics","Null Device",False
2026-10-08T03:06:22.7984990Z,bandwidth,P3-t2,bw.error.all.p50,tiles,80000,512,2,8,10,10,4,5,1,0.063,0.063,0.063,0.063,0.063,"AMD Ryzen 5 5600GT with Radeon Graphics","Null Device",False
2026-10-08T03:06:22.7990060Z,bandwidth,P3-t2,bw.error.all.p95,tiles,80000,512,2,8,10,10,4,5,1,0.453,0.453,0.453,0.453,0.453,"AMD Ryzen 5 5600GT with Radeon Graphics","Null Device",False
2026-10-08T03:06:22.7995120Z,bandwidth,P3-t2,bw.error.all.p99,tiles,80000,512,2,8,10,10,4,5,1,0.5,0.5,0.5,0.5,0.5,"AMD Ryzen 5 5600GT with Radeon Graphics","Null Device",False
2026-10-08T03:06:22.8000990Z,bandwidth,P3-t2,bw.error.view.mean,tiles,80000,512,2,8,10,10,4,5,1,0.135,0.135,0.135,0.135,0.135,"AMD Ryzen 5 5600GT with Radeon Graphics","Null Device",False
2026-10-08T03:06:22.8005950Z,bandwidth,P3-t2,bw.error.view.p50,tiles,80000,512,2,8,10,10,4,5,1,0.063,0.063,0.063,0.063,0.063,"AMD Ryzen 5 5600GT with Radeon Graphics","Null Device",False
2026-10-08T03:06:22.8010740Z,bandwidth,P3-t2,bw.error.view.p95,tiles,80000,512,2,8,10,10,4,5,1,0.453,0.453,0.453,0.453,0.453,"AMD Ryzen 5 5600GT with Radeon Graphics","Null Device",False
2026-10-08T03:06:22.8015460Z,bandwidth,P3-t2,bw.error.view.p99,tiles,80000,512,2,8,10,10,4,5,1,0.5,0.5,0.5,0.5,0.5,"AMD Ryzen 5 5600GT with Radeon Graphics","Null Device",False
2026-10-08T03:06:22.8020810Z,bandwidth,P3-t2,bw.error.raw.mean,tiles,80000,512,2,8,10,10,4,5,1,0.764,0.764,0.764,0.764,0.764,"AMD Ryzen 5 5600GT with Radeon Graphics","Null Device",False
2026-10-08T03:06:22.8025700Z,bandwidth,P3-t2,bw.error.raw.p50,tiles,80000,512,2,8,10,10,4,5,1,0.656,0.656,0.656,0.656,0.656,"AMD Ryzen 5 5600GT with Radeon Graphics","Null Device",False
2026-10-08T03:06:22.8043900Z,bandwidth,P3-t2,bw.error.raw.p95,tiles,80000,512,2,8,10,10,4,5,1,1.797,1.797,1.797,1.797,1.797,"AMD Ryzen 5 5600GT with Radeon Graphics","Null Device",False
2026-10-08T03:06:22.8048520Z,bandwidth,P3-t2,bw.error.raw.p99,tiles,80000,512,2,8,10,10,4,5,1,2.313,2.313,2.313,2.313,2.313,"AMD Ryzen 5 5600GT with Radeon Graphics","Null Device",False
2026-10-08T03:06:22.8053790Z,bandwidth,P3-t2,bw.error.rawanchored.mean,tiles,80000,512,2,8,10,10,4,5,1,0.773,0.773,0.773,0.773,0.773,"AMD Ryzen 5 5600GT with Radeon Graphics","Null Device",False
2026-10-08T03:06:22.8058410Z,bandwidth,P3-t2,bw.error.rawanchored.p50,tiles,80000,512,2,8,10,10,4,5,1,0.672,0.672,0.672,0.672,0.672,"AMD Ryzen 5 5600GT with Radeon Graphics","Null Device",False
2026-10-08T03:06:22.8063400Z,bandwidth,P3-t2,bw.error.rawanchored.p95,tiles,80000,512,2,8,10,10,4,5,1,1.797,1.797,1.797,1.797,1.797,"AMD Ryzen 5 5600GT with Radeon Graphics","Null Device",False
2026-10-08T03:06:22.8067770Z,bandwidth,P3-t2,bw.error.rawanchored.p99,tiles,80000,512,2,8,10,10,4,5,1,2.313,2.313,2.313,2.313,2.313,"AMD Ryzen 5 5600GT with Radeon Graphics","Null Device",False
2026-10-08T03:06:22.8072730Z,bandwidth,P3-t2,bw.checks.anchored,share,80000,512,2,8,10,10,4,5,1,0.927,0.927,0.927,0.927,0.927,"AMD Ryzen 5 5600GT with Radeon Graphics","Null Device",False
2026-10-08T03:06:22.8077120Z,bandwidth,P3-t2,bw.route.live,waypoints,80000,512,2,8,10,10,4,5,1,3552134,3552134,3552134,3552134,3552134,"AMD Ryzen 5 5600GT with Radeon Graphics","Null Device",False
2026-10-08T03:06:22.8081510Z,bandwidth,P3-t2,bw.route.arena,MB,80000,512,2,8,10,10,4,5,1,32,32,32,32,32,"AMD Ryzen 5 5600GT with Radeon Graphics","Null Device",False
2026-10-08T03:06:26.3369100Z,bandwidth,P4-t2,bw.snapshot.bytes,KB,80000,512,2,8,10,10,4,5,8,799.978,799.978,813.665,813.665,813.665,"AMD Ryzen 5 5600GT with Radeon Graphics","Null Device",False
2026-10-08T03:06:26.3465770Z,bandwidth,P4-t2,bw.snapshot.wire,KB,80000,512,2,8,10,10,4,5,8,835.561,835.561,849.884,849.884,849.884,"AMD Ryzen 5 5600GT with Radeon Graphics","Null Device",False
2026-10-08T03:06:26.3470920Z,bandwidth,P4-t2,bw.snapshot.units,units,80000,512,2,8,10,10,4,5,8,40000,40000,40000,40000,40000,"AMD Ryzen 5 5600GT with Radeon Graphics","Null Device",False
2026-10-08T03:06:26.3475790Z,bandwidth,P4-t2,bw.snapshot.seconds,s,80000,512,2,8,10,10,4,5,8,3.264,3.264,3.32,3.32,3.32,"AMD Ryzen 5 5600GT with Radeon Graphics","Null Device",False
2026-10-08T03:07:02.1046690Z,bandwidth,P4-t2,bw.avg,KB/s,80000,512,2,8,10,10,4,5,8,241.45,236.781,266.191,267.674,268.045,"AMD Ryzen 5 5600GT with Radeon Graphics","Null Device",False
2026-10-08T03:07:02.1052490Z,bandwidth,P4-t2,bw.peak1s,KB/s,80000,512,2,8,10,10,4,5,8,483.67,483.491,495.942,498.691,499.378,"AMD Ryzen 5 5600GT with Radeon Graphics","Null Device",False
2026-10-08T03:07:02.1057370Z,bandwidth,P4-t2,bw.wire.avg,KB/s,80000,512,2,8,10,10,4,5,8,259.949,254.875,286.906,288.482,288.876,"AMD Ryzen 5 5600GT with Radeon Graphics","Null Device",False
2026-10-08T03:07:02.1062160Z,bandwidth,P4-t2,bw.wire.peak1s,KB/s,80000,512,2,8,10,10,4,5,8,508.974,508.575,522.109,525.062,525.8,"AMD Ryzen 5 5600GT with Radeon Graphics","Null Device",False
2026-10-08T03:07:02.1067140Z,bandwidth,P4-t2,bw.encode.ms,ms,80000,512,2,8,10,10,4,5,1200,3.755,3.899,5.096,5.744,11.208,"AMD Ryzen 5 5600GT with Radeon Graphics","Null Device",False
2026-10-08T03:07:02.1076640Z,bandwidth,P4-t2,bw.interest.ms,ms,80000,512,2,8,10,10,4,5,1200,2.24,2.197,2.549,2.862,4.038,"AMD Ryzen 5 5600GT with Radeon Graphics","Null Device",False
2026-10-08T03:07:02.1087220Z,bandwidth,P4-t2,bw.routes.ms,ms,80000,512,2,8,10,10,4,5,1200,1.463,0.995,1.407,23.275,53.108,"AMD Ryzen 5 5600GT with Radeon Graphics","Null Device",False
2026-10-08T03:07:02.1097530Z,bandwidth,P4-t2,bw.routes.deferred,units,80000,512,2,8,10,10,4,5,1200,0,0,0,0,0,"AMD Ryzen 5 5600GT with Radeon Graphics","Null Device",False
2026-10-08T03:07:02.1119150Z,bandwidth,P4-t2,bw.bytype.moveorder,share,80000,512,2,8,10,10,4,5,8,0.226,0.229,0.244,0.246,0.246,"AMD Ryzen 5 5600GT with Radeon Graphics","Null Device",False
2026-10-08T03:07:02.1124320Z,bandwidth,P4-t2,bw.moveorder,count,80000,512,2,8,10,10,4,5,8,74222.5,74222.5,74925,74925,74925,"AMD Ryzen 5 5600GT with Radeon Graphics","Null Device",False
2026-10-08T03:07:02.1128980Z,bandwidth,P4-t2,bw.bytype.correction,share,80000,512,2,8,10,10,4,5,8,0.61,0.604,0.645,0.647,0.647,"AMD Ryzen 5 5600GT with Radeon Graphics","Null Device",False
2026-10-08T03:07:02.1133600Z,bandwidth,P4-t2,bw.correction,count,80000,512,2,8,10,10,4,5,8,1871986,1815192,2175729.25,2191265.05,2195149,"AMD Ryzen 5 5600GT with Radeon Graphics","Null Device",False
2026-10-08T03:07:02.1138400Z,bandwidth,P4-t2,bw.bytype.health,share,80000,512,2,8,10,10,4,5,8,0.043,0.044,0.047,0.047,0.047,"AMD Ryzen 5 5600GT with Radeon Graphics","Null Device",False
2026-10-08T03:07:02.1142950Z,bandwidth,P4-t2,bw.health,count,80000,512,2,8,10,10,4,5,8,310000,310000,316727,316727,316727,"AMD Ryzen 5 5600GT with Radeon Graphics","Null Device",False
2026-10-08T03:07:02.1147460Z,bandwidth,P4-t2,bw.bytype.enter,share,80000,512,2,8,10,10,4,5,8,0.093,0.094,0.1,0.1,0.101,"AMD Ryzen 5 5600GT with Radeon Graphics","Null Device",False
2026-10-08T03:07:02.1151960Z,bandwidth,P4-t2,bw.enter,count,80000,512,2,8,10,10,4,5,8,87738,87738,88544,88544,88544,"AMD Ryzen 5 5600GT with Radeon Graphics","Null Device",False
2026-10-08T03:07:02.1156430Z,bandwidth,P4-t2,bw.bytype.leave,share,80000,512,2,8,10,10,4,5,8,0.008,0.008,0.008,0.008,0.008,"AMD Ryzen 5 5600GT with Radeon Graphics","Null Device",False
2026-10-08T03:07:02.1160820Z,bandwidth,P4-t2,bw.leave,count,80000,512,2,8,10,10,4,5,8,47756,47756,48571,48571,48571,"AMD Ryzen 5 5600GT with Radeon Graphics","Null Device",False
2026-10-08T03:07:02.1165310Z,bandwidth,P4-t2,bw.bytype.explosion,share,80000,512,2,8,10,10,4,5,8,0.012,0.013,0.013,0.013,0.013,"AMD Ryzen 5 5600GT with Radeon Graphics","Null Device",False
2026-10-08T03:07:02.1169700Z,bandwidth,P4-t2,bw.explosion,count,80000,512,2,8,10,10,4,5,8,47525,47525,48518,48518,48518,"AMD Ryzen 5 5600GT with Radeon Graphics","Null Device",False
2026-10-08T03:07:02.1174170Z,bandwidth,P4-t2,bw.bytype.fogdelta,share,80000,512,2,8,10,10,4,5,8,0.008,0.008,0.011,0.012,0.012,"AMD Ryzen 5 5600GT with Radeon Graphics","Null Device",False
2026-10-08T03:07:02.1178810Z,bandwidth,P4-t2,bw.fogdelta,count,80000,512,2,8,10,10,4,5,8,87328,87328,119743,119743,119743,"AMD Ryzen 5 5600GT with Radeon Graphics","Null Device",False
2026-10-08T03:07:02.1183430Z,bandwidth,P4-t2,bw.waypoints,waypoints,80000,512,2,8,10,10,4,5,1,14.076,14.076,14.076,14.076,14.076,"AMD Ryzen 5 5600GT with Radeon Graphics","Null Device",False
2026-10-08T03:07:02.1187820Z,bandwidth,P4-t2,bw.waypoints.smoothed,waypoints,80000,512,2,8,10,10,4,5,1,2.5,2.5,2.5,2.5,2.5,"AMD Ryzen 5 5600GT with Radeon Graphics","Null Device",False
2026-10-08T03:07:02.1192180Z,bandwidth,P4-t2,bw.waypoints.saved,share,80000,512,2,8,10,10,4,5,1,0.822,0.822,0.822,0.822,0.822,"AMD Ryzen 5 5600GT with Radeon Graphics","Null Device",False
2026-10-08T03:07:02.1220720Z,bandwidth,P4-t2,bw.units,units,80000,512,2,8,10,10,4,5,1,79964,79964,79964,79964,79964,"AMD Ryzen 5 5600GT with Radeon Graphics","Null Device",False
2026-10-08T03:07:02.1262290Z,bandwidth,P4-t2,bw.units.engaged,share,80000,512,2,8,10,10,4,5,1,0.077,0.077,0.077,0.077,0.077,"AMD Ryzen 5 5600GT with Radeon Graphics","Null Device",False
2026-10-08T03:07:02.1266780Z,bandwidth,P4-t2,bw.units.ordered,share,80000,512,2,8,10,10,4,5,1,0.971,0.971,0.971,0.971,0.971,"AMD Ryzen 5 5600GT with Radeon Graphics","Null Device",False
2026-10-08T03:07:02.1272680Z,bandwidth,P4-t2,bw.allowed,units,80000,512,2,8,10,10,4,5,1,39973,39973,39973,39973,39973,"AMD Ryzen 5 5600GT with Radeon Graphics","Null Device",False
2026-10-08T03:07:02.1277350Z,bandwidth,P4-t2,bw.corrections.perunit,corrections,80000,512,2,8,10,10,4,5,1,0.035,0.035,0.035,0.035,0.035,"AMD Ryzen 5 5600GT with Radeon Graphics","Null Device",False
2026-10-08T03:07:02.1287920Z,bandwidth,P4-t2,bw.error.all.mean,tiles,80000,512,2,8,10,10,4,5,1,0.536,0.536,0.536,0.536,0.536,"AMD Ryzen 5 5600GT with Radeon Graphics","Null Device",False
2026-10-08T03:07:02.1293280Z,bandwidth,P4-t2,bw.error.all.p50,tiles,80000,512,2,8,10,10,4,5,1,0.141,0.141,0.141,0.141,0.141,"AMD Ryzen 5 5600GT with Radeon Graphics","Null Device",False
2026-10-08T03:07:02.1297730Z,bandwidth,P4-t2,bw.error.all.p95,tiles,80000,512,2,8,10,10,4,5,1,1.797,1.797,1.797,1.797,1.797,"AMD Ryzen 5 5600GT with Radeon Graphics","Null Device",False
2026-10-08T03:07:02.1302170Z,bandwidth,P4-t2,bw.error.all.p99,tiles,80000,512,2,8,10,10,4,5,1,1.969,1.969,1.969,1.969,1.969,"AMD Ryzen 5 5600GT with Radeon Graphics","Null Device",False
2026-10-08T03:07:02.1307100Z,bandwidth,P4-t2,bw.error.view.mean,tiles,80000,512,2,8,10,10,4,5,1,0.124,0.124,0.124,0.124,0.124,"AMD Ryzen 5 5600GT with Radeon Graphics","Null Device",False
2026-10-08T03:07:02.1311350Z,bandwidth,P4-t2,bw.error.view.p50,tiles,80000,512,2,8,10,10,4,5,1,0.063,0.063,0.063,0.063,0.063,"AMD Ryzen 5 5600GT with Radeon Graphics","Null Device",False
2026-10-08T03:07:02.1315590Z,bandwidth,P4-t2,bw.error.view.p95,tiles,80000,512,2,8,10,10,4,5,1,0.453,0.453,0.453,0.453,0.453,"AMD Ryzen 5 5600GT with Radeon Graphics","Null Device",False
2026-10-08T03:07:02.1319710Z,bandwidth,P4-t2,bw.error.view.p99,tiles,80000,512,2,8,10,10,4,5,1,0.5,0.5,0.5,0.5,0.5,"AMD Ryzen 5 5600GT with Radeon Graphics","Null Device",False
2026-10-08T03:07:02.1324630Z,bandwidth,P4-t2,bw.error.raw.mean,tiles,80000,512,2,8,10,10,4,5,1,0.848,0.848,0.848,0.848,0.848,"AMD Ryzen 5 5600GT with Radeon Graphics","Null Device",False
2026-10-08T03:07:02.1328840Z,bandwidth,P4-t2,bw.error.raw.p50,tiles,80000,512,2,8,10,10,4,5,1,0.75,0.75,0.75,0.75,0.75,"AMD Ryzen 5 5600GT with Radeon Graphics","Null Device",False
2026-10-08T03:07:02.1333090Z,bandwidth,P4-t2,bw.error.raw.p95,tiles,80000,512,2,8,10,10,4,5,1,1.906,1.906,1.906,1.906,1.906,"AMD Ryzen 5 5600GT with Radeon Graphics","Null Device",False
2026-10-08T03:07:02.1337560Z,bandwidth,P4-t2,bw.error.raw.p99,tiles,80000,512,2,8,10,10,4,5,1,2.422,2.422,2.422,2.422,2.422,"AMD Ryzen 5 5600GT with Radeon Graphics","Null Device",False
2026-10-08T03:07:02.1342440Z,bandwidth,P4-t2,bw.error.rawanchored.mean,tiles,80000,512,2,8,10,10,4,5,1,0.857,0.857,0.857,0.857,0.857,"AMD Ryzen 5 5600GT with Radeon Graphics","Null Device",False
2026-10-08T03:07:02.1346920Z,bandwidth,P4-t2,bw.error.rawanchored.p50,tiles,80000,512,2,8,10,10,4,5,1,0.766,0.766,0.766,0.766,0.766,"AMD Ryzen 5 5600GT with Radeon Graphics","Null Device",False
2026-10-08T03:07:02.1351560Z,bandwidth,P4-t2,bw.error.rawanchored.p95,tiles,80000,512,2,8,10,10,4,5,1,1.906,1.906,1.906,1.906,1.906,"AMD Ryzen 5 5600GT with Radeon Graphics","Null Device",False
2026-10-08T03:07:02.1356260Z,bandwidth,P4-t2,bw.error.rawanchored.p99,tiles,80000,512,2,8,10,10,4,5,1,2.422,2.422,2.422,2.422,2.422,"AMD Ryzen 5 5600GT with Radeon Graphics","Null Device",False
2026-10-08T03:07:02.1361330Z,bandwidth,P4-t2,bw.checks.anchored,share,80000,512,2,8,10,10,4,5,1,0.928,0.928,0.928,0.928,0.928,"AMD Ryzen 5 5600GT with Radeon Graphics","Null Device",False
2026-10-08T03:07:02.1365680Z,bandwidth,P4-t2,bw.route.live,waypoints,80000,512,2,8,10,10,4,5,1,3552134,3552134,3552134,3552134,3552134,"AMD Ryzen 5 5600GT with Radeon Graphics","Null Device",False
2026-10-08T03:07:02.1369930Z,bandwidth,P4-t2,bw.route.arena,MB,80000,512,2,8,10,10,4,5,1,32,32,32,32,32,"AMD Ryzen 5 5600GT with Radeon Graphics","Null Device",False
