utc,bench,tag,metric,unit,units,map,teams,vision,bvision,large,slice,cell,samples,mean,p50,p95,p99,max,cpu,gpu,debugBuild
2026-10-05T17:14:14.6925440Z,fog,fog-m512-t8-v6-r1,fog.sources,sources,80000,512,8,6,10,10,4,5,8,1659.875,1438.5,2878.65,3371.73,3495,"AMD Ryzen 5 5600GT with Radeon Graphics","Null Device",False
2026-10-05T17:14:14.7026770Z,fog,fog-m512-t8-v6-r1,fog.sources.raw,sources,80000,512,8,6,10,10,4,5,8,9995,10030,10030,10030,10030,"AMD Ryzen 5 5600GT with Radeon Graphics","Null Device",False
2026-10-05T17:14:14.7033920Z,fog,fog-m512-t8-v6-r1,fog.sources.saved,share,80000,512,8,6,10,10,4,5,8,0.833,0.857,0.885,0.885,0.885,"AMD Ryzen 5 5600GT with Radeon Graphics","Null Device",False
2026-10-05T17:14:14.7040960Z,fog,fog-m512-t8-v6-r1,fog.team,ms,80000,512,8,6,10,10,4,5,1200,0.751,0.694,1.084,1.239,2.787,"AMD Ryzen 5 5600GT with Radeon Graphics","Null Device",False
2026-10-05T17:14:14.7059580Z,fog,fog-m512-t8-v6-r1,fog.slice,ms,80000,512,8,6,10,10,4,5,600,1.504,1.441,2.046,2.311,3.385,"AMD Ryzen 5 5600GT with Radeon Graphics","Null Device",False
2026-10-05T17:14:14.7070360Z,fog,fog-m512-t8-v6-r1,fog.slice.busy,ms,80000,512,8,6,10,10,4,5,600,1.504,1.441,2.046,2.311,3.385,"AMD Ryzen 5 5600GT with Radeon Graphics","Null Device",False
2026-10-05T17:14:14.7080910Z,fog,fog-m512-t8-v6-r1,fog.changed,cells,80000,512,8,6,10,10,4,5,1200,50.53,31,176,258.03,457,"AMD Ryzen 5 5600GT with Radeon Graphics","Null Device",False
2026-10-05T17:14:33.4116920Z,fog,fog-m512-t8-v8-r1,fog.sources,sources,80000,512,8,8,10,10,4,5,8,1659.875,1438.5,2878.65,3371.73,3495,"AMD Ryzen 5 5600GT with Radeon Graphics","Null Device",False
2026-10-05T17:14:33.4212830Z,fog,fog-m512-t8-v8-r1,fog.sources.raw,sources,80000,512,8,8,10,10,4,5,8,9995,10030,10030,10030,10030,"AMD Ryzen 5 5600GT with Radeon Graphics","Null Device",False
2026-10-05T17:14:33.4217710Z,fog,fog-m512-t8-v8-r1,fog.sources.saved,share,80000,512,8,8,10,10,4,5,8,0.833,0.857,0.885,0.885,0.885,"AMD Ryzen 5 5600GT with Radeon Graphics","Null Device",False
2026-10-05T17:14:33.4222140Z,fog,fog-m512-t8-v8-r1,fog.team,ms,80000,512,8,8,10,10,4,5,1200,0.924,0.84,1.365,1.533,2.215,"AMD Ryzen 5 5600GT with Radeon Graphics","Null Device",False
2026-10-05T17:14:33.4233480Z,fog,fog-m512-t8-v8-r1,fog.slice,ms,80000,512,8,8,10,10,4,5,600,1.85,1.762,2.599,2.935,3.371,"AMD Ryzen 5 5600GT with Radeon Graphics","Null Device",False
2026-10-05T17:14:33.4239910Z,fog,fog-m512-t8-v8-r1,fog.slice.busy,ms,80000,512,8,8,10,10,4,5,600,1.85,1.762,2.599,2.935,3.371,"AMD Ryzen 5 5600GT with Radeon Graphics","Null Device",False
2026-10-05T17:14:33.4246010Z,fog,fog-m512-t8-v8-r1,fog.changed,cells,80000,512,8,8,10,10,4,5,1200,51.655,28,195.1,289.01,460,"AMD Ryzen 5 5600GT with Radeon Graphics","Null Device",False
2026-10-05T17:14:52.8058640Z,fog,fog-m512-t8-v12-r1,fog.sources,sources,80000,512,8,12,10,10,4,5,8,1659.875,1438.5,2878.65,3371.73,3495,"AMD Ryzen 5 5600GT with Radeon Graphics","Null Device",False
2026-10-05T17:14:52.8151990Z,fog,fog-m512-t8-v12-r1,fog.sources.raw,sources,80000,512,8,12,10,10,4,5,8,9995,10030,10030,10030,10030,"AMD Ryzen 5 5600GT with Radeon Graphics","Null Device",False
2026-10-05T17:14:52.8156860Z,fog,fog-m512-t8-v12-r1,fog.sources.saved,share,80000,512,8,12,10,10,4,5,8,0.833,0.857,0.885,0.885,0.885,"AMD Ryzen 5 5600GT with Radeon Graphics","Null Device",False
2026-10-05T17:14:52.8161350Z,fog,fog-m512-t8-v12-r1,fog.team,ms,80000,512,8,12,10,10,4,5,1200,1.302,1.162,1.99,2.313,2.543,"AMD Ryzen 5 5600GT with Radeon Graphics","Null Device",False
2026-10-05T17:14:52.8172940Z,fog,fog-m512-t8-v12-r1,fog.slice,ms,80000,512,8,12,10,10,4,5,600,2.606,2.478,3.929,4.374,4.708,"AMD Ryzen 5 5600GT with Radeon Graphics","Null Device",False
2026-10-05T17:14:52.8179700Z,fog,fog-m512-t8-v12-r1,fog.slice.busy,ms,80000,512,8,12,10,10,4,5,600,2.606,2.478,3.929,4.374,4.708,"AMD Ryzen 5 5600GT with Radeon Graphics","Null Device",False
2026-10-05T17:14:52.8186080Z,fog,fog-m512-t8-v12-r1,fog.changed,cells,80000,512,8,12,10,10,4,5,1200,55.536,24,228.1,332.08,567,"AMD Ryzen 5 5600GT with Radeon Graphics","Null Device",False
2026-10-05T17:15:12.3218470Z,fog,fog-m512-t8-v16-r1,fog.sources,sources,80000,512,8,16,10,10,4,5,8,1659.875,1438.5,2878.65,3371.73,3495,"AMD Ryzen 5 5600GT with Radeon Graphics","Null Device",False
2026-10-05T17:15:12.3314080Z,fog,fog-m512-t8-v16-r1,fog.sources.raw,sources,80000,512,8,16,10,10,4,5,8,9995,10030,10030,10030,10030,"AMD Ryzen 5 5600GT with Radeon Graphics","Null Device",False
2026-10-05T17:15:12.3318880Z,fog,fog-m512-t8-v16-r1,fog.sources.saved,share,80000,512,8,16,10,10,4,5,8,0.833,0.857,0.885,0.885,0.885,"AMD Ryzen 5 5600GT with Radeon Graphics","Null Device",False
2026-10-05T17:15:12.3323370Z,fog,fog-m512-t8-v16-r1,fog.team,ms,80000,512,8,16,10,10,4,5,1200,1.628,1.455,2.51,2.964,3.506,"AMD Ryzen 5 5600GT with Radeon Graphics","Null Device",False
2026-10-05T17:15:12.3335620Z,fog,fog-m512-t8-v16-r1,fog.slice,ms,80000,512,8,16,10,10,4,5,600,3.257,2.986,4.906,5.843,6.801,"AMD Ryzen 5 5600GT with Radeon Graphics","Null Device",False
2026-10-05T17:15:12.3345140Z,fog,fog-m512-t8-v16-r1,fog.slice.busy,ms,80000,512,8,16,10,10,4,5,600,3.257,2.986,4.906,5.843,6.801,"AMD Ryzen 5 5600GT with Radeon Graphics","Null Device",False
2026-10-05T17:15:12.3354560Z,fog,fog-m512-t8-v16-r1,fog.changed,cells,80000,512,8,16,10,10,4,5,1200,63.512,28,276,377.22,638,"AMD Ryzen 5 5600GT with Radeon Graphics","Null Device",False
2026-10-05T17:15:32.8288860Z,fog,fog-m512-t8-v24-r1,fog.sources,sources,80000,512,8,24,10,10,4,5,8,1659.875,1438.5,2878.65,3371.73,3495,"AMD Ryzen 5 5600GT with Radeon Graphics","Null Device",False
2026-10-05T17:15:32.8383340Z,fog,fog-m512-t8-v24-r1,fog.sources.raw,sources,80000,512,8,24,10,10,4,5,8,9995,10030,10030,10030,10030,"AMD Ryzen 5 5600GT with Radeon Graphics","Null Device",False
2026-10-05T17:15:32.8388210Z,fog,fog-m512-t8-v24-r1,fog.sources.saved,share,80000,512,8,24,10,10,4,5,8,0.833,0.857,0.885,0.885,0.885,"AMD Ryzen 5 5600GT with Radeon Graphics","Null Device",False
2026-10-05T17:15:32.8392720Z,fog,fog-m512-t8-v24-r1,fog.team,ms,80000,512,8,24,10,10,4,5,1200,2.234,1.984,3.564,4.25,6.282,"AMD Ryzen 5 5600GT with Radeon Graphics","Null Device",False
2026-10-05T17:15:32.8404740Z,fog,fog-m512-t8-v24-r1,fog.slice,ms,80000,512,8,24,10,10,4,5,600,4.47,4.027,6.973,8.371,10.864,"AMD Ryzen 5 5600GT with Radeon Graphics","Null Device",False
2026-10-05T17:15:32.8411540Z,fog,fog-m512-t8-v24-r1,fog.slice.busy,ms,80000,512,8,24,10,10,4,5,600,4.47,4.027,6.973,8.371,10.864,"AMD Ryzen 5 5600GT with Radeon Graphics","Null Device",False
2026-10-05T17:15:32.8418080Z,fog,fog-m512-t8-v24-r1,fog.changed,cells,80000,512,8,24,10,10,4,5,1200,79.767,39.5,357.2,503.07,821,"AMD Ryzen 5 5600GT with Radeon Graphics","Null Device",False
2026-10-05T17:15:53.8880340Z,fog,fog-m512-t8-v32-r1,fog.sources,sources,80000,512,8,32,10,10,4,5,8,1659.875,1438.5,2878.65,3371.73,3495,"AMD Ryzen 5 5600GT with Radeon Graphics","Null Device",False
2026-10-05T17:15:53.8978620Z,fog,fog-m512-t8-v32-r1,fog.sources.raw,sources,80000,512,8,32,10,10,4,5,8,9995,10030,10030,10030,10030,"AMD Ryzen 5 5600GT with Radeon Graphics","Null Device",False
2026-10-05T17:15:53.8983620Z,fog,fog-m512-t8-v32-r1,fog.sources.saved,share,80000,512,8,32,10,10,4,5,8,0.833,0.857,0.885,0.885,0.885,"AMD Ryzen 5 5600GT with Radeon Graphics","Null Device",False
2026-10-05T17:15:53.8988380Z,fog,fog-m512-t8-v32-r1,fog.team,ms,80000,512,8,32,10,10,4,5,1200,2.585,2.298,4.2,4.872,6.397,"AMD Ryzen 5 5600GT with Radeon Graphics","Null Device",False
2026-10-05T17:15:53.9000300Z,fog,fog-m512-t8-v32-r1,fog.slice,ms,80000,512,8,32,10,10,4,5,600,5.171,4.644,8.444,10.137,10.941,"AMD Ryzen 5 5600GT with Radeon Graphics","Null Device",False
2026-10-05T17:15:53.9007470Z,fog,fog-m512-t8-v32-r1,fog.slice.busy,ms,80000,512,8,32,10,10,4,5,600,5.171,4.644,8.444,10.137,10.941,"AMD Ryzen 5 5600GT with Radeon Graphics","Null Device",False
2026-10-05T17:15:53.9014200Z,fog,fog-m512-t8-v32-r1,fog.changed,cells,80000,512,8,32,10,10,4,5,1200,99.432,46,476.15,674.04,918,"AMD Ryzen 5 5600GT with Radeon Graphics","Null Device",False
2026-10-05T17:16:12.7386980Z,fog,fog-m512-t8-bv20-r1,fog.sources,sources,80000,512,8,8,20,10,4,5,8,1659.875,1438.5,2878.65,3371.73,3495,"AMD Ryzen 5 5600GT with Radeon Graphics","Null Device",False
2026-10-05T17:16:12.7479810Z,fog,fog-m512-t8-bv20-r1,fog.sources.raw,sources,80000,512,8,8,20,10,4,5,8,9995,10030,10030,10030,10030,"AMD Ryzen 5 5600GT with Radeon Graphics","Null Device",False
2026-10-05T17:16:12.7484490Z,fog,fog-m512-t8-bv20-r1,fog.sources.saved,share,80000,512,8,8,20,10,4,5,8,0.833,0.857,0.885,0.885,0.885,"AMD Ryzen 5 5600GT with Radeon Graphics","Null Device",False
2026-10-05T17:16:12.7488890Z,fog,fog-m512-t8-bv20-r1,fog.team,ms,80000,512,8,8,20,10,4,5,1200,0.964,0.871,1.437,1.726,2.902,"AMD Ryzen 5 5600GT with Radeon Graphics","Null Device",False
2026-10-05T17:16:12.7500610Z,fog,fog-m512-t8-bv20-r1,fog.slice,ms,80000,512,8,8,20,10,4,5,600,1.93,1.816,2.793,3.27,3.793,"AMD Ryzen 5 5600GT with Radeon Graphics","Null Device",False
2026-10-05T17:16:12.7507370Z,fog,fog-m512-t8-bv20-r1,fog.slice.busy,ms,80000,512,8,8,20,10,4,5,600,1.93,1.816,2.793,3.27,3.793,"AMD Ryzen 5 5600GT with Radeon Graphics","Null Device",False
2026-10-05T17:16:12.7513660Z,fog,fog-m512-t8-bv20-r1,fog.changed,cells,80000,512,8,8,20,10,4,5,1200,49.746,24,195.05,289.01,448,"AMD Ryzen 5 5600GT with Radeon Graphics","Null Device",False
2026-10-05T17:16:31.0100520Z,fog,fog-m512-t2-v6-r1,fog.sources,sources,80000,512,2,6,10,10,4,5,2,6635,6635,8085.8,8214.76,8247,"AMD Ryzen 5 5600GT with Radeon Graphics","Null Device",False
2026-10-05T17:16:31.0196650Z,fog,fog-m512-t2-v6-r1,fog.sources.raw,sources,80000,512,2,6,10,10,4,5,2,39981,39981,40105.2,40116.24,40119,"AMD Ryzen 5 5600GT with Radeon Graphics","Null Device",False
2026-10-05T17:16:31.0201510Z,fog,fog-m512-t2-v6-r1,fog.sources.saved,share,80000,512,2,6,10,10,4,5,2,0.834,0.834,0.871,0.874,0.875,"AMD Ryzen 5 5600GT with Radeon Graphics","Null Device",False
2026-10-05T17:16:31.0206040Z,fog,fog-m512-t2-v6-r1,fog.team,ms,80000,512,2,6,10,10,4,5,300,1.992,1.978,2.658,2.889,4.874,"AMD Ryzen 5 5600GT with Radeon Graphics","Null Device",False
2026-10-05T17:16:31.0213490Z,fog,fog-m512-t2-v6-r1,fog.slice,ms,80000,512,2,6,10,10,4,5,600,0.997,0.665,2.475,2.879,4.876,"AMD Ryzen 5 5600GT with Radeon Graphics","Null Device",False
2026-10-05T17:16:31.0219900Z,fog,fog-m512-t2-v6-r1,fog.slice.busy,ms,80000,512,2,6,10,10,4,5,300,1.993,1.979,2.659,2.89,4.876,"AMD Ryzen 5 5600GT with Radeon Graphics","Null Device",False
2026-10-05T17:16:31.0225250Z,fog,fog-m512-t2-v6-r1,fog.changed,cells,80000,512,2,6,10,10,4,5,300,119.877,104,273.1,331.01,366,"AMD Ryzen 5 5600GT with Radeon Graphics","Null Device",False
2026-10-05T17:16:49.3098410Z,fog,fog-m512-t2-v8-r1,fog.sources,sources,80000,512,2,8,10,10,4,5,2,6635,6635,8085.8,8214.76,8247,"AMD Ryzen 5 5600GT with Radeon Graphics","Null Device",False
2026-10-05T17:16:49.3198940Z,fog,fog-m512-t2-v8-r1,fog.sources.raw,sources,80000,512,2,8,10,10,4,5,2,39981,39981,40105.2,40116.24,40119,"AMD Ryzen 5 5600GT with Radeon Graphics","Null Device",False
2026-10-05T17:16:49.3204070Z,fog,fog-m512-t2-v8-r1,fog.sources.saved,share,80000,512,2,8,10,10,4,5,2,0.834,0.834,0.871,0.874,0.875,"AMD Ryzen 5 5600GT with Radeon Graphics","Null Device",False
2026-10-05T17:16:49.3208580Z,fog,fog-m512-t2-v8-r1,fog.team,ms,80000,512,2,8,10,10,4,5,300,2.573,2.471,3.765,4.157,4.323,"AMD Ryzen 5 5600GT with Radeon Graphics","Null Device",False
2026-10-05T17:16:49.3216210Z,fog,fog-m512-t2-v8-r1,fog.slice,ms,80000,512,2,8,10,10,4,5,600,1.287,0.809,3.491,4.103,4.325,"AMD Ryzen 5 5600GT with Radeon Graphics","Null Device",False
2026-10-05T17:16:49.3222570Z,fog,fog-m512-t2-v8-r1,fog.slice.busy,ms,80000,512,2,8,10,10,4,5,300,2.574,2.472,3.766,4.158,4.325,"AMD Ryzen 5 5600GT with Radeon Graphics","Null Device",False
2026-10-05T17:16:49.3228060Z,fog,fog-m512-t2-v8-r1,fog.changed,cells,80000,512,2,8,10,10,4,5,300,135.12,120,322,371.2,471,"AMD Ryzen 5 5600GT with Radeon Graphics","Null Device",False
2026-10-05T17:17:07.9972210Z,fog,fog-m512-t2-v12-r1,fog.sources,sources,80000,512,2,12,10,10,4,5,2,6635,6635,8085.8,8214.76,8247,"AMD Ryzen 5 5600GT with Radeon Graphics","Null Device",False
2026-10-05T17:17:08.0081550Z,fog,fog-m512-t2-v12-r1,fog.sources.raw,sources,80000,512,2,12,10,10,4,5,2,39981,39981,40105.2,40116.24,40119,"AMD Ryzen 5 5600GT with Radeon Graphics","Null Device",False
2026-10-05T17:17:08.0089170Z,fog,fog-m512-t2-v12-r1,fog.sources.saved,share,80000,512,2,12,10,10,4,5,2,0.834,0.834,0.871,0.874,0.875,"AMD Ryzen 5 5600GT with Radeon Graphics","Null Device",False
2026-10-05T17:17:08.0096420Z,fog,fog-m512-t2-v12-r1,fog.team,ms,80000,512,2,12,10,10,4,5,300,3.778,3.73,5.26,5.839,6.25,"AMD Ryzen 5 5600GT with Radeon Graphics","Null Device",False
2026-10-05T17:17:08.0108160Z,fog,fog-m512-t2-v12-r1,fog.slice,ms,80000,512,2,12,10,10,4,5,600,1.89,1.238,4.978,5.575,6.251,"AMD Ryzen 5 5600GT with Radeon Graphics","Null Device",False
2026-10-05T17:17:08.0118860Z,fog,fog-m512-t2-v12-r1,fog.slice.busy,ms,80000,512,2,12,10,10,4,5,300,3.779,3.732,5.262,5.84,6.251,"AMD Ryzen 5 5600GT with Radeon Graphics","Null Device",False
2026-10-05T17:17:08.0127350Z,fog,fog-m512-t2-v12-r1,fog.changed,cells,80000,512,2,12,10,10,4,5,300,159.837,130,405.1,488.03,616,"AMD Ryzen 5 5600GT with Radeon Graphics","Null Device",False
2026-10-05T17:17:26.9943730Z,fog,fog-m512-t2-v16-r1,fog.sources,sources,80000,512,2,16,10,10,4,5,2,6635,6635,8085.8,8214.76,8247,"AMD Ryzen 5 5600GT with Radeon Graphics","Null Device",False
2026-10-05T17:17:27.0064070Z,fog,fog-m512-t2-v16-r1,fog.sources.raw,sources,80000,512,2,16,10,10,4,5,2,39981,39981,40105.2,40116.24,40119,"AMD Ryzen 5 5600GT with Radeon Graphics","Null Device",False
2026-10-05T17:17:27.0071330Z,fog,fog-m512-t2-v16-r1,fog.sources.saved,share,80000,512,2,16,10,10,4,5,2,0.834,0.834,0.871,0.874,0.875,"AMD Ryzen 5 5600GT with Radeon Graphics","Null Device",False
2026-10-05T17:17:27.0077890Z,fog,fog-m512-t2-v16-r1,fog.team,ms,80000,512,2,16,10,10,4,5,300,4.944,4.873,7.327,7.969,9.574,"AMD Ryzen 5 5600GT with Radeon Graphics","Null Device",False
2026-10-05T17:17:27.0086130Z,fog,fog-m512-t2-v16-r1,fog.slice,ms,80000,512,2,16,10,10,4,5,600,2.473,1.484,6.583,7.64,9.576,"AMD Ryzen 5 5600GT with Radeon Graphics","Null Device",False
2026-10-05T17:17:27.0092940Z,fog,fog-m512-t2-v16-r1,fog.slice.busy,ms,80000,512,2,16,10,10,4,5,300,4.945,4.874,7.329,7.97,9.576,"AMD Ryzen 5 5600GT with Radeon Graphics","Null Device",False
2026-10-05T17:17:27.0098700Z,fog,fog-m512-t2-v16-r1,fog.changed,cells,80000,512,2,16,10,10,4,5,300,191.85,152.5,475.1,573.01,680,"AMD Ryzen 5 5600GT with Radeon Graphics","Null Device",False
2026-10-05T17:17:46.5863600Z,fog,fog-m512-t2-v24-r1,fog.sources,sources,80000,512,2,24,10,10,4,5,2,6635,6635,8085.8,8214.76,8247,"AMD Ryzen 5 5600GT with Radeon Graphics","Null Device",False
2026-10-05T17:17:46.5957640Z,fog,fog-m512-t2-v24-r1,fog.sources.raw,sources,80000,512,2,24,10,10,4,5,2,39981,39981,40105.2,40116.24,40119,"AMD Ryzen 5 5600GT with Radeon Graphics","Null Device",False
2026-10-05T17:17:46.5962720Z,fog,fog-m512-t2-v24-r1,fog.sources.saved,share,80000,512,2,24,10,10,4,5,2,0.834,0.834,0.871,0.874,0.875,"AMD Ryzen 5 5600GT with Radeon Graphics","Null Device",False
2026-10-05T17:17:46.5967580Z,fog,fog-m512-t2-v24-r1,fog.team,ms,80000,512,2,24,10,10,4,5,300,6.749,6.505,9.837,10.59,10.979,"AMD Ryzen 5 5600GT with Radeon Graphics","Null Device",False
2026-10-05T17:17:46.5976400Z,fog,fog-m512-t2-v24-r1,fog.slice,ms,80000,512,2,24,10,10,4,5,600,3.375,2.261,9.09,10.405,10.981,"AMD Ryzen 5 5600GT with Radeon Graphics","Null Device",False
2026-10-05T17:17:46.5983890Z,fog,fog-m512-t2-v24-r1,fog.slice.busy,ms,80000,512,2,24,10,10,4,5,300,6.75,6.506,9.838,10.591,10.981,"AMD Ryzen 5 5600GT with Radeon Graphics","Null Device",False
2026-10-05T17:17:46.5990000Z,fog,fog-m512-t2-v24-r1,fog.changed,cells,80000,512,2,24,10,10,4,5,300,254.35,173,631.1,737.13,784,"AMD Ryzen 5 5600GT with Radeon Graphics","Null Device",False
2026-10-05T17:18:06.5478090Z,fog,fog-m512-t2-v32-r1,fog.sources,sources,80000,512,2,32,10,10,4,5,2,6635,6635,8085.8,8214.76,8247,"AMD Ryzen 5 5600GT with Radeon Graphics","Null Device",False
2026-10-05T17:18:06.5571000Z,fog,fog-m512-t2-v32-r1,fog.sources.raw,sources,80000,512,2,32,10,10,4,5,2,39981,39981,40105.2,40116.24,40119,"AMD Ryzen 5 5600GT with Radeon Graphics","Null Device",False
2026-10-05T17:18:06.5576000Z,fog,fog-m512-t2-v32-r1,fog.sources.saved,share,80000,512,2,32,10,10,4,5,2,0.834,0.834,0.871,0.874,0.875,"AMD Ryzen 5 5600GT with Radeon Graphics","Null Device",False
2026-10-05T17:18:06.5580490Z,fog,fog-m512-t2-v32-r1,fog.team,ms,80000,512,2,32,10,10,4,5,300,7.953,7.653,11.874,12.813,13.111,"AMD Ryzen 5 5600GT with Radeon Graphics","Null Device",False
2026-10-05T17:18:06.5588120Z,fog,fog-m512-t2-v32-r1,fog.slice,ms,80000,512,2,32,10,10,4,5,600,3.977,2.687,10.649,12.299,13.113,"AMD Ryzen 5 5600GT with Radeon Graphics","Null Device",False
2026-10-05T17:18:06.5594760Z,fog,fog-m512-t2-v32-r1,fog.slice.busy,ms,80000,512,2,32,10,10,4,5,300,7.954,7.655,11.875,12.815,13.113,"AMD Ryzen 5 5600GT with Radeon Graphics","Null Device",False
2026-10-05T17:18:06.5600170Z,fog,fog-m512-t2-v32-r1,fog.changed,cells,80000,512,2,32,10,10,4,5,300,328.557,207.5,832.1,928.13,1012,"AMD Ryzen 5 5600GT with Radeon Graphics","Null Device",False
2026-10-05T17:18:25.0157420Z,fog,fog-m512-t2-bv20-r1,fog.sources,sources,80000,512,2,8,20,10,4,5,2,6635,6635,8085.8,8214.76,8247,"AMD Ryzen 5 5600GT with Radeon Graphics","Null Device",False
2026-10-05T17:18:25.0251970Z,fog,fog-m512-t2-bv20-r1,fog.sources.raw,sources,80000,512,2,8,20,10,4,5,2,39981,39981,40105.2,40116.24,40119,"AMD Ryzen 5 5600GT with Radeon Graphics","Null Device",False
2026-10-05T17:18:25.0256980Z,fog,fog-m512-t2-bv20-r1,fog.sources.saved,share,80000,512,2,8,20,10,4,5,2,0.834,0.834,0.871,0.874,0.875,"AMD Ryzen 5 5600GT with Radeon Graphics","Null Device",False
2026-10-05T17:18:25.0261520Z,fog,fog-m512-t2-bv20-r1,fog.team,ms,80000,512,2,8,20,10,4,5,300,2.667,2.609,3.751,4.133,4.684,"AMD Ryzen 5 5600GT with Radeon Graphics","Null Device",False
2026-10-05T17:18:25.0269790Z,fog,fog-m512-t2-bv20-r1,fog.slice,ms,80000,512,2,8,20,10,4,5,600,1.334,0.884,3.476,3.98,4.685,"AMD Ryzen 5 5600GT with Radeon Graphics","Null Device",False
2026-10-05T17:18:25.0277160Z,fog,fog-m512-t2-bv20-r1,fog.slice.busy,ms,80000,512,2,8,20,10,4,5,300,2.669,2.61,3.752,4.135,4.685,"AMD Ryzen 5 5600GT with Radeon Graphics","Null Device",False
2026-10-05T17:18:25.0282620Z,fog,fog-m512-t2-bv20-r1,fog.changed,cells,80000,512,2,8,20,10,4,5,300,127.847,92.5,320.05,365.25,463,"AMD Ryzen 5 5600GT with Radeon Graphics","Null Device",False
2026-10-05T17:18:45.2870710Z,fog,fog-m1024-t8-v6-r1,fog.sources,sources,80000,1024,8,6,10,10,4,5,8,1536.25,1363.5,2953.2,3549.04,3698,"AMD Ryzen 5 5600GT with Radeon Graphics","Null Device",False
2026-10-05T17:18:45.2969290Z,fog,fog-m1024-t8-v6-r1,fog.sources.raw,sources,80000,1024,8,6,10,10,4,5,8,10023.125,10030,10030,10030,10030,"AMD Ryzen 5 5600GT with Radeon Graphics","Null Device",False
2026-10-05T17:18:45.2974770Z,fog,fog-m1024-t8-v6-r1,fog.sources.saved,share,80000,1024,8,6,10,10,4,5,8,0.847,0.864,0.93,0.951,0.956,"AMD Ryzen 5 5600GT with Radeon Graphics","Null Device",False
2026-10-05T17:18:45.2979720Z,fog,fog-m1024-t8-v6-r1,fog.team,ms,80000,1024,8,6,10,10,4,5,1200,1.095,1.028,1.544,1.866,4.333,"AMD Ryzen 5 5600GT with Radeon Graphics","Null Device",False
2026-10-05T17:18:45.2993930Z,fog,fog-m1024-t8-v6-r1,fog.slice,ms,80000,1024,8,6,10,10,4,5,600,2.192,2.077,3.046,3.493,7.053,"AMD Ryzen 5 5600GT with Radeon Graphics","Null Device",False
2026-10-05T17:18:45.3001820Z,fog,fog-m1024-t8-v6-r1,fog.slice.busy,ms,80000,1024,8,6,10,10,4,5,600,2.192,2.077,3.046,3.493,7.053,"AMD Ryzen 5 5600GT with Radeon Graphics","Null Device",False
2026-10-05T17:18:45.3009090Z,fog,fog-m1024-t8-v6-r1,fog.changed,cells,80000,1024,8,6,10,10,4,5,1200,55.723,16,203.05,265,568,"AMD Ryzen 5 5600GT with Radeon Graphics","Null Device",False
2026-10-05T17:19:05.7638900Z,fog,fog-m1024-t8-v8-r1,fog.sources,sources,80000,1024,8,8,10,10,4,5,8,1536.25,1363.5,2953.2,3549.04,3698,"AMD Ryzen 5 5600GT with Radeon Graphics","Null Device",False
2026-10-05T17:19:05.7745000Z,fog,fog-m1024-t8-v8-r1,fog.sources.raw,sources,80000,1024,8,8,10,10,4,5,8,10023.125,10030,10030,10030,10030,"AMD Ryzen 5 5600GT with Radeon Graphics","Null Device",False
2026-10-05T17:19:05.7752710Z,fog,fog-m1024-t8-v8-r1,fog.sources.saved,share,80000,1024,8,8,10,10,4,5,8,0.847,0.864,0.93,0.951,0.956,"AMD Ryzen 5 5600GT with Radeon Graphics","Null Device",False
2026-10-05T17:19:05.7760020Z,fog,fog-m1024-t8-v8-r1,fog.team,ms,80000,1024,8,8,10,10,4,5,1200,1.267,1.174,1.895,2.284,2.964,"AMD Ryzen 5 5600GT with Radeon Graphics","Null Device",False
2026-10-05T17:19:05.7778270Z,fog,fog-m1024-t8-v8-r1,fog.slice,ms,80000,1024,8,8,10,10,4,5,600,2.535,2.373,3.657,4.422,5.481,"AMD Ryzen 5 5600GT with Radeon Graphics","Null Device",False
2026-10-05T17:19:05.7786730Z,fog,fog-m1024-t8-v8-r1,fog.slice.busy,ms,80000,1024,8,8,10,10,4,5,600,2.535,2.373,3.657,4.422,5.481,"AMD Ryzen 5 5600GT with Radeon Graphics","Null Device",False
2026-10-05T17:19:05.7792940Z,fog,fog-m1024-t8-v8-r1,fog.changed,cells,80000,1024,8,8,10,10,4,5,1200,58.033,14,227.05,274.04,595,"AMD Ryzen 5 5600GT with Radeon Graphics","Null Device",False
2026-10-05T17:19:26.7685040Z,fog,fog-m1024-t8-v12-r1,fog.sources,sources,80000,1024,8,12,10,10,4,5,8,1536.25,1363.5,2953.2,3549.04,3698,"AMD Ryzen 5 5600GT with Radeon Graphics","Null Device",False
2026-10-05T17:19:26.7779830Z,fog,fog-m1024-t8-v12-r1,fog.sources.raw,sources,80000,1024,8,12,10,10,4,5,8,10023.125,10030,10030,10030,10030,"AMD Ryzen 5 5600GT with Radeon Graphics","Null Device",False
2026-10-05T17:19:26.7784850Z,fog,fog-m1024-t8-v12-r1,fog.sources.saved,share,80000,1024,8,12,10,10,4,5,8,0.847,0.864,0.93,0.951,0.956,"AMD Ryzen 5 5600GT with Radeon Graphics","Null Device",False
2026-10-05T17:19:26.7789380Z,fog,fog-m1024-t8-v12-r1,fog.team,ms,80000,1024,8,12,10,10,4,5,1200,1.616,1.485,2.447,2.778,3.421,"AMD Ryzen 5 5600GT with Radeon Graphics","Null Device",False
2026-10-05T17:19:26.7801130Z,fog,fog-m1024-t8-v12-r1,fog.slice,ms,80000,1024,8,12,10,10,4,5,600,3.233,2.979,4.864,5.453,6.681,"AMD Ryzen 5 5600GT with Radeon Graphics","Null Device",False
2026-10-05T17:19:26.7807910Z,fog,fog-m1024-t8-v12-r1,fog.slice.busy,ms,80000,1024,8,12,10,10,4,5,600,3.233,2.979,4.864,5.453,6.681,"AMD Ryzen 5 5600GT with Radeon Graphics","Null Device",False
2026-10-05T17:19:26.7814540Z,fog,fog-m1024-t8-v12-r1,fog.changed,cells,80000,1024,8,12,10,10,4,5,1200,65.517,13,273.05,351.02,592,"AMD Ryzen 5 5600GT with Radeon Graphics","Null Device",False
2026-10-05T17:19:48.1349750Z,fog,fog-m1024-t8-v16-r1,fog.sources,sources,80000,1024,8,16,10,10,4,5,8,1536.25,1363.5,2953.2,3549.04,3698,"AMD Ryzen 5 5600GT with Radeon Graphics","Null Device",False
2026-10-05T17:19:48.1446360Z,fog,fog-m1024-t8-v16-r1,fog.sources.raw,sources,80000,1024,8,16,10,10,4,5,8,10023.125,10030,10030,10030,10030,"AMD Ryzen 5 5600GT with Radeon Graphics","Null Device",False
2026-10-05T17:19:48.1451350Z,fog,fog-m1024-t8-v16-r1,fog.sources.saved,share,80000,1024,8,16,10,10,4,5,8,0.847,0.864,0.93,0.951,0.956,"AMD Ryzen 5 5600GT with Radeon Graphics","Null Device",False
2026-10-05T17:19:48.1458290Z,fog,fog-m1024-t8-v16-r1,fog.team,ms,80000,1024,8,16,10,10,4,5,1200,1.981,1.836,2.966,3.462,4.207,"AMD Ryzen 5 5600GT with Radeon Graphics","Null Device",False
2026-10-05T17:19:48.1475600Z,fog,fog-m1024-t8-v16-r1,fog.slice,ms,80000,1024,8,16,10,10,4,5,600,3.964,3.622,5.888,6.747,8.001,"AMD Ryzen 5 5600GT with Radeon Graphics","Null Device",False
2026-10-05T17:19:48.1482170Z,fog,fog-m1024-t8-v16-r1,fog.slice.busy,ms,80000,1024,8,16,10,10,4,5,600,3.964,3.622,5.888,6.747,8.001,"AMD Ryzen 5 5600GT with Radeon Graphics","Null Device",False
2026-10-05T17:19:48.1488490Z,fog,fog-m1024-t8-v16-r1,fog.changed,cells,80000,1024,8,16,10,10,4,5,1200,74.709,13,321.05,446.03,582,"AMD Ryzen 5 5600GT with Radeon Graphics","Null Device",False
2026-10-05T17:20:10.2687670Z,fog,fog-m1024-t8-v24-r1,fog.sources,sources,80000,1024,8,24,10,10,4,5,8,1536.25,1363.5,2953.2,3549.04,3698,"AMD Ryzen 5 5600GT with Radeon Graphics","Null Device",False
2026-10-05T17:20:10.2783220Z,fog,fog-m1024-t8-v24-r1,fog.sources.raw,sources,80000,1024,8,24,10,10,4,5,8,10023.125,10030,10030,10030,10030,"AMD Ryzen 5 5600GT with Radeon Graphics","Null Device",False
2026-10-05T17:20:10.2788440Z,fog,fog-m1024-t8-v24-r1,fog.sources.saved,share,80000,1024,8,24,10,10,4,5,8,0.847,0.864,0.93,0.951,0.956,"AMD Ryzen 5 5600GT with Radeon Graphics","Null Device",False
2026-10-05T17:20:10.2793000Z,fog,fog-m1024-t8-v24-r1,fog.team,ms,80000,1024,8,24,10,10,4,5,1200,2.571,2.383,4.051,4.698,5.416,"AMD Ryzen 5 5600GT with Radeon Graphics","Null Device",False
2026-10-05T17:20:10.2805010Z,fog,fog-m1024-t8-v24-r1,fog.slice,ms,80000,1024,8,24,10,10,4,5,600,5.144,4.671,8.038,9.114,10.183,"AMD Ryzen 5 5600GT with Radeon Graphics","Null Device",False
2026-10-05T17:20:10.2811670Z,fog,fog-m1024-t8-v24-r1,fog.slice.busy,ms,80000,1024,8,24,10,10,4,5,600,5.144,4.671,8.038,9.114,10.183,"AMD Ryzen 5 5600GT with Radeon Graphics","Null Device",False
2026-10-05T17:20:10.2818130Z,fog,fog-m1024-t8-v24-r1,fog.changed,cells,80000,1024,8,24,10,10,4,5,1200,99.893,15,435,673.07,907,"AMD Ryzen 5 5600GT with Radeon Graphics","Null Device",False
2026-10-05T17:20:32.9691390Z,fog,fog-m1024-t8-v32-r1,fog.sources,sources,80000,1024,8,32,10,10,4,5,8,1536.25,1363.5,2953.2,3549.04,3698,"AMD Ryzen 5 5600GT with Radeon Graphics","Null Device",False
2026-10-05T17:20:32.9787680Z,fog,fog-m1024-t8-v32-r1,fog.sources.raw,sources,80000,1024,8,32,10,10,4,5,8,10023.125,10030,10030,10030,10030,"AMD Ryzen 5 5600GT with Radeon Graphics","Null Device",False
2026-10-05T17:20:32.9792540Z,fog,fog-m1024-t8-v32-r1,fog.sources.saved,share,80000,1024,8,32,10,10,4,5,8,0.847,0.864,0.93,0.951,0.956,"AMD Ryzen 5 5600GT with Radeon Graphics","Null Device",False
2026-10-05T17:20:32.9797150Z,fog,fog-m1024-t8-v32-r1,fog.team,ms,80000,1024,8,32,10,10,4,5,1200,2.957,2.737,4.754,5.803,6.462,"AMD Ryzen 5 5600GT with Radeon Graphics","Null Device",False
2026-10-05T17:20:32.9808740Z,fog,fog-m1024-t8-v32-r1,fog.slice,ms,80000,1024,8,32,10,10,4,5,600,5.915,5.39,9.269,11.564,12.604,"AMD Ryzen 5 5600GT with Radeon Graphics","Null Device",False
2026-10-05T17:20:32.9815250Z,fog,fog-m1024-t8-v32-r1,fog.slice.busy,ms,80000,1024,8,32,10,10,4,5,600,5.915,5.39,9.269,11.564,12.604,"AMD Ryzen 5 5600GT with Radeon Graphics","Null Device",False
2026-10-05T17:20:32.9821280Z,fog,fog-m1024-t8-v32-r1,fog.changed,cells,80000,1024,8,32,10,10,4,5,1200,118.744,17,519.1,918.2,1206,"AMD Ryzen 5 5600GT with Radeon Graphics","Null Device",False
2026-10-05T17:20:53.4975910Z,fog,fog-m1024-t8-bv20-r1,fog.sources,sources,80000,1024,8,8,20,10,4,5,8,1536.25,1363.5,2953.2,3549.04,3698,"AMD Ryzen 5 5600GT with Radeon Graphics","Null Device",False
2026-10-05T17:20:53.5086010Z,fog,fog-m1024-t8-bv20-r1,fog.sources.raw,sources,80000,1024,8,8,20,10,4,5,8,10023.125,10030,10030,10030,10030,"AMD Ryzen 5 5600GT with Radeon Graphics","Null Device",False
2026-10-05T17:20:53.5090820Z,fog,fog-m1024-t8-bv20-r1,fog.sources.saved,share,80000,1024,8,8,20,10,4,5,8,0.847,0.864,0.93,0.951,0.956,"AMD Ryzen 5 5600GT with Radeon Graphics","Null Device",False
2026-10-05T17:20:53.5095500Z,fog,fog-m1024-t8-bv20-r1,fog.team,ms,80000,1024,8,8,20,10,4,5,1200,1.297,1.233,1.812,2.008,3.798,"AMD Ryzen 5 5600GT with Radeon Graphics","Null Device",False
2026-10-05T17:20:53.5106740Z,fog,fog-m1024-t8-bv20-r1,fog.slice,ms,80000,1024,8,8,20,10,4,5,600,2.595,2.485,3.547,3.884,5.374,"AMD Ryzen 5 5600GT with Radeon Graphics","Null Device",False
2026-10-05T17:20:53.5112980Z,fog,fog-m1024-t8-bv20-r1,fog.slice.busy,ms,80000,1024,8,8,20,10,4,5,600,2.595,2.485,3.547,3.884,5.374,"AMD Ryzen 5 5600GT with Radeon Graphics","Null Device",False
2026-10-05T17:20:53.5118770Z,fog,fog-m1024-t8-bv20-r1,fog.changed,cells,80000,1024,8,8,20,10,4,5,1200,56.472,11,223.05,274.04,592,"AMD Ryzen 5 5600GT with Radeon Graphics","Null Device",False
2026-10-05T17:21:12.9601170Z,fog,fog-m1024-t2-v6-r1,fog.sources,sources,80000,1024,2,6,10,10,4,5,2,6145.5,6145.5,6987.45,7062.29,7081,"AMD Ryzen 5 5600GT with Radeon Graphics","Null Device",False
2026-10-05T17:21:12.9696850Z,fog,fog-m1024-t2-v6-r1,fog.sources.raw,sources,80000,1024,2,6,10,10,4,5,2,40092,40092,40114.5,40116.5,40117,"AMD Ryzen 5 5600GT with Radeon Graphics","Null Device",False
2026-10-05T17:21:12.9701670Z,fog,fog-m1024-t2-v6-r1,fog.sources.saved,share,80000,1024,2,6,10,10,4,5,2,0.847,0.847,0.868,0.87,0.87,"AMD Ryzen 5 5600GT with Radeon Graphics","Null Device",False
2026-10-05T17:21:12.9706410Z,fog,fog-m1024-t2-v6-r1,fog.team,ms,80000,1024,2,6,10,10,4,5,300,2.363,2.275,3.158,3.35,3.581,"AMD Ryzen 5 5600GT with Radeon Graphics","Null Device",False
2026-10-05T17:21:12.9713700Z,fog,fog-m1024-t2-v6-r1,fog.slice,ms,80000,1024,2,6,10,10,4,5,600,1.182,0.863,2.956,3.285,3.582,"AMD Ryzen 5 5600GT with Radeon Graphics","Null Device",False
2026-10-05T17:21:12.9720000Z,fog,fog-m1024-t2-v6-r1,fog.slice.busy,ms,80000,1024,2,6,10,10,4,5,300,2.364,2.276,3.159,3.352,3.582,"AMD Ryzen 5 5600GT with Radeon Graphics","Null Device",False
2026-10-05T17:21:12.9725320Z,fog,fog-m1024-t2-v6-r1,fog.changed,cells,80000,1024,2,6,10,10,4,5,300,149.25,152.5,350.05,402.03,442,"AMD Ryzen 5 5600GT with Radeon Graphics","Null Device",False
2026-10-05T17:21:32.6577390Z,fog,fog-m1024-t2-v8-r1,fog.sources,sources,80000,1024,2,8,10,10,4,5,2,6145.5,6145.5,6987.45,7062.29,7081,"AMD Ryzen 5 5600GT with Radeon Graphics","Null Device",False
2026-10-05T17:21:32.6671640Z,fog,fog-m1024-t2-v8-r1,fog.sources.raw,sources,80000,1024,2,8,10,10,4,5,2,40092,40092,40114.5,40116.5,40117,"AMD Ryzen 5 5600GT with Radeon Graphics","Null Device",False
2026-10-05T17:21:32.6676730Z,fog,fog-m1024-t2-v8-r1,fog.sources.saved,share,80000,1024,2,8,10,10,4,5,2,0.847,0.847,0.868,0.87,0.87,"AMD Ryzen 5 5600GT with Radeon Graphics","Null Device",False
2026-10-05T17:21:32.6681470Z,fog,fog-m1024-t2-v8-r1,fog.team,ms,80000,1024,2,8,10,10,4,5,300,2.943,2.789,4.018,4.246,4.543,"AMD Ryzen 5 5600GT with Radeon Graphics","Null Device",False
2026-10-05T17:21:32.6689680Z,fog,fog-m1024-t2-v8-r1,fog.slice,ms,80000,1024,2,8,10,10,4,5,600,1.472,1.073,3.808,4.215,4.544,"AMD Ryzen 5 5600GT with Radeon Graphics","Null Device",False
2026-10-05T17:21:32.6696670Z,fog,fog-m1024-t2-v8-r1,fog.slice.busy,ms,80000,1024,2,8,10,10,4,5,300,2.944,2.79,4.02,4.247,4.544,"AMD Ryzen 5 5600GT with Radeon Graphics","Null Device",False
2026-10-05T17:21:32.6702150Z,fog,fog-m1024-t2-v8-r1,fog.changed,cells,80000,1024,2,8,10,10,4,5,300,168.62,182.5,398.1,456.33,493,"AMD Ryzen 5 5600GT with Radeon Graphics","Null Device",False
2026-10-05T17:21:52.7405300Z,fog,fog-m1024-t2-v12-r1,fog.sources,sources,80000,1024,2,12,10,10,4,5,2,6145.5,6145.5,6987.45,7062.29,7081,"AMD Ryzen 5 5600GT with Radeon Graphics","Null Device",False
2026-10-05T17:21:52.7501310Z,fog,fog-m1024-t2-v12-r1,fog.sources.raw,sources,80000,1024,2,12,10,10,4,5,2,40092,40092,40114.5,40116.5,40117,"AMD Ryzen 5 5600GT with Radeon Graphics","Null Device",False
2026-10-05T17:21:52.7506360Z,fog,fog-m1024-t2-v12-r1,fog.sources.saved,share,80000,1024,2,12,10,10,4,5,2,0.847,0.847,0.868,0.87,0.87,"AMD Ryzen 5 5600GT with Radeon Graphics","Null Device",False
2026-10-05T17:21:52.7510960Z,fog,fog-m1024-t2-v12-r1,fog.team,ms,80000,1024,2,12,10,10,4,5,300,4.102,3.83,6.128,6.582,7.632,"AMD Ryzen 5 5600GT with Radeon Graphics","Null Device",False
2026-10-05T17:21:52.7518610Z,fog,fog-m1024-t2-v12-r1,fog.slice,ms,80000,1024,2,12,10,10,4,5,600,2.052,1.47,5.673,6.387,7.634,"AMD Ryzen 5 5600GT with Radeon Graphics","Null Device",False
2026-10-05T17:21:52.7525170Z,fog,fog-m1024-t2-v12-r1,fog.slice.busy,ms,80000,1024,2,12,10,10,4,5,300,4.104,3.832,6.129,6.583,7.634,"AMD Ryzen 5 5600GT with Radeon Graphics","Null Device",False
2026-10-05T17:21:52.7530630Z,fog,fog-m1024-t2-v12-r1,fog.changed,cells,80000,1024,2,12,10,10,4,5,300,205.497,192,522,559.32,616,"AMD Ryzen 5 5600GT with Radeon Graphics","Null Device",False
2026-10-05T17:22:13.2252880Z,fog,fog-m1024-t2-v16-r1,fog.sources,sources,80000,1024,2,16,10,10,4,5,2,6145.5,6145.5,6987.45,7062.29,7081,"AMD Ryzen 5 5600GT with Radeon Graphics","Null Device",False
2026-10-05T17:22:13.2346440Z,fog,fog-m1024-t2-v16-r1,fog.sources.raw,sources,80000,1024,2,16,10,10,4,5,2,40092,40092,40114.5,40116.5,40117,"AMD Ryzen 5 5600GT with Radeon Graphics","Null Device",False
2026-10-05T17:22:13.2351500Z,fog,fog-m1024-t2-v16-r1,fog.sources.saved,share,80000,1024,2,16,10,10,4,5,2,0.847,0.847,0.868,0.87,0.87,"AMD Ryzen 5 5600GT with Radeon Graphics","Null Device",False
2026-10-05T17:22:13.2356420Z,fog,fog-m1024-t2-v16-r1,fog.team,ms,80000,1024,2,16,10,10,4,5,300,5.306,4.93,7.86,8.764,10.147,"AMD Ryzen 5 5600GT with Radeon Graphics","Null Device",False
2026-10-05T17:22:13.2365050Z,fog,fog-m1024-t2-v16-r1,fog.slice,ms,80000,1024,2,16,10,10,4,5,600,2.654,1.802,7.239,8.509,10.149,"AMD Ryzen 5 5600GT with Radeon Graphics","Null Device",False
2026-10-05T17:22:13.2372140Z,fog,fog-m1024-t2-v16-r1,fog.slice.busy,ms,80000,1024,2,16,10,10,4,5,300,5.308,4.931,7.861,8.764,10.149,"AMD Ryzen 5 5600GT with Radeon Graphics","Null Device",False
2026-10-05T17:22:13.2378210Z,fog,fog-m1024-t2-v16-r1,fog.changed,cells,80000,1024,2,16,10,10,4,5,300,244.327,228.5,642.2,715.23,788,"AMD Ryzen 5 5600GT with Radeon Graphics","Null Device",False
2026-10-05T17:22:34.3224760Z,fog,fog-m1024-t2-v24-r1,fog.sources,sources,80000,1024,2,24,10,10,4,5,2,6145.5,6145.5,6987.45,7062.29,7081,"AMD Ryzen 5 5600GT with Radeon Graphics","Null Device",False
2026-10-05T17:22:34.3345530Z,fog,fog-m1024-t2-v24-r1,fog.sources.raw,sources,80000,1024,2,24,10,10,4,5,2,40092,40092,40114.5,40116.5,40117,"AMD Ryzen 5 5600GT with Radeon Graphics","Null Device",False
2026-10-05T17:22:34.3351130Z,fog,fog-m1024-t2-v24-r1,fog.sources.saved,share,80000,1024,2,24,10,10,4,5,2,0.847,0.847,0.868,0.87,0.87,"AMD Ryzen 5 5600GT with Radeon Graphics","Null Device",False
2026-10-05T17:22:34.3356370Z,fog,fog-m1024-t2-v24-r1,fog.team,ms,80000,1024,2,24,10,10,4,5,300,7.271,6.682,10.952,12.007,12.401,"AMD Ryzen 5 5600GT with Radeon Graphics","Null Device",False
2026-10-05T17:22:34.3365010Z,fog,fog-m1024-t2-v24-r1,fog.slice,ms,80000,1024,2,24,10,10,4,5,600,3.636,2.56,10.269,11.514,12.402,"AMD Ryzen 5 5600GT with Radeon Graphics","Null Device",False
2026-10-05T17:22:34.3372300Z,fog,fog-m1024-t2-v24-r1,fog.slice.busy,ms,80000,1024,2,24,10,10,4,5,300,7.272,6.683,10.953,12.008,12.402,"AMD Ryzen 5 5600GT with Radeon Graphics","Null Device",False
2026-10-05T17:22:34.3378430Z,fog,fog-m1024-t2-v24-r1,fog.changed,cells,80000,1024,2,24,10,10,4,5,300,342.45,265.5,959.4,1159.14,1259,"AMD Ryzen 5 5600GT with Radeon Graphics","Null Device",False
2026-10-05T17:22:56.1611420Z,fog,fog-m1024-t2-v32-r1,fog.sources,sources,80000,1024,2,32,10,10,4,5,2,6145.5,6145.5,6987.45,7062.29,7081,"AMD Ryzen 5 5600GT with Radeon Graphics","Null Device",False
2026-10-05T17:22:56.1710460Z,fog,fog-m1024-t2-v32-r1,fog.sources.raw,sources,80000,1024,2,32,10,10,4,5,2,40092,40092,40114.5,40116.5,40117,"AMD Ryzen 5 5600GT with Radeon Graphics","Null Device",False
2026-10-05T17:22:56.1716370Z,fog,fog-m1024-t2-v32-r1,fog.sources.saved,share,80000,1024,2,32,10,10,4,5,2,0.847,0.847,0.868,0.87,0.87,"AMD Ryzen 5 5600GT with Radeon Graphics","Null Device",False
2026-10-05T17:22:56.1723440Z,fog,fog-m1024-t2-v32-r1,fog.team,ms,80000,1024,2,32,10,10,4,5,300,8.651,7.84,13.731,15.413,17.689,"AMD Ryzen 5 5600GT with Radeon Graphics","Null Device",False
2026-10-05T17:22:56.1734830Z,fog,fog-m1024-t2-v32-r1,fog.slice,ms,80000,1024,2,32,10,10,4,5,600,4.326,2.979,12.268,14.364,17.691,"AMD Ryzen 5 5600GT with Radeon Graphics","Null Device",False
2026-10-05T17:22:56.1744910Z,fog,fog-m1024-t2-v32-r1,fog.slice.busy,ms,80000,1024,2,32,10,10,4,5,300,8.652,7.841,13.732,15.415,17.691,"AMD Ryzen 5 5600GT with Radeon Graphics","Null Device",False
2026-10-05T17:22:56.1753410Z,fog,fog-m1024-t2-v32-r1,fog.changed,cells,80000,1024,2,32,10,10,4,5,300,413.653,279.5,1253.4,1477.02,1625,"AMD Ryzen 5 5600GT with Radeon Graphics","Null Device",False
2026-10-05T17:23:16.0342820Z,fog,fog-m1024-t2-bv20-r1,fog.sources,sources,80000,1024,2,8,20,10,4,5,2,6145.5,6145.5,6987.45,7062.29,7081,"AMD Ryzen 5 5600GT with Radeon Graphics","Null Device",False
2026-10-05T17:23:16.0472270Z,fog,fog-m1024-t2-bv20-r1,fog.sources.raw,sources,80000,1024,2,8,20,10,4,5,2,40092,40092,40114.5,40116.5,40117,"AMD Ryzen 5 5600GT with Radeon Graphics","Null Device",False
2026-10-05T17:23:16.0477370Z,fog,fog-m1024-t2-bv20-r1,fog.sources.saved,share,80000,1024,2,8,20,10,4,5,2,0.847,0.847,0.868,0.87,0.87,"AMD Ryzen 5 5600GT with Radeon Graphics","Null Device",False
2026-10-05T17:23:16.0482110Z,fog,fog-m1024-t2-bv20-r1,fog.team,ms,80000,1024,2,8,20,10,4,5,300,3.046,2.9,4.221,4.641,4.864,"AMD Ryzen 5 5600GT with Radeon Graphics","Null Device",False
2026-10-05T17:23:16.0490170Z,fog,fog-m1024-t2-bv20-r1,fog.slice,ms,80000,1024,2,8,20,10,4,5,600,1.524,1.064,3.917,4.538,4.866,"AMD Ryzen 5 5600GT with Radeon Graphics","Null Device",False
2026-10-05T17:23:16.0496980Z,fog,fog-m1024-t2-bv20-r1,fog.slice.busy,ms,80000,1024,2,8,20,10,4,5,300,3.047,2.901,4.221,4.643,4.866,"AMD Ryzen 5 5600GT with Radeon Graphics","Null Device",False
2026-10-05T17:23:16.0502570Z,fog,fog-m1024-t2-bv20-r1,fog.changed,cells,80000,1024,2,8,20,10,4,5,300,162.543,155.5,384.1,455.22,493,"AMD Ryzen 5 5600GT with Radeon Graphics","Null Device",False
2026-10-05T17:23:34.5439830Z,fog,fog-m512-t8-v6-r2,fog.sources,sources,80000,512,8,6,10,10,4,5,8,1659.875,1438.5,2878.65,3371.73,3495,"AMD Ryzen 5 5600GT with Radeon Graphics","Null Device",False
2026-10-05T17:23:34.5535760Z,fog,fog-m512-t8-v6-r2,fog.sources.raw,sources,80000,512,8,6,10,10,4,5,8,9995,10030,10030,10030,10030,"AMD Ryzen 5 5600GT with Radeon Graphics","Null Device",False
2026-10-05T17:23:34.5540550Z,fog,fog-m512-t8-v6-r2,fog.sources.saved,share,80000,512,8,6,10,10,4,5,8,0.833,0.857,0.885,0.885,0.885,"AMD Ryzen 5 5600GT with Radeon Graphics","Null Device",False
2026-10-05T17:23:34.5545080Z,fog,fog-m512-t8-v6-r2,fog.team,ms,80000,512,8,6,10,10,4,5,1200,0.761,0.698,1.102,1.297,1.98,"AMD Ryzen 5 5600GT with Radeon Graphics","Null Device",False
2026-10-05T17:23:34.5556600Z,fog,fog-m512-t8-v6-r2,fog.slice,ms,80000,512,8,6,10,10,4,5,600,1.526,1.458,2.134,2.448,2.79,"AMD Ryzen 5 5600GT with Radeon Graphics","Null Device",False
2026-10-05T17:23:34.5563120Z,fog,fog-m512-t8-v6-r2,fog.slice.busy,ms,80000,512,8,6,10,10,4,5,600,1.526,1.458,2.134,2.448,2.79,"AMD Ryzen 5 5600GT with Radeon Graphics","Null Device",False
2026-10-05T17:23:34.5569430Z,fog,fog-m512-t8-v6-r2,fog.changed,cells,80000,512,8,6,10,10,4,5,1200,50.53,31,176,258.03,457,"AMD Ryzen 5 5600GT with Radeon Graphics","Null Device",False
2026-10-05T17:23:53.3359480Z,fog,fog-m512-t8-v8-r2,fog.sources,sources,80000,512,8,8,10,10,4,5,8,1659.875,1438.5,2878.65,3371.73,3495,"AMD Ryzen 5 5600GT with Radeon Graphics","Null Device",False
2026-10-05T17:23:53.3458230Z,fog,fog-m512-t8-v8-r2,fog.sources.raw,sources,80000,512,8,8,10,10,4,5,8,9995,10030,10030,10030,10030,"AMD Ryzen 5 5600GT with Radeon Graphics","Null Device",False
2026-10-05T17:23:53.3463420Z,fog,fog-m512-t8-v8-r2,fog.sources.saved,share,80000,512,8,8,10,10,4,5,8,0.833,0.857,0.885,0.885,0.885,"AMD Ryzen 5 5600GT with Radeon Graphics","Null Device",False
2026-10-05T17:23:53.3468550Z,fog,fog-m512-t8-v8-r2,fog.team,ms,80000,512,8,8,10,10,4,5,1200,0.928,0.837,1.404,1.633,2.378,"AMD Ryzen 5 5600GT with Radeon Graphics","Null Device",False
2026-10-05T17:23:53.3481420Z,fog,fog-m512-t8-v8-r2,fog.slice,ms,80000,512,8,8,10,10,4,5,600,1.857,1.761,2.707,3.066,3.819,"AMD Ryzen 5 5600GT with Radeon Graphics","Null Device",False
2026-10-05T17:23:53.3489230Z,fog,fog-m512-t8-v8-r2,fog.slice.busy,ms,80000,512,8,8,10,10,4,5,600,1.857,1.761,2.707,3.066,3.819,"AMD Ryzen 5 5600GT with Radeon Graphics","Null Device",False
2026-10-05T17:23:53.3496410Z,fog,fog-m512-t8-v8-r2,fog.changed,cells,80000,512,8,8,10,10,4,5,1200,51.655,28,195.1,289.01,460,"AMD Ryzen 5 5600GT with Radeon Graphics","Null Device",False
2026-10-05T17:24:12.4903300Z,fog,fog-m512-t8-v12-r2,fog.sources,sources,80000,512,8,12,10,10,4,5,8,1659.875,1438.5,2878.65,3371.73,3495,"AMD Ryzen 5 5600GT with Radeon Graphics","Null Device",False
2026-10-05T17:24:12.4996800Z,fog,fog-m512-t8-v12-r2,fog.sources.raw,sources,80000,512,8,12,10,10,4,5,8,9995,10030,10030,10030,10030,"AMD Ryzen 5 5600GT with Radeon Graphics","Null Device",False
2026-10-05T17:24:12.5001420Z,fog,fog-m512-t8-v12-r2,fog.sources.saved,share,80000,512,8,12,10,10,4,5,8,0.833,0.857,0.885,0.885,0.885,"AMD Ryzen 5 5600GT with Radeon Graphics","Null Device",False
2026-10-05T17:24:12.5005940Z,fog,fog-m512-t8-v12-r2,fog.team,ms,80000,512,8,12,10,10,4,5,1200,1.298,1.158,1.959,2.282,2.717,"AMD Ryzen 5 5600GT with Radeon Graphics","Null Device",False
2026-10-05T17:24:12.5017660Z,fog,fog-m512-t8-v12-r2,fog.slice,ms,80000,512,8,12,10,10,4,5,600,2.598,2.43,3.802,4.351,5.19,"AMD Ryzen 5 5600GT with Radeon Graphics","Null Device",False
2026-10-05T17:24:12.5024270Z,fog,fog-m512-t8-v12-r2,fog.slice.busy,ms,80000,512,8,12,10,10,4,5,600,2.598,2.43,3.802,4.351,5.19,"AMD Ryzen 5 5600GT with Radeon Graphics","Null Device",False
2026-10-05T17:24:12.5030550Z,fog,fog-m512-t8-v12-r2,fog.changed,cells,80000,512,8,12,10,10,4,5,1200,55.536,24,228.1,332.08,567,"AMD Ryzen 5 5600GT with Radeon Graphics","Null Device",False
2026-10-05T17:24:32.0617140Z,fog,fog-m512-t8-v16-r2,fog.sources,sources,80000,512,8,16,10,10,4,5,8,1659.875,1438.5,2878.65,3371.73,3495,"AMD Ryzen 5 5600GT with Radeon Graphics","Null Device",False
2026-10-05T17:24:32.0710760Z,fog,fog-m512-t8-v16-r2,fog.sources.raw,sources,80000,512,8,16,10,10,4,5,8,9995,10030,10030,10030,10030,"AMD Ryzen 5 5600GT with Radeon Graphics","Null Device",False
2026-10-05T17:24:32.0715680Z,fog,fog-m512-t8-v16-r2,fog.sources.saved,share,80000,512,8,16,10,10,4,5,8,0.833,0.857,0.885,0.885,0.885,"AMD Ryzen 5 5600GT with Radeon Graphics","Null Device",False
2026-10-05T17:24:32.0720210Z,fog,fog-m512-t8-v16-r2,fog.team,ms,80000,512,8,16,10,10,4,5,1200,1.646,1.465,2.532,2.778,3.183,"AMD Ryzen 5 5600GT with Radeon Graphics","Null Device",False
2026-10-05T17:24:32.0731640Z,fog,fog-m512-t8-v16-r2,fog.slice,ms,80000,512,8,16,10,10,4,5,600,3.295,3.014,5.005,5.519,6.253,"AMD Ryzen 5 5600GT with Radeon Graphics","Null Device",False
2026-10-05T17:24:32.0738310Z,fog,fog-m512-t8-v16-r2,fog.slice.busy,ms,80000,512,8,16,10,10,4,5,600,3.295,3.014,5.005,5.519,6.253,"AMD Ryzen 5 5600GT with Radeon Graphics","Null Device",False
2026-10-05T17:24:32.0744550Z,fog,fog-m512-t8-v16-r2,fog.changed,cells,80000,512,8,16,10,10,4,5,1200,63.512,28,276,377.22,638,"AMD Ryzen 5 5600GT with Radeon Graphics","Null Device",False
2026-10-05T17:24:52.3854050Z,fog,fog-m512-t8-v24-r2,fog.sources,sources,80000,512,8,24,10,10,4,5,8,1659.875,1438.5,2878.65,3371.73,3495,"AMD Ryzen 5 5600GT with Radeon Graphics","Null Device",False
2026-10-05T17:24:52.3980750Z,fog,fog-m512-t8-v24-r2,fog.sources.raw,sources,80000,512,8,24,10,10,4,5,8,9995,10030,10030,10030,10030,"AMD Ryzen 5 5600GT with Radeon Graphics","Null Device",False
2026-10-05T17:24:52.3987470Z,fog,fog-m512-t8-v24-r2,fog.sources.saved,share,80000,512,8,24,10,10,4,5,8,0.833,0.857,0.885,0.885,0.885,"AMD Ryzen 5 5600GT with Radeon Graphics","Null Device",False
2026-10-05T17:24:52.3991990Z,fog,fog-m512-t8-v24-r2,fog.team,ms,80000,512,8,24,10,10,4,5,1200,2.206,1.975,3.553,4.102,4.446,"AMD Ryzen 5 5600GT with Radeon Graphics","Null Device",False
2026-10-05T17:24:52.4004080Z,fog,fog-m512-t8-v24-r2,fog.slice,ms,80000,512,8,24,10,10,4,5,600,4.413,4,7.028,8.009,8.654,"AMD Ryzen 5 5600GT with Radeon Graphics","Null Device",False
2026-10-05T17:24:52.4010930Z,fog,fog-m512-t8-v24-r2,fog.slice.busy,ms,80000,512,8,24,10,10,4,5,600,4.413,4,7.028,8.009,8.654,"AMD Ryzen 5 5600GT with Radeon Graphics","Null Device",False
2026-10-05T17:24:52.4017460Z,fog,fog-m512-t8-v24-r2,fog.changed,cells,80000,512,8,24,10,10,4,5,1200,79.767,39.5,357.2,503.07,821,"AMD Ryzen 5 5600GT with Radeon Graphics","Null Device",False
2026-10-05T17:25:13.1556940Z,fog,fog-m512-t8-v32-r2,fog.sources,sources,80000,512,8,32,10,10,4,5,8,1659.875,1438.5,2878.65,3371.73,3495,"AMD Ryzen 5 5600GT with Radeon Graphics","Null Device",False
2026-10-05T17:25:13.1661960Z,fog,fog-m512-t8-v32-r2,fog.sources.raw,sources,80000,512,8,32,10,10,4,5,8,9995,10030,10030,10030,10030,"AMD Ryzen 5 5600GT with Radeon Graphics","Null Device",False
2026-10-05T17:25:13.1667110Z,fog,fog-m512-t8-v32-r2,fog.sources.saved,share,80000,512,8,32,10,10,4,5,8,0.833,0.857,0.885,0.885,0.885,"AMD Ryzen 5 5600GT with Radeon Graphics","Null Device",False
2026-10-05T17:25:13.1672090Z,fog,fog-m512-t8-v32-r2,fog.team,ms,80000,512,8,32,10,10,4,5,1200,2.559,2.298,4.019,4.814,5.712,"AMD Ryzen 5 5600GT with Radeon Graphics","Null Device",False
2026-10-05T17:25:13.1684650Z,fog,fog-m512-t8-v32-r2,fog.slice,ms,80000,512,8,32,10,10,4,5,600,5.12,4.653,7.944,9.527,11.093,"AMD Ryzen 5 5600GT with Radeon Graphics","Null Device",False
2026-10-05T17:25:13.1691880Z,fog,fog-m512-t8-v32-r2,fog.slice.busy,ms,80000,512,8,32,10,10,4,5,600,5.12,4.653,7.944,9.527,11.093,"AMD Ryzen 5 5600GT with Radeon Graphics","Null Device",False
2026-10-05T17:25:13.1698880Z,fog,fog-m512-t8-v32-r2,fog.changed,cells,80000,512,8,32,10,10,4,5,1200,99.432,46,476.15,674.04,918,"AMD Ryzen 5 5600GT with Radeon Graphics","Null Device",False
2026-10-05T17:25:31.8763550Z,fog,fog-m512-t8-bv20-r2,fog.sources,sources,80000,512,8,8,20,10,4,5,8,1659.875,1438.5,2878.65,3371.73,3495,"AMD Ryzen 5 5600GT with Radeon Graphics","Null Device",False
2026-10-05T17:25:31.8858160Z,fog,fog-m512-t8-bv20-r2,fog.sources.raw,sources,80000,512,8,8,20,10,4,5,8,9995,10030,10030,10030,10030,"AMD Ryzen 5 5600GT with Radeon Graphics","Null Device",False
2026-10-05T17:25:31.8862960Z,fog,fog-m512-t8-bv20-r2,fog.sources.saved,share,80000,512,8,8,20,10,4,5,8,0.833,0.857,0.885,0.885,0.885,"AMD Ryzen 5 5600GT with Radeon Graphics","Null Device",False
2026-10-05T17:25:31.8867480Z,fog,fog-m512-t8-bv20-r2,fog.team,ms,80000,512,8,8,20,10,4,5,1200,0.96,0.871,1.423,1.614,2.1,"AMD Ryzen 5 5600GT with Radeon Graphics","Null Device",False
2026-10-05T17:25:31.8879250Z,fog,fog-m512-t8-bv20-r2,fog.slice,ms,80000,512,8,8,20,10,4,5,600,1.922,1.811,2.752,3.176,3.442,"AMD Ryzen 5 5600GT with Radeon Graphics","Null Device",False
2026-10-05T17:25:31.8885850Z,fog,fog-m512-t8-bv20-r2,fog.slice.busy,ms,80000,512,8,8,20,10,4,5,600,1.922,1.811,2.752,3.176,3.442,"AMD Ryzen 5 5600GT with Radeon Graphics","Null Device",False
2026-10-05T17:25:31.8892020Z,fog,fog-m512-t8-bv20-r2,fog.changed,cells,80000,512,8,8,20,10,4,5,1200,49.746,24,195.05,289.01,448,"AMD Ryzen 5 5600GT with Radeon Graphics","Null Device",False
2026-10-05T17:25:50.0825260Z,fog,fog-m512-t2-v6-r2,fog.sources,sources,80000,512,2,6,10,10,4,5,2,6635,6635,8085.8,8214.76,8247,"AMD Ryzen 5 5600GT with Radeon Graphics","Null Device",False
2026-10-05T17:25:50.0917890Z,fog,fog-m512-t2-v6-r2,fog.sources.raw,sources,80000,512,2,6,10,10,4,5,2,39981,39981,40105.2,40116.24,40119,"AMD Ryzen 5 5600GT with Radeon Graphics","Null Device",False
2026-10-05T17:25:50.0922570Z,fog,fog-m512-t2-v6-r2,fog.sources.saved,share,80000,512,2,6,10,10,4,5,2,0.834,0.834,0.871,0.874,0.875,"AMD Ryzen 5 5600GT with Radeon Graphics","Null Device",False
2026-10-05T17:25:50.0927220Z,fog,fog-m512-t2-v6-r2,fog.team,ms,80000,512,2,6,10,10,4,5,300,1.974,1.945,2.796,2.989,3.191,"AMD Ryzen 5 5600GT with Radeon Graphics","Null Device",False
2026-10-05T17:25:50.0934550Z,fog,fog-m512-t2-v6-r2,fog.slice,ms,80000,512,2,6,10,10,4,5,600,0.988,0.636,2.526,2.937,3.192,"AMD Ryzen 5 5600GT with Radeon Graphics","Null Device",False
2026-10-05T17:25:50.0941120Z,fog,fog-m512-t2-v6-r2,fog.slice.busy,ms,80000,512,2,6,10,10,4,5,300,1.975,1.946,2.797,2.99,3.192,"AMD Ryzen 5 5600GT with Radeon Graphics","Null Device",False
2026-10-05T17:25:50.0947060Z,fog,fog-m512-t2-v6-r2,fog.changed,cells,80000,512,2,6,10,10,4,5,300,119.877,104,273.1,331.01,366,"AMD Ryzen 5 5600GT with Radeon Graphics","Null Device",False
2026-10-05T17:26:08.4260500Z,fog,fog-m512-t2-v8-r2,fog.sources,sources,80000,512,2,8,10,10,4,5,2,6635,6635,8085.8,8214.76,8247,"AMD Ryzen 5 5600GT with Radeon Graphics","Null Device",False
2026-10-05T17:26:08.4353480Z,fog,fog-m512-t2-v8-r2,fog.sources.raw,sources,80000,512,2,8,10,10,4,5,2,39981,39981,40105.2,40116.24,40119,"AMD Ryzen 5 5600GT with Radeon Graphics","Null Device",False
2026-10-05T17:26:08.4358460Z,fog,fog-m512-t2-v8-r2,fog.sources.saved,share,80000,512,2,8,10,10,4,5,2,0.834,0.834,0.871,0.874,0.875,"AMD Ryzen 5 5600GT with Radeon Graphics","Null Device",False
2026-10-05T17:26:08.4362980Z,fog,fog-m512-t2-v8-r2,fog.team,ms,80000,512,2,8,10,10,4,5,300,2.562,2.518,3.578,3.908,4.198,"AMD Ryzen 5 5600GT with Radeon Graphics","Null Device",False
2026-10-05T17:26:08.4370600Z,fog,fog-m512-t2-v8-r2,fog.slice,ms,80000,512,2,8,10,10,4,5,600,1.282,0.812,3.344,3.771,4.199,"AMD Ryzen 5 5600GT with Radeon Graphics","Null Device",False
2026-10-05T17:26:08.4377430Z,fog,fog-m512-t2-v8-r2,fog.slice.busy,ms,80000,512,2,8,10,10,4,5,300,2.564,2.52,3.58,3.909,4.199,"AMD Ryzen 5 5600GT with Radeon Graphics","Null Device",False
2026-10-05T17:26:08.4382930Z,fog,fog-m512-t2-v8-r2,fog.changed,cells,80000,512,2,8,10,10,4,5,300,135.12,120,322,371.2,471,"AMD Ryzen 5 5600GT with Radeon Graphics","Null Device",False
2026-10-05T17:26:27.3211200Z,fog,fog-m512-t2-v12-r2,fog.sources,sources,80000,512,2,12,10,10,4,5,2,6635,6635,8085.8,8214.76,8247,"AMD Ryzen 5 5600GT with Radeon Graphics","Null Device",False
2026-10-05T17:26:27.3311070Z,fog,fog-m512-t2-v12-r2,fog.sources.raw,sources,80000,512,2,12,10,10,4,5,2,39981,39981,40105.2,40116.24,40119,"AMD Ryzen 5 5600GT with Radeon Graphics","Null Device",False
2026-10-05T17:26:27.3318510Z,fog,fog-m512-t2-v12-r2,fog.sources.saved,share,80000,512,2,12,10,10,4,5,2,0.834,0.834,0.871,0.874,0.875,"AMD Ryzen 5 5600GT with Radeon Graphics","Null Device",False
2026-10-05T17:26:27.3325720Z,fog,fog-m512-t2-v12-r2,fog.team,ms,80000,512,2,12,10,10,4,5,300,3.788,3.752,5.299,5.877,6.108,"AMD Ryzen 5 5600GT with Radeon Graphics","Null Device",False
2026-10-05T17:26:27.3337350Z,fog,fog-m512-t2-v12-r2,fog.slice,ms,80000,512,2,12,10,10,4,5,600,1.895,1.208,4.915,5.745,6.109,"AMD Ryzen 5 5600GT with Radeon Graphics","Null Device",False
2026-10-05T17:26:27.3347810Z,fog,fog-m512-t2-v12-r2,fog.slice.busy,ms,80000,512,2,12,10,10,4,5,300,3.789,3.753,5.3,5.878,6.109,"AMD Ryzen 5 5600GT with Radeon Graphics","Null Device",False
2026-10-05T17:26:27.3356740Z,fog,fog-m512-t2-v12-r2,fog.changed,cells,80000,512,2,12,10,10,4,5,300,159.837,130,405.1,488.03,616,"AMD Ryzen 5 5600GT with Radeon Graphics","Null Device",False
2026-10-05T17:26:46.7476250Z,fog,fog-m512-t2-v16-r2,fog.sources,sources,80000,512,2,16,10,10,4,5,2,6635,6635,8085.8,8214.76,8247,"AMD Ryzen 5 5600GT with Radeon Graphics","Null Device",False
2026-10-05T17:26:46.7572250Z,fog,fog-m512-t2-v16-r2,fog.sources.raw,sources,80000,512,2,16,10,10,4,5,2,39981,39981,40105.2,40116.24,40119,"AMD Ryzen 5 5600GT with Radeon Graphics","Null Device",False
2026-10-05T17:26:46.7577390Z,fog,fog-m512-t2-v16-r2,fog.sources.saved,share,80000,512,2,16,10,10,4,5,2,0.834,0.834,0.871,0.874,0.875,"AMD Ryzen 5 5600GT with Radeon Graphics","Null Device",False
2026-10-05T17:26:46.7582060Z,fog,fog-m512-t2-v16-r2,fog.team,ms,80000,512,2,16,10,10,4,5,300,5.043,4.77,8.165,9.023,9.905,"AMD Ryzen 5 5600GT with Radeon Graphics","Null Device",False
2026-10-05T17:26:46.7589910Z,fog,fog-m512-t2-v16-r2,fog.slice,ms,80000,512,2,16,10,10,4,5,600,2.523,1.519,7.278,8.681,9.907,"AMD Ryzen 5 5600GT with Radeon Graphics","Null Device",False
2026-10-05T17:26:46.7596690Z,fog,fog-m512-t2-v16-r2,fog.slice.busy,ms,80000,512,2,16,10,10,4,5,300,5.045,4.771,8.167,9.024,9.907,"AMD Ryzen 5 5600GT with Radeon Graphics","Null Device",False
2026-10-05T17:26:46.7602310Z,fog,fog-m512-t2-v16-r2,fog.changed,cells,80000,512,2,16,10,10,4,5,300,191.85,152.5,475.1,573.01,680,"AMD Ryzen 5 5600GT with Radeon Graphics","Null Device",False
2026-10-05T17:27:06.4268490Z,fog,fog-m512-t2-v24-r2,fog.sources,sources,80000,512,2,24,10,10,4,5,2,6635,6635,8085.8,8214.76,8247,"AMD Ryzen 5 5600GT with Radeon Graphics","Null Device",False
2026-10-05T17:27:06.4361470Z,fog,fog-m512-t2-v24-r2,fog.sources.raw,sources,80000,512,2,24,10,10,4,5,2,39981,39981,40105.2,40116.24,40119,"AMD Ryzen 5 5600GT with Radeon Graphics","Null Device",False
2026-10-05T17:27:06.4367020Z,fog,fog-m512-t2-v24-r2,fog.sources.saved,share,80000,512,2,24,10,10,4,5,2,0.834,0.834,0.871,0.874,0.875,"AMD Ryzen 5 5600GT with Radeon Graphics","Null Device",False
2026-10-05T17:27:06.4372110Z,fog,fog-m512-t2-v24-r2,fog.team,ms,80000,512,2,24,10,10,4,5,300,6.762,6.604,9.608,10.383,10.919,"AMD Ryzen 5 5600GT with Radeon Graphics","Null Device",False
2026-10-05T17:27:06.4380740Z,fog,fog-m512-t2-v24-r2,fog.slice,ms,80000,512,2,24,10,10,4,5,600,3.382,2.247,9.153,10.162,10.92,"AMD Ryzen 5 5600GT with Radeon Graphics","Null Device",False
2026-10-05T17:27:06.4388230Z,fog,fog-m512-t2-v24-r2,fog.slice.busy,ms,80000,512,2,24,10,10,4,5,300,6.763,6.605,9.609,10.384,10.92,"AMD Ryzen 5 5600GT with Radeon Graphics","Null Device",False
2026-10-05T17:27:06.4394440Z,fog,fog-m512-t2-v24-r2,fog.changed,cells,80000,512,2,24,10,10,4,5,300,254.35,173,631.1,737.13,784,"AMD Ryzen 5 5600GT with Radeon Graphics","Null Device",False
2026-10-05T17:27:26.4353070Z,fog,fog-m512-t2-v32-r2,fog.sources,sources,80000,512,2,32,10,10,4,5,2,6635,6635,8085.8,8214.76,8247,"AMD Ryzen 5 5600GT with Radeon Graphics","Null Device",False
2026-10-05T17:27:26.4449290Z,fog,fog-m512-t2-v32-r2,fog.sources.raw,sources,80000,512,2,32,10,10,4,5,2,39981,39981,40105.2,40116.24,40119,"AMD Ryzen 5 5600GT with Radeon Graphics","Null Device",False
2026-10-05T17:27:26.4454280Z,fog,fog-m512-t2-v32-r2,fog.sources.saved,share,80000,512,2,32,10,10,4,5,2,0.834,0.834,0.871,0.874,0.875,"AMD Ryzen 5 5600GT with Radeon Graphics","Null Device",False
2026-10-05T17:27:26.4459100Z,fog,fog-m512-t2-v32-r2,fog.team,ms,80000,512,2,32,10,10,4,5,300,7.984,7.746,11.682,13.442,13.609,"AMD Ryzen 5 5600GT with Radeon Graphics","Null Device",False
2026-10-05T17:27:26.4466870Z,fog,fog-m512-t2-v32-r2,fog.slice,ms,80000,512,2,32,10,10,4,5,600,3.993,2.616,10.756,12.674,13.611,"AMD Ryzen 5 5600GT with Radeon Graphics","Null Device",False
2026-10-05T17:27:26.4473270Z,fog,fog-m512-t2-v32-r2,fog.slice.busy,ms,80000,512,2,32,10,10,4,5,300,7.985,7.747,11.684,13.445,13.611,"AMD Ryzen 5 5600GT with Radeon Graphics","Null Device",False
2026-10-05T17:27:26.4478820Z,fog,fog-m512-t2-v32-r2,fog.changed,cells,80000,512,2,32,10,10,4,5,300,328.557,207.5,832.1,928.13,1012,"AMD Ryzen 5 5600GT with Radeon Graphics","Null Device",False
2026-10-05T17:27:44.8652570Z,fog,fog-m512-t2-bv20-r2,fog.sources,sources,80000,512,2,8,20,10,4,5,2,6635,6635,8085.8,8214.76,8247,"AMD Ryzen 5 5600GT with Radeon Graphics","Null Device",False
2026-10-05T17:27:44.8745410Z,fog,fog-m512-t2-bv20-r2,fog.sources.raw,sources,80000,512,2,8,20,10,4,5,2,39981,39981,40105.2,40116.24,40119,"AMD Ryzen 5 5600GT with Radeon Graphics","Null Device",False
2026-10-05T17:27:44.8750070Z,fog,fog-m512-t2-bv20-r2,fog.sources.saved,share,80000,512,2,8,20,10,4,5,2,0.834,0.834,0.871,0.874,0.875,"AMD Ryzen 5 5600GT with Radeon Graphics","Null Device",False
2026-10-05T17:27:44.8754540Z,fog,fog-m512-t2-bv20-r2,fog.team,ms,80000,512,2,8,20,10,4,5,300,2.661,2.61,3.757,4.169,4.933,"AMD Ryzen 5 5600GT with Radeon Graphics","Null Device",False
2026-10-05T17:27:44.8761920Z,fog,fog-m512-t2-bv20-r2,fog.slice,ms,80000,512,2,8,20,10,4,5,600,1.331,0.898,3.493,3.934,4.934,"AMD Ryzen 5 5600GT with Radeon Graphics","Null Device",False
2026-10-05T17:27:44.8768180Z,fog,fog-m512-t2-bv20-r2,fog.slice.busy,ms,80000,512,2,8,20,10,4,5,300,2.663,2.611,3.76,4.17,4.934,"AMD Ryzen 5 5600GT with Radeon Graphics","Null Device",False
2026-10-05T17:27:44.8773480Z,fog,fog-m512-t2-bv20-r2,fog.changed,cells,80000,512,2,8,20,10,4,5,300,127.847,92.5,320.05,365.25,463,"AMD Ryzen 5 5600GT with Radeon Graphics","Null Device",False
2026-10-05T17:28:05.1209490Z,fog,fog-m1024-t8-v6-r2,fog.sources,sources,80000,1024,8,6,10,10,4,5,8,1536.25,1363.5,2953.2,3549.04,3698,"AMD Ryzen 5 5600GT with Radeon Graphics","Null Device",False
2026-10-05T17:28:05.1321440Z,fog,fog-m1024-t8-v6-r2,fog.sources.raw,sources,80000,1024,8,6,10,10,4,5,8,10023.125,10030,10030,10030,10030,"AMD Ryzen 5 5600GT with Radeon Graphics","Null Device",False
2026-10-05T17:28:05.1327040Z,fog,fog-m1024-t8-v6-r2,fog.sources.saved,share,80000,1024,8,6,10,10,4,5,8,0.847,0.864,0.93,0.951,0.956,"AMD Ryzen 5 5600GT with Radeon Graphics","Null Device",False
2026-10-05T17:28:05.1332220Z,fog,fog-m1024-t8-v6-r2,fog.team,ms,80000,1024,8,6,10,10,4,5,1200,1.105,1.044,1.539,1.748,3.884,"AMD Ryzen 5 5600GT with Radeon Graphics","Null Device",False
2026-10-05T17:28:05.1350430Z,fog,fog-m1024-t8-v6-r2,fog.slice,ms,80000,1024,8,6,10,10,4,5,600,2.212,2.096,3.012,3.456,5.51,"AMD Ryzen 5 5600GT with Radeon Graphics","Null Device",False
2026-10-05T17:28:05.1360800Z,fog,fog-m1024-t8-v6-r2,fog.slice.busy,ms,80000,1024,8,6,10,10,4,5,600,2.212,2.096,3.012,3.456,5.51,"AMD Ryzen 5 5600GT with Radeon Graphics","Null Device",False
2026-10-05T17:28:05.1368670Z,fog,fog-m1024-t8-v6-r2,fog.changed,cells,80000,1024,8,6,10,10,4,5,1200,55.723,16,203.05,265,568,"AMD Ryzen 5 5600GT with Radeon Graphics","Null Device",False
2026-10-05T17:28:25.6670240Z,fog,fog-m1024-t8-v8-r2,fog.sources,sources,80000,1024,8,8,10,10,4,5,8,1536.25,1363.5,2953.2,3549.04,3698,"AMD Ryzen 5 5600GT with Radeon Graphics","Null Device",False
2026-10-05T17:28:25.6763980Z,fog,fog-m1024-t8-v8-r2,fog.sources.raw,sources,80000,1024,8,8,10,10,4,5,8,10023.125,10030,10030,10030,10030,"AMD Ryzen 5 5600GT with Radeon Graphics","Null Device",False
2026-10-05T17:28:25.6768740Z,fog,fog-m1024-t8-v8-r2,fog.sources.saved,share,80000,1024,8,8,10,10,4,5,8,0.847,0.864,0.93,0.951,0.956,"AMD Ryzen 5 5600GT with Radeon Graphics","Null Device",False
2026-10-05T17:28:25.6774000Z,fog,fog-m1024-t8-v8-r2,fog.team,ms,80000,1024,8,8,10,10,4,5,1200,1.271,1.183,1.921,2.262,2.884,"AMD Ryzen 5 5600GT with Radeon Graphics","Null Device",False
2026-10-05T17:28:25.6786050Z,fog,fog-m1024-t8-v8-r2,fog.slice,ms,80000,1024,8,8,10,10,4,5,600,2.544,2.395,3.637,4.399,5.605,"AMD Ryzen 5 5600GT with Radeon Graphics","Null Device",False
2026-10-05T17:28:25.6792650Z,fog,fog-m1024-t8-v8-r2,fog.slice.busy,ms,80000,1024,8,8,10,10,4,5,600,2.544,2.395,3.637,4.399,5.605,"AMD Ryzen 5 5600GT with Radeon Graphics","Null Device",False
2026-10-05T17:28:25.6799210Z,fog,fog-m1024-t8-v8-r2,fog.changed,cells,80000,1024,8,8,10,10,4,5,1200,58.033,14,227.05,274.04,595,"AMD Ryzen 5 5600GT with Radeon Graphics","Null Device",False
2026-10-05T17:28:46.6512710Z,fog,fog-m1024-t8-v12-r2,fog.sources,sources,80000,1024,8,12,10,10,4,5,8,1536.25,1363.5,2953.2,3549.04,3698,"AMD Ryzen 5 5600GT with Radeon Graphics","Null Device",False
2026-10-05T17:28:46.6610770Z,fog,fog-m1024-t8-v12-r2,fog.sources.raw,sources,80000,1024,8,12,10,10,4,5,8,10023.125,10030,10030,10030,10030,"AMD Ryzen 5 5600GT with Radeon Graphics","Null Device",False
2026-10-05T17:28:46.6618570Z,fog,fog-m1024-t8-v12-r2,fog.sources.saved,share,80000,1024,8,12,10,10,4,5,8,0.847,0.864,0.93,0.951,0.956,"AMD Ryzen 5 5600GT with Radeon Graphics","Null Device",False
2026-10-05T17:28:46.6625870Z,fog,fog-m1024-t8-v12-r2,fog.team,ms,80000,1024,8,12,10,10,4,5,1200,1.613,1.489,2.422,2.756,4.238,"AMD Ryzen 5 5600GT with Radeon Graphics","Null Device",False
2026-10-05T17:28:46.6645110Z,fog,fog-m1024-t8-v12-r2,fog.slice,ms,80000,1024,8,12,10,10,4,5,600,3.227,2.982,4.758,5.413,5.708,"AMD Ryzen 5 5600GT with Radeon Graphics","Null Device",False
2026-10-05T17:28:46.6656230Z,fog,fog-m1024-t8-v12-r2,fog.slice.busy,ms,80000,1024,8,12,10,10,4,5,600,3.227,2.982,4.758,5.413,5.708,"AMD Ryzen 5 5600GT with Radeon Graphics","Null Device",False
2026-10-05T17:28:46.6667210Z,fog,fog-m1024-t8-v12-r2,fog.changed,cells,80000,1024,8,12,10,10,4,5,1200,65.517,13,273.05,351.02,592,"AMD Ryzen 5 5600GT with Radeon Graphics","Null Device",False
2026-10-05T17:29:08.3617660Z,fog,fog-m1024-t8-v16-r2,fog.sources,sources,80000,1024,8,16,10,10,4,5,8,1536.25,1363.5,2953.2,3549.04,3698,"AMD Ryzen 5 5600GT with Radeon Graphics","Null Device",False
2026-10-05T17:29:08.3716530Z,fog,fog-m1024-t8-v16-r2,fog.sources.raw,sources,80000,1024,8,16,10,10,4,5,8,10023.125,10030,10030,10030,10030,"AMD Ryzen 5 5600GT with Radeon Graphics","Null Device",False
2026-10-05T17:29:08.3721600Z,fog,fog-m1024-t8-v16-r2,fog.sources.saved,share,80000,1024,8,16,10,10,4,5,8,0.847,0.864,0.93,0.951,0.956,"AMD Ryzen 5 5600GT with Radeon Graphics","Null Device",False
2026-10-05T17:29:08.3726530Z,fog,fog-m1024-t8-v16-r2,fog.team,ms,80000,1024,8,16,10,10,4,5,1200,2.024,1.887,3.093,3.666,5.058,"AMD Ryzen 5 5600GT with Radeon Graphics","Null Device",False
2026-10-05T17:29:08.3738400Z,fog,fog-m1024-t8-v16-r2,fog.slice,ms,80000,1024,8,16,10,10,4,5,600,4.05,3.792,6.113,7.134,7.881,"AMD Ryzen 5 5600GT with Radeon Graphics","Null Device",False
2026-10-05T17:29:08.3745350Z,fog,fog-m1024-t8-v16-r2,fog.slice.busy,ms,80000,1024,8,16,10,10,4,5,600,4.05,3.792,6.113,7.134,7.881,"AMD Ryzen 5 5600GT with Radeon Graphics","Null Device",False
2026-10-05T17:29:08.3752100Z,fog,fog-m1024-t8-v16-r2,fog.changed,cells,80000,1024,8,16,10,10,4,5,1200,74.709,13,321.05,446.03,582,"AMD Ryzen 5 5600GT with Radeon Graphics","Null Device",False
2026-10-05T17:29:30.5391450Z,fog,fog-m1024-t8-v24-r2,fog.sources,sources,80000,1024,8,24,10,10,4,5,8,1536.25,1363.5,2953.2,3549.04,3698,"AMD Ryzen 5 5600GT with Radeon Graphics","Null Device",False
2026-10-05T17:29:30.5491340Z,fog,fog-m1024-t8-v24-r2,fog.sources.raw,sources,80000,1024,8,24,10,10,4,5,8,10023.125,10030,10030,10030,10030,"AMD Ryzen 5 5600GT with Radeon Graphics","Null Device",False
2026-10-05T17:29:30.5496360Z,fog,fog-m1024-t8-v24-r2,fog.sources.saved,share,80000,1024,8,24,10,10,4,5,8,0.847,0.864,0.93,0.951,0.956,"AMD Ryzen 5 5600GT with Radeon Graphics","Null Device",False
2026-10-05T17:29:30.5501020Z,fog,fog-m1024-t8-v24-r2,fog.team,ms,80000,1024,8,24,10,10,4,5,1200,2.582,2.374,4.035,4.565,5.618,"AMD Ryzen 5 5600GT with Radeon Graphics","Null Device",False
2026-10-05T17:29:30.5513320Z,fog,fog-m1024-t8-v24-r2,fog.slice,ms,80000,1024,8,24,10,10,4,5,600,5.167,4.713,7.946,9.224,10.09,"AMD Ryzen 5 5600GT with Radeon Graphics","Null Device",False
2026-10-05T17:29:30.5520290Z,fog,fog-m1024-t8-v24-r2,fog.slice.busy,ms,80000,1024,8,24,10,10,4,5,600,5.167,4.713,7.946,9.224,10.09,"AMD Ryzen 5 5600GT with Radeon Graphics","Null Device",False
2026-10-05T17:29:30.5526980Z,fog,fog-m1024-t8-v24-r2,fog.changed,cells,80000,1024,8,24,10,10,4,5,1200,99.893,15,435,673.07,907,"AMD Ryzen 5 5600GT with Radeon Graphics","Null Device",False
2026-10-05T17:29:53.1467560Z,fog,fog-m1024-t8-v32-r2,fog.sources,sources,80000,1024,8,32,10,10,4,5,8,1536.25,1363.5,2953.2,3549.04,3698,"AMD Ryzen 5 5600GT with Radeon Graphics","Null Device",False
2026-10-05T17:29:53.1561440Z,fog,fog-m1024-t8-v32-r2,fog.sources.raw,sources,80000,1024,8,32,10,10,4,5,8,10023.125,10030,10030,10030,10030,"AMD Ryzen 5 5600GT with Radeon Graphics","Null Device",False
2026-10-05T17:29:53.1566490Z,fog,fog-m1024-t8-v32-r2,fog.sources.saved,share,80000,1024,8,32,10,10,4,5,8,0.847,0.864,0.93,0.951,0.956,"AMD Ryzen 5 5600GT with Radeon Graphics","Null Device",False
2026-10-05T17:29:53.1571260Z,fog,fog-m1024-t8-v32-r2,fog.team,ms,80000,1024,8,32,10,10,4,5,1200,2.937,2.725,4.669,5.747,6.809,"AMD Ryzen 5 5600GT with Radeon Graphics","Null Device",False
2026-10-05T17:29:53.1583220Z,fog,fog-m1024-t8-v32-r2,fog.slice,ms,80000,1024,8,32,10,10,4,5,600,5.875,5.365,9.17,11.516,12.948,"AMD Ryzen 5 5600GT with Radeon Graphics","Null Device",False
2026-10-05T17:29:53.1590280Z,fog,fog-m1024-t8-v32-r2,fog.slice.busy,ms,80000,1024,8,32,10,10,4,5,600,5.875,5.365,9.17,11.516,12.948,"AMD Ryzen 5 5600GT with Radeon Graphics","Null Device",False
2026-10-05T17:29:53.1596930Z,fog,fog-m1024-t8-v32-r2,fog.changed,cells,80000,1024,8,32,10,10,4,5,1200,118.744,17,519.1,918.2,1206,"AMD Ryzen 5 5600GT with Radeon Graphics","Null Device",False
2026-10-05T17:30:13.6470390Z,fog,fog-m1024-t8-bv20-r2,fog.sources,sources,80000,1024,8,8,20,10,4,5,8,1536.25,1363.5,2953.2,3549.04,3698,"AMD Ryzen 5 5600GT with Radeon Graphics","Null Device",False
2026-10-05T17:30:13.6564860Z,fog,fog-m1024-t8-bv20-r2,fog.sources.raw,sources,80000,1024,8,8,20,10,4,5,8,10023.125,10030,10030,10030,10030,"AMD Ryzen 5 5600GT with Radeon Graphics","Null Device",False
2026-10-05T17:30:13.6569630Z,fog,fog-m1024-t8-bv20-r2,fog.sources.saved,share,80000,1024,8,8,20,10,4,5,8,0.847,0.864,0.93,0.951,0.956,"AMD Ryzen 5 5600GT with Radeon Graphics","Null Device",False
2026-10-05T17:30:13.6574260Z,fog,fog-m1024-t8-bv20-r2,fog.team,ms,80000,1024,8,8,20,10,4,5,1200,1.282,1.217,1.782,2.035,2.702,"AMD Ryzen 5 5600GT with Radeon Graphics","Null Device",False
2026-10-05T17:30:13.6586270Z,fog,fog-m1024-t8-bv20-r2,fog.slice,ms,80000,1024,8,8,20,10,4,5,600,2.565,2.456,3.504,3.912,4.343,"AMD Ryzen 5 5600GT with Radeon Graphics","Null Device",False
2026-10-05T17:30:13.6593000Z,fog,fog-m1024-t8-bv20-r2,fog.slice.busy,ms,80000,1024,8,8,20,10,4,5,600,2.565,2.456,3.504,3.912,4.343,"AMD Ryzen 5 5600GT with Radeon Graphics","Null Device",False
2026-10-05T17:30:13.6599550Z,fog,fog-m1024-t8-bv20-r2,fog.changed,cells,80000,1024,8,8,20,10,4,5,1200,56.472,11,223.05,274.04,592,"AMD Ryzen 5 5600GT with Radeon Graphics","Null Device",False
2026-10-05T17:30:33.1876010Z,fog,fog-m1024-t2-v6-r2,fog.sources,sources,80000,1024,2,6,10,10,4,5,2,6145.5,6145.5,6987.45,7062.29,7081,"AMD Ryzen 5 5600GT with Radeon Graphics","Null Device",False
2026-10-05T17:30:33.1975350Z,fog,fog-m1024-t2-v6-r2,fog.sources.raw,sources,80000,1024,2,6,10,10,4,5,2,40092,40092,40114.5,40116.5,40117,"AMD Ryzen 5 5600GT with Radeon Graphics","Null Device",False
2026-10-05T17:30:33.1981560Z,fog,fog-m1024-t2-v6-r2,fog.sources.saved,share,80000,1024,2,6,10,10,4,5,2,0.847,0.847,0.868,0.87,0.87,"AMD Ryzen 5 5600GT with Radeon Graphics","Null Device",False
2026-10-05T17:30:33.1987330Z,fog,fog-m1024-t2-v6-r2,fog.team,ms,80000,1024,2,6,10,10,4,5,300,2.391,2.274,3.262,3.552,3.648,"AMD Ryzen 5 5600GT with Radeon Graphics","Null Device",False
2026-10-05T17:30:33.1998850Z,fog,fog-m1024-t2-v6-r2,fog.slice,ms,80000,1024,2,6,10,10,4,5,600,1.196,0.872,3.055,3.477,3.649,"AMD Ryzen 5 5600GT with Radeon Graphics","Null Device",False
2026-10-05T17:30:33.2009060Z,fog,fog-m1024-t2-v6-r2,fog.slice.busy,ms,80000,1024,2,6,10,10,4,5,300,2.392,2.276,3.263,3.553,3.649,"AMD Ryzen 5 5600GT with Radeon Graphics","Null Device",False
2026-10-05T17:30:33.2017260Z,fog,fog-m1024-t2-v6-r2,fog.changed,cells,80000,1024,2,6,10,10,4,5,300,149.25,152.5,350.05,402.03,442,"AMD Ryzen 5 5600GT with Radeon Graphics","Null Device",False
2026-10-05T17:30:52.8231740Z,fog,fog-m1024-t2-v8-r2,fog.sources,sources,80000,1024,2,8,10,10,4,5,2,6145.5,6145.5,6987.45,7062.29,7081,"AMD Ryzen 5 5600GT with Radeon Graphics","Null Device",False
2026-10-05T17:30:52.8325960Z,fog,fog-m1024-t2-v8-r2,fog.sources.raw,sources,80000,1024,2,8,10,10,4,5,2,40092,40092,40114.5,40116.5,40117,"AMD Ryzen 5 5600GT with Radeon Graphics","Null Device",False
2026-10-05T17:30:52.8333370Z,fog,fog-m1024-t2-v8-r2,fog.sources.saved,share,80000,1024,2,8,10,10,4,5,2,0.847,0.847,0.868,0.87,0.87,"AMD Ryzen 5 5600GT with Radeon Graphics","Null Device",False
2026-10-05T17:30:52.8340190Z,fog,fog-m1024-t2-v8-r2,fog.team,ms,80000,1024,2,8,10,10,4,5,300,2.926,2.802,3.902,4.226,4.429,"AMD Ryzen 5 5600GT with Radeon Graphics","Null Device",False
2026-10-05T17:30:52.8351100Z,fog,fog-m1024-t2-v8-r2,fog.slice,ms,80000,1024,2,8,10,10,4,5,600,1.464,1.075,3.727,4.145,4.43,"AMD Ryzen 5 5600GT with Radeon Graphics","Null Device",False
2026-10-05T17:30:52.8360790Z,fog,fog-m1024-t2-v8-r2,fog.slice.busy,ms,80000,1024,2,8,10,10,4,5,300,2.927,2.804,3.904,4.228,4.43,"AMD Ryzen 5 5600GT with Radeon Graphics","Null Device",False
2026-10-05T17:30:52.8368920Z,fog,fog-m1024-t2-v8-r2,fog.changed,cells,80000,1024,2,8,10,10,4,5,300,168.62,182.5,398.1,456.33,493,"AMD Ryzen 5 5600GT with Radeon Graphics","Null Device",False
2026-10-05T17:31:13.3390440Z,fog,fog-m1024-t2-v12-r2,fog.sources,sources,80000,1024,2,12,10,10,4,5,2,6145.5,6145.5,6987.45,7062.29,7081,"AMD Ryzen 5 5600GT with Radeon Graphics","Null Device",False
2026-10-05T17:31:13.3487620Z,fog,fog-m1024-t2-v12-r2,fog.sources.raw,sources,80000,1024,2,12,10,10,4,5,2,40092,40092,40114.5,40116.5,40117,"AMD Ryzen 5 5600GT with Radeon Graphics","Null Device",False
2026-10-05T17:31:13.3492630Z,fog,fog-m1024-t2-v12-r2,fog.sources.saved,share,80000,1024,2,12,10,10,4,5,2,0.847,0.847,0.868,0.87,0.87,"AMD Ryzen 5 5600GT with Radeon Graphics","Null Device",False
2026-10-05T17:31:13.3497900Z,fog,fog-m1024-t2-v12-r2,fog.team,ms,80000,1024,2,12,10,10,4,5,300,4.147,3.91,5.931,6.322,6.775,"AMD Ryzen 5 5600GT with Radeon Graphics","Null Device",False
2026-10-05T17:31:13.3505670Z,fog,fog-m1024-t2-v12-r2,fog.slice,ms,80000,1024,2,12,10,10,4,5,600,2.074,1.436,5.448,6.053,6.776,"AMD Ryzen 5 5600GT with Radeon Graphics","Null Device",False
2026-10-05T17:31:13.3513210Z,fog,fog-m1024-t2-v12-r2,fog.slice.busy,ms,80000,1024,2,12,10,10,4,5,300,4.148,3.911,5.932,6.323,6.776,"AMD Ryzen 5 5600GT with Radeon Graphics","Null Device",False
2026-10-05T17:31:13.3519630Z,fog,fog-m1024-t2-v12-r2,fog.changed,cells,80000,1024,2,12,10,10,4,5,300,205.497,192,522,559.32,616,"AMD Ryzen 5 5600GT with Radeon Graphics","Null Device",False
2026-10-05T17:31:33.8702870Z,fog,fog-m1024-t2-v16-r2,fog.sources,sources,80000,1024,2,16,10,10,4,5,2,6145.5,6145.5,6987.45,7062.29,7081,"AMD Ryzen 5 5600GT with Radeon Graphics","Null Device",False
2026-10-05T17:31:33.8813970Z,fog,fog-m1024-t2-v16-r2,fog.sources.raw,sources,80000,1024,2,16,10,10,4,5,2,40092,40092,40114.5,40116.5,40117,"AMD Ryzen 5 5600GT with Radeon Graphics","Null Device",False
2026-10-05T17:31:33.8819450Z,fog,fog-m1024-t2-v16-r2,fog.sources.saved,share,80000,1024,2,16,10,10,4,5,2,0.847,0.847,0.868,0.87,0.87,"AMD Ryzen 5 5600GT with Radeon Graphics","Null Device",False
2026-10-05T17:31:33.8824600Z,fog,fog-m1024-t2-v16-r2,fog.team,ms,80000,1024,2,16,10,10,4,5,300,5.321,4.933,7.677,8.738,9.987,"AMD Ryzen 5 5600GT with Radeon Graphics","Null Device",False
2026-10-05T17:31:33.8833280Z,fog,fog-m1024-t2-v16-r2,fog.slice,ms,80000,1024,2,16,10,10,4,5,600,2.661,1.807,7.35,8.21,9.988,"AMD Ryzen 5 5600GT with Radeon Graphics","Null Device",False
2026-10-05T17:31:33.8841030Z,fog,fog-m1024-t2-v16-r2,fog.slice.busy,ms,80000,1024,2,16,10,10,4,5,300,5.323,4.934,7.679,8.739,9.988,"AMD Ryzen 5 5600GT with Radeon Graphics","Null Device",False
2026-10-05T17:31:33.8847160Z,fog,fog-m1024-t2-v16-r2,fog.changed,cells,80000,1024,2,16,10,10,4,5,300,244.327,228.5,642.2,715.23,788,"AMD Ryzen 5 5600GT with Radeon Graphics","Null Device",False
2026-10-05T17:31:54.9565780Z,fog,fog-m1024-t2-v24-r2,fog.sources,sources,80000,1024,2,24,10,10,4,5,2,6145.5,6145.5,6987.45,7062.29,7081,"AMD Ryzen 5 5600GT with Radeon Graphics","Null Device",False
2026-10-05T17:31:54.9671880Z,fog,fog-m1024-t2-v24-r2,fog.sources.raw,sources,80000,1024,2,24,10,10,4,5,2,40092,40092,40114.5,40116.5,40117,"AMD Ryzen 5 5600GT with Radeon Graphics","Null Device",False
2026-10-05T17:31:54.9676960Z,fog,fog-m1024-t2-v24-r2,fog.sources.saved,share,80000,1024,2,24,10,10,4,5,2,0.847,0.847,0.868,0.87,0.87,"AMD Ryzen 5 5600GT with Radeon Graphics","Null Device",False
2026-10-05T17:31:54.9681550Z,fog,fog-m1024-t2-v24-r2,fog.team,ms,80000,1024,2,24,10,10,4,5,300,7.209,6.575,11.251,12.028,12.972,"AMD Ryzen 5 5600GT with Radeon Graphics","Null Device",False
2026-10-05T17:31:54.9689240Z,fog,fog-m1024-t2-v24-r2,fog.slice,ms,80000,1024,2,24,10,10,4,5,600,3.605,2.52,10.077,11.661,12.973,"AMD Ryzen 5 5600GT with Radeon Graphics","Null Device",False
2026-10-05T17:31:54.9695830Z,fog,fog-m1024-t2-v24-r2,fog.slice.busy,ms,80000,1024,2,24,10,10,4,5,300,7.211,6.576,11.252,12.029,12.973,"AMD Ryzen 5 5600GT with Radeon Graphics","Null Device",False
2026-10-05T17:31:54.9701200Z,fog,fog-m1024-t2-v24-r2,fog.changed,cells,80000,1024,2,24,10,10,4,5,300,342.45,265.5,959.4,1159.14,1259,"AMD Ryzen 5 5600GT with Radeon Graphics","Null Device",False
2026-10-05T17:32:16.3910140Z,fog,fog-m1024-t2-v32-r2,fog.sources,sources,80000,1024,2,32,10,10,4,5,2,6145.5,6145.5,6987.45,7062.29,7081,"AMD Ryzen 5 5600GT with Radeon Graphics","Null Device",False
2026-10-05T17:32:16.4004910Z,fog,fog-m1024-t2-v32-r2,fog.sources.raw,sources,80000,1024,2,32,10,10,4,5,2,40092,40092,40114.5,40116.5,40117,"AMD Ryzen 5 5600GT with Radeon Graphics","Null Device",False
2026-10-05T17:32:16.4009670Z,fog,fog-m1024-t2-v32-r2,fog.sources.saved,share,80000,1024,2,32,10,10,4,5,2,0.847,0.847,0.868,0.87,0.87,"AMD Ryzen 5 5600GT with Radeon Graphics","Null Device",False
2026-10-05T17:32:16.4014230Z,fog,fog-m1024-t2-v32-r2,fog.team,ms,80000,1024,2,32,10,10,4,5,300,8.496,7.89,12.944,13.649,14.217,"AMD Ryzen 5 5600GT with Radeon Graphics","Null Device",False
2026-10-05T17:32:16.4021630Z,fog,fog-m1024-t2-v32-r2,fog.slice,ms,80000,1024,2,32,10,10,4,5,600,4.249,3.008,12.078,13.444,14.218,"AMD Ryzen 5 5600GT with Radeon Graphics","Null Device",False
2026-10-05T17:32:16.4028180Z,fog,fog-m1024-t2-v32-r2,fog.slice.busy,ms,80000,1024,2,32,10,10,4,5,300,8.497,7.891,12.946,13.65,14.218,"AMD Ryzen 5 5600GT with Radeon Graphics","Null Device",False
2026-10-05T17:32:16.4033710Z,fog,fog-m1024-t2-v32-r2,fog.changed,cells,80000,1024,2,32,10,10,4,5,300,413.653,279.5,1253.4,1477.02,1625,"AMD Ryzen 5 5600GT with Radeon Graphics","Null Device",False
2026-10-05T17:32:36.0920350Z,fog,fog-m1024-t2-bv20-r2,fog.sources,sources,80000,1024,2,8,20,10,4,5,2,6145.5,6145.5,6987.45,7062.29,7081,"AMD Ryzen 5 5600GT with Radeon Graphics","Null Device",False
2026-10-05T17:32:36.1025140Z,fog,fog-m1024-t2-bv20-r2,fog.sources.raw,sources,80000,1024,2,8,20,10,4,5,2,40092,40092,40114.5,40116.5,40117,"AMD Ryzen 5 5600GT with Radeon Graphics","Null Device",False
2026-10-05T17:32:36.1030420Z,fog,fog-m1024-t2-bv20-r2,fog.sources.saved,share,80000,1024,2,8,20,10,4,5,2,0.847,0.847,0.868,0.87,0.87,"AMD Ryzen 5 5600GT with Radeon Graphics","Null Device",False
2026-10-05T17:32:36.1035610Z,fog,fog-m1024-t2-bv20-r2,fog.team,ms,80000,1024,2,8,20,10,4,5,300,2.99,2.859,3.983,4.341,4.424,"AMD Ryzen 5 5600GT with Radeon Graphics","Null Device",False
2026-10-05T17:32:36.1043900Z,fog,fog-m1024-t2-bv20-r2,fog.slice,ms,80000,1024,2,8,20,10,4,5,600,1.496,1.129,3.754,4.284,4.425,"AMD Ryzen 5 5600GT with Radeon Graphics","Null Device",False
2026-10-05T17:32:36.1050920Z,fog,fog-m1024-t2-bv20-r2,fog.slice.busy,ms,80000,1024,2,8,20,10,4,5,300,2.991,2.861,3.984,4.343,4.425,"AMD Ryzen 5 5600GT with Radeon Graphics","Null Device",False
2026-10-05T17:32:36.1056950Z,fog,fog-m1024-t2-bv20-r2,fog.changed,cells,80000,1024,2,8,20,10,4,5,300,162.543,155.5,384.1,455.22,493,"AMD Ryzen 5 5600GT with Radeon Graphics","Null Device",False
2026-10-05T17:32:54.6102060Z,fog,fog-m512-t8-v6-r3,fog.sources,sources,80000,512,8,6,10,10,4,5,8,1659.875,1438.5,2878.65,3371.73,3495,"AMD Ryzen 5 5600GT with Radeon Graphics","Null Device",False
2026-10-05T17:32:54.6196230Z,fog,fog-m512-t8-v6-r3,fog.sources.raw,sources,80000,512,8,6,10,10,4,5,8,9995,10030,10030,10030,10030,"AMD Ryzen 5 5600GT with Radeon Graphics","Null Device",False
2026-10-05T17:32:54.6201050Z,fog,fog-m512-t8-v6-r3,fog.sources.saved,share,80000,512,8,6,10,10,4,5,8,0.833,0.857,0.885,0.885,0.885,"AMD Ryzen 5 5600GT with Radeon Graphics","Null Device",False
2026-10-05T17:32:54.6205700Z,fog,fog-m512-t8-v6-r3,fog.team,ms,80000,512,8,6,10,10,4,5,1200,0.763,0.708,1.092,1.27,1.792,"AMD Ryzen 5 5600GT with Radeon Graphics","Null Device",False
2026-10-05T17:32:54.6217470Z,fog,fog-m512-t8-v6-r3,fog.slice,ms,80000,512,8,6,10,10,4,5,600,1.527,1.464,2.047,2.395,3.061,"AMD Ryzen 5 5600GT with Radeon Graphics","Null Device",False
2026-10-05T17:32:54.6224180Z,fog,fog-m512-t8-v6-r3,fog.slice.busy,ms,80000,512,8,6,10,10,4,5,600,1.527,1.464,2.047,2.395,3.061,"AMD Ryzen 5 5600GT with Radeon Graphics","Null Device",False
2026-10-05T17:32:54.6230450Z,fog,fog-m512-t8-v6-r3,fog.changed,cells,80000,512,8,6,10,10,4,5,1200,50.53,31,176,258.03,457,"AMD Ryzen 5 5600GT with Radeon Graphics","Null Device",False
2026-10-05T17:33:13.4011520Z,fog,fog-m512-t8-v8-r3,fog.sources,sources,80000,512,8,8,10,10,4,5,8,1659.875,1438.5,2878.65,3371.73,3495,"AMD Ryzen 5 5600GT with Radeon Graphics","Null Device",False
2026-10-05T17:33:13.4106310Z,fog,fog-m512-t8-v8-r3,fog.sources.raw,sources,80000,512,8,8,10,10,4,5,8,9995,10030,10030,10030,10030,"AMD Ryzen 5 5600GT with Radeon Graphics","Null Device",False
2026-10-05T17:33:13.4111340Z,fog,fog-m512-t8-v8-r3,fog.sources.saved,share,80000,512,8,8,10,10,4,5,8,0.833,0.857,0.885,0.885,0.885,"AMD Ryzen 5 5600GT with Radeon Graphics","Null Device",False
2026-10-05T17:33:13.4116290Z,fog,fog-m512-t8-v8-r3,fog.team,ms,80000,512,8,8,10,10,4,5,1200,0.932,0.843,1.418,1.597,2.081,"AMD Ryzen 5 5600GT with Radeon Graphics","Null Device",False
2026-10-05T17:33:13.4128570Z,fog,fog-m512-t8-v8-r3,fog.slice,ms,80000,512,8,8,10,10,4,5,600,1.865,1.782,2.701,3.07,3.692,"AMD Ryzen 5 5600GT with Radeon Graphics","Null Device",False
2026-10-05T17:33:13.4135750Z,fog,fog-m512-t8-v8-r3,fog.slice.busy,ms,80000,512,8,8,10,10,4,5,600,1.865,1.782,2.701,3.07,3.692,"AMD Ryzen 5 5600GT with Radeon Graphics","Null Device",False
2026-10-05T17:33:13.4142540Z,fog,fog-m512-t8-v8-r3,fog.changed,cells,80000,512,8,8,10,10,4,5,1200,51.655,28,195.1,289.01,460,"AMD Ryzen 5 5600GT with Radeon Graphics","Null Device",False
2026-10-05T17:33:32.6298490Z,fog,fog-m512-t8-v12-r3,fog.sources,sources,80000,512,8,12,10,10,4,5,8,1659.875,1438.5,2878.65,3371.73,3495,"AMD Ryzen 5 5600GT with Radeon Graphics","Null Device",False
2026-10-05T17:33:32.6395040Z,fog,fog-m512-t8-v12-r3,fog.sources.raw,sources,80000,512,8,12,10,10,4,5,8,9995,10030,10030,10030,10030,"AMD Ryzen 5 5600GT with Radeon Graphics","Null Device",False
2026-10-05T17:33:32.6400370Z,fog,fog-m512-t8-v12-r3,fog.sources.saved,share,80000,512,8,12,10,10,4,5,8,0.833,0.857,0.885,0.885,0.885,"AMD Ryzen 5 5600GT with Radeon Graphics","Null Device",False
2026-10-05T17:33:32.6405560Z,fog,fog-m512-t8-v12-r3,fog.team,ms,80000,512,8,12,10,10,4,5,1200,1.3,1.146,1.991,2.409,4.159,"AMD Ryzen 5 5600GT with Radeon Graphics","Null Device",False
2026-10-05T17:33:32.6418730Z,fog,fog-m512-t8-v12-r3,fog.slice,ms,80000,512,8,12,10,10,4,5,600,2.602,2.43,3.869,4.618,6.633,"AMD Ryzen 5 5600GT with Radeon Graphics","Null Device",False
2026-10-05T17:33:32.6426050Z,fog,fog-m512-t8-v12-r3,fog.slice.busy,ms,80000,512,8,12,10,10,4,5,600,2.602,2.43,3.869,4.618,6.633,"AMD Ryzen 5 5600GT with Radeon Graphics","Null Device",False
2026-10-05T17:33:32.6433060Z,fog,fog-m512-t8-v12-r3,fog.changed,cells,80000,512,8,12,10,10,4,5,1200,55.536,24,228.1,332.08,567,"AMD Ryzen 5 5600GT with Radeon Graphics","Null Device",False
2026-10-05T17:33:52.2097940Z,fog,fog-m512-t8-v16-r3,fog.sources,sources,80000,512,8,16,10,10,4,5,8,1659.875,1438.5,2878.65,3371.73,3495,"AMD Ryzen 5 5600GT with Radeon Graphics","Null Device",False
2026-10-05T17:33:52.2189870Z,fog,fog-m512-t8-v16-r3,fog.sources.raw,sources,80000,512,8,16,10,10,4,5,8,9995,10030,10030,10030,10030,"AMD Ryzen 5 5600GT with Radeon Graphics","Null Device",False
2026-10-05T17:33:52.2194600Z,fog,fog-m512-t8-v16-r3,fog.sources.saved,share,80000,512,8,16,10,10,4,5,8,0.833,0.857,0.885,0.885,0.885,"AMD Ryzen 5 5600GT with Radeon Graphics","Null Device",False
2026-10-05T17:33:52.2199030Z,fog,fog-m512-t8-v16-r3,fog.team,ms,80000,512,8,16,10,10,4,5,1200,1.645,1.447,2.569,2.931,3.338,"AMD Ryzen 5 5600GT with Radeon Graphics","Null Device",False
2026-10-05T17:33:52.2210710Z,fog,fog-m512-t8-v16-r3,fog.slice,ms,80000,512,8,16,10,10,4,5,600,3.292,3.028,5.063,5.682,6.334,"AMD Ryzen 5 5600GT with Radeon Graphics","Null Device",False
2026-10-05T17:33:52.2217440Z,fog,fog-m512-t8-v16-r3,fog.slice.busy,ms,80000,512,8,16,10,10,4,5,600,3.292,3.028,5.063,5.682,6.334,"AMD Ryzen 5 5600GT with Radeon Graphics","Null Device",False
2026-10-05T17:33:52.2224120Z,fog,fog-m512-t8-v16-r3,fog.changed,cells,80000,512,8,16,10,10,4,5,1200,63.512,28,276,377.22,638,"AMD Ryzen 5 5600GT with Radeon Graphics","Null Device",False
2026-10-05T17:34:12.4608660Z,fog,fog-m512-t8-v24-r3,fog.sources,sources,80000,512,8,24,10,10,4,5,8,1659.875,1438.5,2878.65,3371.73,3495,"AMD Ryzen 5 5600GT with Radeon Graphics","Null Device",False
2026-10-05T17:34:12.4716110Z,fog,fog-m512-t8-v24-r3,fog.sources.raw,sources,80000,512,8,24,10,10,4,5,8,9995,10030,10030,10030,10030,"AMD Ryzen 5 5600GT with Radeon Graphics","Null Device",False
2026-10-05T17:34:12.4721600Z,fog,fog-m512-t8-v24-r3,fog.sources.saved,share,80000,512,8,24,10,10,4,5,8,0.833,0.857,0.885,0.885,0.885,"AMD Ryzen 5 5600GT with Radeon Graphics","Null Device",False
2026-10-05T17:34:12.4726910Z,fog,fog-m512-t8-v24-r3,fog.team,ms,80000,512,8,24,10,10,4,5,1200,2.211,1.96,3.509,4.127,4.885,"AMD Ryzen 5 5600GT with Radeon Graphics","Null Device",False
2026-10-05T17:34:12.4740510Z,fog,fog-m512-t8-v24-r3,fog.slice,ms,80000,512,8,24,10,10,4,5,600,4.423,4.004,6.972,8.186,9.708,"AMD Ryzen 5 5600GT with Radeon Graphics","Null Device",False
2026-10-05T17:34:12.4747920Z,fog,fog-m512-t8-v24-r3,fog.slice.busy,ms,80000,512,8,24,10,10,4,5,600,4.423,4.004,6.972,8.186,9.708,"AMD Ryzen 5 5600GT with Radeon Graphics","Null Device",False
2026-10-05T17:34:12.4754980Z,fog,fog-m512-t8-v24-r3,fog.changed,cells,80000,512,8,24,10,10,4,5,1200,79.767,39.5,357.2,503.07,821,"AMD Ryzen 5 5600GT with Radeon Graphics","Null Device",False
2026-10-05T17:34:33.2121570Z,fog,fog-m512-t8-v32-r3,fog.sources,sources,80000,512,8,32,10,10,4,5,8,1659.875,1438.5,2878.65,3371.73,3495,"AMD Ryzen 5 5600GT with Radeon Graphics","Null Device",False
2026-10-05T17:34:33.2219080Z,fog,fog-m512-t8-v32-r3,fog.sources.raw,sources,80000,512,8,32,10,10,4,5,8,9995,10030,10030,10030,10030,"AMD Ryzen 5 5600GT with Radeon Graphics","Null Device",False
2026-10-05T17:34:33.2224310Z,fog,fog-m512-t8-v32-r3,fog.sources.saved,share,80000,512,8,32,10,10,4,5,8,0.833,0.857,0.885,0.885,0.885,"AMD Ryzen 5 5600GT with Radeon Graphics","Null Device",False
2026-10-05T17:34:33.2229130Z,fog,fog-m512-t8-v32-r3,fog.team,ms,80000,512,8,32,10,10,4,5,1200,2.557,2.299,4.082,4.567,5.842,"AMD Ryzen 5 5600GT with Radeon Graphics","Null Device",False
2026-10-05T17:34:33.2241220Z,fog,fog-m512-t8-v32-r3,fog.slice,ms,80000,512,8,32,10,10,4,5,600,5.116,4.646,8.112,9.32,11.159,"AMD Ryzen 5 5600GT with Radeon Graphics","Null Device",False
2026-10-05T17:34:33.2248680Z,fog,fog-m512-t8-v32-r3,fog.slice.busy,ms,80000,512,8,32,10,10,4,5,600,5.116,4.646,8.112,9.32,11.159,"AMD Ryzen 5 5600GT with Radeon Graphics","Null Device",False
2026-10-05T17:34:33.2255690Z,fog,fog-m512-t8-v32-r3,fog.changed,cells,80000,512,8,32,10,10,4,5,1200,99.432,46,476.15,674.04,918,"AMD Ryzen 5 5600GT with Radeon Graphics","Null Device",False
2026-10-05T17:34:52.0699810Z,fog,fog-m512-t8-bv20-r3,fog.sources,sources,80000,512,8,8,20,10,4,5,8,1659.875,1438.5,2878.65,3371.73,3495,"AMD Ryzen 5 5600GT with Radeon Graphics","Null Device",False
2026-10-05T17:34:52.0793730Z,fog,fog-m512-t8-bv20-r3,fog.sources.raw,sources,80000,512,8,8,20,10,4,5,8,9995,10030,10030,10030,10030,"AMD Ryzen 5 5600GT with Radeon Graphics","Null Device",False
2026-10-05T17:34:52.0798440Z,fog,fog-m512-t8-bv20-r3,fog.sources.saved,share,80000,512,8,8,20,10,4,5,8,0.833,0.857,0.885,0.885,0.885,"AMD Ryzen 5 5600GT with Radeon Graphics","Null Device",False
2026-10-05T17:34:52.0802740Z,fog,fog-m512-t8-bv20-r3,fog.team,ms,80000,512,8,8,20,10,4,5,1200,0.955,0.872,1.405,1.621,1.881,"AMD Ryzen 5 5600GT with Radeon Graphics","Null Device",False
2026-10-05T17:34:52.0820340Z,fog,fog-m512-t8-bv20-r3,fog.slice,ms,80000,512,8,8,20,10,4,5,600,1.912,1.826,2.745,3.058,3.642,"AMD Ryzen 5 5600GT with Radeon Graphics","Null Device",False
2026-10-05T17:34:52.0831340Z,fog,fog-m512-t8-bv20-r3,fog.slice.busy,ms,80000,512,8,8,20,10,4,5,600,1.912,1.826,2.745,3.058,3.642,"AMD Ryzen 5 5600GT with Radeon Graphics","Null Device",False
2026-10-05T17:34:52.0842440Z,fog,fog-m512-t8-bv20-r3,fog.changed,cells,80000,512,8,8,20,10,4,5,1200,49.746,24,195.05,289.01,448,"AMD Ryzen 5 5600GT with Radeon Graphics","Null Device",False
2026-10-05T17:35:10.3013180Z,fog,fog-m512-t2-v6-r3,fog.sources,sources,80000,512,2,6,10,10,4,5,2,6635,6635,8085.8,8214.76,8247,"AMD Ryzen 5 5600GT with Radeon Graphics","Null Device",False
2026-10-05T17:35:10.3109270Z,fog,fog-m512-t2-v6-r3,fog.sources.raw,sources,80000,512,2,6,10,10,4,5,2,39981,39981,40105.2,40116.24,40119,"AMD Ryzen 5 5600GT with Radeon Graphics","Null Device",False
2026-10-05T17:35:10.3114430Z,fog,fog-m512-t2-v6-r3,fog.sources.saved,share,80000,512,2,6,10,10,4,5,2,0.834,0.834,0.871,0.874,0.875,"AMD Ryzen 5 5600GT with Radeon Graphics","Null Device",False
2026-10-05T17:35:10.3119010Z,fog,fog-m512-t2-v6-r3,fog.team,ms,80000,512,2,6,10,10,4,5,300,2.012,1.981,2.822,3.368,4.121,"AMD Ryzen 5 5600GT with Radeon Graphics","Null Device",False
2026-10-05T17:35:10.3126750Z,fog,fog-m512-t2-v6-r3,fog.slice,ms,80000,512,2,6,10,10,4,5,600,1.007,0.637,2.607,3.109,4.123,"AMD Ryzen 5 5600GT with Radeon Graphics","Null Device",False
2026-10-05T17:35:10.3133520Z,fog,fog-m512-t2-v6-r3,fog.slice.busy,ms,80000,512,2,6,10,10,4,5,300,2.013,1.982,2.823,3.369,4.123,"AMD Ryzen 5 5600GT with Radeon Graphics","Null Device",False
2026-10-05T17:35:10.3139030Z,fog,fog-m512-t2-v6-r3,fog.changed,cells,80000,512,2,6,10,10,4,5,300,119.877,104,273.1,331.01,366,"AMD Ryzen 5 5600GT with Radeon Graphics","Null Device",False
2026-10-05T17:35:28.6521670Z,fog,fog-m512-t2-v8-r3,fog.sources,sources,80000,512,2,8,10,10,4,5,2,6635,6635,8085.8,8214.76,8247,"AMD Ryzen 5 5600GT with Radeon Graphics","Null Device",False
2026-10-05T17:35:28.6617210Z,fog,fog-m512-t2-v8-r3,fog.sources.raw,sources,80000,512,2,8,10,10,4,5,2,39981,39981,40105.2,40116.24,40119,"AMD Ryzen 5 5600GT with Radeon Graphics","Null Device",False
2026-10-05T17:35:28.6622000Z,fog,fog-m512-t2-v8-r3,fog.sources.saved,share,80000,512,2,8,10,10,4,5,2,0.834,0.834,0.871,0.874,0.875,"AMD Ryzen 5 5600GT with Radeon Graphics","Null Device",False
2026-10-05T17:35:28.6626590Z,fog,fog-m512-t2-v8-r3,fog.team,ms,80000,512,2,8,10,10,4,5,300,2.575,2.552,3.71,3.896,4.453,"AMD Ryzen 5 5600GT with Radeon Graphics","Null Device",False
2026-10-05T17:35:28.6634220Z,fog,fog-m512-t2-v8-r3,fog.slice,ms,80000,512,2,8,10,10,4,5,600,1.288,0.836,3.495,3.859,4.454,"AMD Ryzen 5 5600GT with Radeon Graphics","Null Device",False
2026-10-05T17:35:28.6640590Z,fog,fog-m512-t2-v8-r3,fog.slice.busy,ms,80000,512,2,8,10,10,4,5,300,2.576,2.553,3.711,3.898,4.454,"AMD Ryzen 5 5600GT with Radeon Graphics","Null Device",False
2026-10-05T17:35:28.6645930Z,fog,fog-m512-t2-v8-r3,fog.changed,cells,80000,512,2,8,10,10,4,5,300,135.12,120,322,371.2,471,"AMD Ryzen 5 5600GT with Radeon Graphics","Null Device",False
2026-10-05T17:35:47.3384900Z,fog,fog-m512-t2-v12-r3,fog.sources,sources,80000,512,2,12,10,10,4,5,2,6635,6635,8085.8,8214.76,8247,"AMD Ryzen 5 5600GT with Radeon Graphics","Null Device",False
2026-10-05T17:35:47.3481800Z,fog,fog-m512-t2-v12-r3,fog.sources.raw,sources,80000,512,2,12,10,10,4,5,2,39981,39981,40105.2,40116.24,40119,"AMD Ryzen 5 5600GT with Radeon Graphics","Null Device",False
2026-10-05T17:35:47.3486960Z,fog,fog-m512-t2-v12-r3,fog.sources.saved,share,80000,512,2,12,10,10,4,5,2,0.834,0.834,0.871,0.874,0.875,"AMD Ryzen 5 5600GT with Radeon Graphics","Null Device",False
2026-10-05T17:35:47.3491680Z,fog,fog-m512-t2-v12-r3,fog.team,ms,80000,512,2,12,10,10,4,5,300,3.739,3.681,5.197,6.275,6.478,"AMD Ryzen 5 5600GT with Radeon Graphics","Null Device",False
2026-10-05T17:35:47.3499370Z,fog,fog-m512-t2-v12-r3,fog.slice,ms,80000,512,2,12,10,10,4,5,600,1.87,1.145,4.911,5.738,6.479,"AMD Ryzen 5 5600GT with Radeon Graphics","Null Device",False
2026-10-05T17:35:47.3506570Z,fog,fog-m512-t2-v12-r3,fog.slice.busy,ms,80000,512,2,12,10,10,4,5,300,3.74,3.682,5.198,6.276,6.479,"AMD Ryzen 5 5600GT with Radeon Graphics","Null Device",False
2026-10-05T17:35:47.3512070Z,fog,fog-m512-t2-v12-r3,fog.changed,cells,80000,512,2,12,10,10,4,5,300,159.837,130,405.1,488.03,616,"AMD Ryzen 5 5600GT with Radeon Graphics","Null Device",False
2026-10-05T17:36:06.3749990Z,fog,fog-m512-t2-v16-r3,fog.sources,sources,80000,512,2,16,10,10,4,5,2,6635,6635,8085.8,8214.76,8247,"AMD Ryzen 5 5600GT with Radeon Graphics","Null Device",False
2026-10-05T17:36:06.3844850Z,fog,fog-m512-t2-v16-r3,fog.sources.raw,sources,80000,512,2,16,10,10,4,5,2,39981,39981,40105.2,40116.24,40119,"AMD Ryzen 5 5600GT with Radeon Graphics","Null Device",False
2026-10-05T17:36:06.3849790Z,fog,fog-m512-t2-v16-r3,fog.sources.saved,share,80000,512,2,16,10,10,4,5,2,0.834,0.834,0.871,0.874,0.875,"AMD Ryzen 5 5600GT with Radeon Graphics","Null Device",False
2026-10-05T17:36:06.3854430Z,fog,fog-m512-t2-v16-r3,fog.team,ms,80000,512,2,16,10,10,4,5,300,4.879,4.822,7.053,7.612,8.292,"AMD Ryzen 5 5600GT with Radeon Graphics","Null Device",False
2026-10-05T17:36:06.3862000Z,fog,fog-m512-t2-v16-r3,fog.slice,ms,80000,512,2,16,10,10,4,5,600,2.44,1.497,6.592,7.324,8.293,"AMD Ryzen 5 5600GT with Radeon Graphics","Null Device",False
2026-10-05T17:36:06.3868520Z,fog,fog-m512-t2-v16-r3,fog.slice.busy,ms,80000,512,2,16,10,10,4,5,300,4.881,4.823,7.055,7.613,8.293,"AMD Ryzen 5 5600GT with Radeon Graphics","Null Device",False
2026-10-05T17:36:06.3874790Z,fog,fog-m512-t2-v16-r3,fog.changed,cells,80000,512,2,16,10,10,4,5,300,191.85,152.5,475.1,573.01,680,"AMD Ryzen 5 5600GT with Radeon Graphics","Null Device",False
2026-10-05T17:36:25.9523880Z,fog,fog-m512-t2-v24-r3,fog.sources,sources,80000,512,2,24,10,10,4,5,2,6635,6635,8085.8,8214.76,8247,"AMD Ryzen 5 5600GT with Radeon Graphics","Null Device",False
2026-10-05T17:36:25.9619420Z,fog,fog-m512-t2-v24-r3,fog.sources.raw,sources,80000,512,2,24,10,10,4,5,2,39981,39981,40105.2,40116.24,40119,"AMD Ryzen 5 5600GT with Radeon Graphics","Null Device",False
2026-10-05T17:36:25.9624420Z,fog,fog-m512-t2-v24-r3,fog.sources.saved,share,80000,512,2,24,10,10,4,5,2,0.834,0.834,0.871,0.874,0.875,"AMD Ryzen 5 5600GT with Radeon Graphics","Null Device",False
2026-10-05T17:36:25.9629000Z,fog,fog-m512-t2-v24-r3,fog.team,ms,80000,512,2,24,10,10,4,5,300,6.746,6.543,9.703,10.344,11.732,"AMD Ryzen 5 5600GT with Radeon Graphics","Null Device",False
2026-10-05T17:36:25.9636880Z,fog,fog-m512-t2-v24-r3,fog.slice,ms,80000,512,2,24,10,10,4,5,600,3.373,2.232,8.976,10.308,11.733,"AMD Ryzen 5 5600GT with Radeon Graphics","Null Device",False
2026-10-05T17:36:25.9643590Z,fog,fog-m512-t2-v24-r3,fog.slice.busy,ms,80000,512,2,24,10,10,4,5,300,6.747,6.544,9.705,10.345,11.733,"AMD Ryzen 5 5600GT with Radeon Graphics","Null Device",False
2026-10-05T17:36:25.9649250Z,fog,fog-m512-t2-v24-r3,fog.changed,cells,80000,512,2,24,10,10,4,5,300,254.35,173,631.1,737.13,784,"AMD Ryzen 5 5600GT with Radeon Graphics","Null Device",False
2026-10-05T17:36:46.0023870Z,fog,fog-m512-t2-v32-r3,fog.sources,sources,80000,512,2,32,10,10,4,5,2,6635,6635,8085.8,8214.76,8247,"AMD Ryzen 5 5600GT with Radeon Graphics","Null Device",False
2026-10-05T17:36:46.0119080Z,fog,fog-m512-t2-v32-r3,fog.sources.raw,sources,80000,512,2,32,10,10,4,5,2,39981,39981,40105.2,40116.24,40119,"AMD Ryzen 5 5600GT with Radeon Graphics","Null Device",False
2026-10-05T17:36:46.0124030Z,fog,fog-m512-t2-v32-r3,fog.sources.saved,share,80000,512,2,32,10,10,4,5,2,0.834,0.834,0.871,0.874,0.875,"AMD Ryzen 5 5600GT with Radeon Graphics","Null Device",False
2026-10-05T17:36:46.0128610Z,fog,fog-m512-t2-v32-r3,fog.team,ms,80000,512,2,32,10,10,4,5,300,8.042,7.768,11.836,13.157,13.909,"AMD Ryzen 5 5600GT with Radeon Graphics","Null Device",False
2026-10-05T17:36:46.0136530Z,fog,fog-m512-t2-v32-r3,fog.slice,ms,80000,512,2,32,10,10,4,5,600,4.022,2.739,10.871,12.167,13.911,"AMD Ryzen 5 5600GT with Radeon Graphics","Null Device",False
2026-10-05T17:36:46.0143090Z,fog,fog-m512-t2-v32-r3,fog.slice.busy,ms,80000,512,2,32,10,10,4,5,300,8.044,7.769,11.837,13.158,13.911,"AMD Ryzen 5 5600GT with Radeon Graphics","Null Device",False
2026-10-05T17:36:46.0148630Z,fog,fog-m512-t2-v32-r3,fog.changed,cells,80000,512,2,32,10,10,4,5,300,328.557,207.5,832.1,928.13,1012,"AMD Ryzen 5 5600GT with Radeon Graphics","Null Device",False
2026-10-05T17:37:04.5484750Z,fog,fog-m512-t2-bv20-r3,fog.sources,sources,80000,512,2,8,20,10,4,5,2,6635,6635,8085.8,8214.76,8247,"AMD Ryzen 5 5600GT with Radeon Graphics","Null Device",False
2026-10-05T17:37:04.5578880Z,fog,fog-m512-t2-bv20-r3,fog.sources.raw,sources,80000,512,2,8,20,10,4,5,2,39981,39981,40105.2,40116.24,40119,"AMD Ryzen 5 5600GT with Radeon Graphics","Null Device",False
2026-10-05T17:37:04.5583670Z,fog,fog-m512-t2-bv20-r3,fog.sources.saved,share,80000,512,2,8,20,10,4,5,2,0.834,0.834,0.871,0.874,0.875,"AMD Ryzen 5 5600GT with Radeon Graphics","Null Device",False
2026-10-05T17:37:04.5588330Z,fog,fog-m512-t2-bv20-r3,fog.team,ms,80000,512,2,8,20,10,4,5,300,2.68,2.618,3.904,4.322,4.644,"AMD Ryzen 5 5600GT with Radeon Graphics","Null Device",False
2026-10-05T17:37:04.5596090Z,fog,fog-m512-t2-bv20-r3,fog.slice,ms,80000,512,2,8,20,10,4,5,600,1.341,0.888,3.525,4.151,4.647,"AMD Ryzen 5 5600GT with Radeon Graphics","Null Device",False
2026-10-05T17:37:04.5602860Z,fog,fog-m512-t2-bv20-r3,fog.slice.busy,ms,80000,512,2,8,20,10,4,5,300,2.682,2.619,3.906,4.324,4.647,"AMD Ryzen 5 5600GT with Radeon Graphics","Null Device",False
2026-10-05T17:37:04.5608600Z,fog,fog-m512-t2-bv20-r3,fog.changed,cells,80000,512,2,8,20,10,4,5,300,127.847,92.5,320.05,365.25,463,"AMD Ryzen 5 5600GT with Radeon Graphics","Null Device",False
2026-10-05T17:37:24.8875300Z,fog,fog-m1024-t8-v6-r3,fog.sources,sources,80000,1024,8,6,10,10,4,5,8,1536.25,1363.5,2953.2,3549.04,3698,"AMD Ryzen 5 5600GT with Radeon Graphics","Null Device",False
2026-10-05T17:37:24.8968910Z,fog,fog-m1024-t8-v6-r3,fog.sources.raw,sources,80000,1024,8,6,10,10,4,5,8,10023.125,10030,10030,10030,10030,"AMD Ryzen 5 5600GT with Radeon Graphics","Null Device",False
2026-10-05T17:37:24.8974140Z,fog,fog-m1024-t8-v6-r3,fog.sources.saved,share,80000,1024,8,6,10,10,4,5,8,0.847,0.864,0.93,0.951,0.956,"AMD Ryzen 5 5600GT with Radeon Graphics","Null Device",False
2026-10-05T17:37:24.8978820Z,fog,fog-m1024-t8-v6-r3,fog.team,ms,80000,1024,8,6,10,10,4,5,1200,1.085,1.02,1.548,1.817,3.436,"AMD Ryzen 5 5600GT with Radeon Graphics","Null Device",False
2026-10-05T17:37:24.8990760Z,fog,fog-m1024-t8-v6-r3,fog.slice,ms,80000,1024,8,6,10,10,4,5,600,2.173,2.052,3.066,3.715,5.133,"AMD Ryzen 5 5600GT with Radeon Graphics","Null Device",False
2026-10-05T17:37:24.8997840Z,fog,fog-m1024-t8-v6-r3,fog.slice.busy,ms,80000,1024,8,6,10,10,4,5,600,2.173,2.052,3.066,3.715,5.133,"AMD Ryzen 5 5600GT with Radeon Graphics","Null Device",False
2026-10-05T17:37:24.9004420Z,fog,fog-m1024-t8-v6-r3,fog.changed,cells,80000,1024,8,6,10,10,4,5,1200,55.723,16,203.05,265,568,"AMD Ryzen 5 5600GT with Radeon Graphics","Null Device",False
2026-10-05T17:37:45.3895680Z,fog,fog-m1024-t8-v8-r3,fog.sources,sources,80000,1024,8,8,10,10,4,5,8,1536.25,1363.5,2953.2,3549.04,3698,"AMD Ryzen 5 5600GT with Radeon Graphics","Null Device",False
2026-10-05T17:37:45.3992770Z,fog,fog-m1024-t8-v8-r3,fog.sources.raw,sources,80000,1024,8,8,10,10,4,5,8,10023.125,10030,10030,10030,10030,"AMD Ryzen 5 5600GT with Radeon Graphics","Null Device",False
2026-10-05T17:37:45.3997940Z,fog,fog-m1024-t8-v8-r3,fog.sources.saved,share,80000,1024,8,8,10,10,4,5,8,0.847,0.864,0.93,0.951,0.956,"AMD Ryzen 5 5600GT with Radeon Graphics","Null Device",False
2026-10-05T17:37:45.4003050Z,fog,fog-m1024-t8-v8-r3,fog.team,ms,80000,1024,8,8,10,10,4,5,1200,1.229,1.161,1.75,1.982,3.444,"AMD Ryzen 5 5600GT with Radeon Graphics","Null Device",False
2026-10-05T17:37:45.4015140Z,fog,fog-m1024-t8-v8-r3,fog.slice,ms,80000,1024,8,8,10,10,4,5,600,2.459,2.314,3.491,4.002,4.73,"AMD Ryzen 5 5600GT with Radeon Graphics","Null Device",False
2026-10-05T17:37:45.4022040Z,fog,fog-m1024-t8-v8-r3,fog.slice.busy,ms,80000,1024,8,8,10,10,4,5,600,2.459,2.314,3.491,4.002,4.73,"AMD Ryzen 5 5600GT with Radeon Graphics","Null Device",False
2026-10-05T17:37:45.4028690Z,fog,fog-m1024-t8-v8-r3,fog.changed,cells,80000,1024,8,8,10,10,4,5,1200,58.033,14,227.05,274.04,595,"AMD Ryzen 5 5600GT with Radeon Graphics","Null Device",False
2026-10-05T17:38:06.3390770Z,fog,fog-m1024-t8-v12-r3,fog.sources,sources,80000,1024,8,12,10,10,4,5,8,1536.25,1363.5,2953.2,3549.04,3698,"AMD Ryzen 5 5600GT with Radeon Graphics","Null Device",False
2026-10-05T17:38:06.3486740Z,fog,fog-m1024-t8-v12-r3,fog.sources.raw,sources,80000,1024,8,12,10,10,4,5,8,10023.125,10030,10030,10030,10030,"AMD Ryzen 5 5600GT with Radeon Graphics","Null Device",False
2026-10-05T17:38:06.3493500Z,fog,fog-m1024-t8-v12-r3,fog.sources.saved,share,80000,1024,8,12,10,10,4,5,8,0.847,0.864,0.93,0.951,0.956,"AMD Ryzen 5 5600GT with Radeon Graphics","Null Device",False
2026-10-05T17:38:06.3499710Z,fog,fog-m1024-t8-v12-r3,fog.team,ms,80000,1024,8,12,10,10,4,5,1200,1.599,1.471,2.368,2.645,3.336,"AMD Ryzen 5 5600GT with Radeon Graphics","Null Device",False
2026-10-05T17:38:06.3512370Z,fog,fog-m1024-t8-v12-r3,fog.slice,ms,80000,1024,8,12,10,10,4,5,600,3.199,2.982,4.762,5.129,6.14,"AMD Ryzen 5 5600GT with Radeon Graphics","Null Device",False
2026-10-05T17:38:06.3519860Z,fog,fog-m1024-t8-v12-r3,fog.slice.busy,ms,80000,1024,8,12,10,10,4,5,600,3.199,2.982,4.762,5.129,6.14,"AMD Ryzen 5 5600GT with Radeon Graphics","Null Device",False
2026-10-05T17:38:06.3527900Z,fog,fog-m1024-t8-v12-r3,fog.changed,cells,80000,1024,8,12,10,10,4,5,1200,65.517,13,273.05,351.02,592,"AMD Ryzen 5 5600GT with Radeon Graphics","Null Device",False
2026-10-05T17:38:27.6379440Z,fog,fog-m1024-t8-v16-r3,fog.sources,sources,80000,1024,8,16,10,10,4,5,8,1536.25,1363.5,2953.2,3549.04,3698,"AMD Ryzen 5 5600GT with Radeon Graphics","Null Device",False
2026-10-05T17:38:27.6500140Z,fog,fog-m1024-t8-v16-r3,fog.sources.raw,sources,80000,1024,8,16,10,10,4,5,8,10023.125,10030,10030,10030,10030,"AMD Ryzen 5 5600GT with Radeon Graphics","Null Device",False
2026-10-05T17:38:27.6507770Z,fog,fog-m1024-t8-v16-r3,fog.sources.saved,share,80000,1024,8,16,10,10,4,5,8,0.847,0.864,0.93,0.951,0.956,"AMD Ryzen 5 5600GT with Radeon Graphics","Null Device",False
2026-10-05T17:38:27.6514900Z,fog,fog-m1024-t8-v16-r3,fog.team,ms,80000,1024,8,16,10,10,4,5,1200,1.974,1.812,3.025,3.459,4.037,"AMD Ryzen 5 5600GT with Radeon Graphics","Null Device",False
2026-10-05T17:38:27.6532850Z,fog,fog-m1024-t8-v16-r3,fog.slice,ms,80000,1024,8,16,10,10,4,5,600,3.951,3.613,6.041,6.962,7.683,"AMD Ryzen 5 5600GT with Radeon Graphics","Null Device",False
2026-10-05T17:38:27.6543260Z,fog,fog-m1024-t8-v16-r3,fog.slice.busy,ms,80000,1024,8,16,10,10,4,5,600,3.951,3.613,6.041,6.962,7.683,"AMD Ryzen 5 5600GT with Radeon Graphics","Null Device",False
2026-10-05T17:38:27.6553500Z,fog,fog-m1024-t8-v16-r3,fog.changed,cells,80000,1024,8,16,10,10,4,5,1200,74.709,13,321.05,446.03,582,"AMD Ryzen 5 5600GT with Radeon Graphics","Null Device",False
2026-10-05T17:38:49.8068720Z,fog,fog-m1024-t8-v24-r3,fog.sources,sources,80000,1024,8,24,10,10,4,5,8,1536.25,1363.5,2953.2,3549.04,3698,"AMD Ryzen 5 5600GT with Radeon Graphics","Null Device",False
2026-10-05T17:38:49.8169310Z,fog,fog-m1024-t8-v24-r3,fog.sources.raw,sources,80000,1024,8,24,10,10,4,5,8,10023.125,10030,10030,10030,10030,"AMD Ryzen 5 5600GT with Radeon Graphics","Null Device",False
2026-10-05T17:38:49.8174720Z,fog,fog-m1024-t8-v24-r3,fog.sources.saved,share,80000,1024,8,24,10,10,4,5,8,0.847,0.864,0.93,0.951,0.956,"AMD Ryzen 5 5600GT with Radeon Graphics","Null Device",False
2026-10-05T17:38:49.8179610Z,fog,fog-m1024-t8-v24-r3,fog.team,ms,80000,1024,8,24,10,10,4,5,1200,2.573,2.39,4.009,4.575,5.574,"AMD Ryzen 5 5600GT with Radeon Graphics","Null Device",False
2026-10-05T17:38:49.8192280Z,fog,fog-m1024-t8-v24-r3,fog.slice,ms,80000,1024,8,24,10,10,4,5,600,5.148,4.709,8.004,9.008,9.842,"AMD Ryzen 5 5600GT with Radeon Graphics","Null Device",False
2026-10-05T17:38:49.8199560Z,fog,fog-m1024-t8-v24-r3,fog.slice.busy,ms,80000,1024,8,24,10,10,4,5,600,5.148,4.709,8.004,9.008,9.842,"AMD Ryzen 5 5600GT with Radeon Graphics","Null Device",False
2026-10-05T17:38:49.8206690Z,fog,fog-m1024-t8-v24-r3,fog.changed,cells,80000,1024,8,24,10,10,4,5,1200,99.893,15,435,673.07,907,"AMD Ryzen 5 5600GT with Radeon Graphics","Null Device",False
2026-10-05T17:39:12.5256140Z,fog,fog-m1024-t8-v32-r3,fog.sources,sources,80000,1024,8,32,10,10,4,5,8,1536.25,1363.5,2953.2,3549.04,3698,"AMD Ryzen 5 5600GT with Radeon Graphics","Null Device",False
2026-10-05T17:39:12.5350620Z,fog,fog-m1024-t8-v32-r3,fog.sources.raw,sources,80000,1024,8,32,10,10,4,5,8,10023.125,10030,10030,10030,10030,"AMD Ryzen 5 5600GT with Radeon Graphics","Null Device",False
2026-10-05T17:39:12.5355460Z,fog,fog-m1024-t8-v32-r3,fog.sources.saved,share,80000,1024,8,32,10,10,4,5,8,0.847,0.864,0.93,0.951,0.956,"AMD Ryzen 5 5600GT with Radeon Graphics","Null Device",False
2026-10-05T17:39:12.5359990Z,fog,fog-m1024-t8-v32-r3,fog.team,ms,80000,1024,8,32,10,10,4,5,1200,2.956,2.75,4.691,5.696,6.492,"AMD Ryzen 5 5600GT with Radeon Graphics","Null Device",False
2026-10-05T17:39:12.5371940Z,fog,fog-m1024-t8-v32-r3,fog.slice,ms,80000,1024,8,32,10,10,4,5,600,5.914,5.33,9.421,11.618,12.234,"AMD Ryzen 5 5600GT with Radeon Graphics","Null Device",False
2026-10-05T17:39:12.5378850Z,fog,fog-m1024-t8-v32-r3,fog.slice.busy,ms,80000,1024,8,32,10,10,4,5,600,5.914,5.33,9.421,11.618,12.234,"AMD Ryzen 5 5600GT with Radeon Graphics","Null Device",False
2026-10-05T17:39:12.5385520Z,fog,fog-m1024-t8-v32-r3,fog.changed,cells,80000,1024,8,32,10,10,4,5,1200,118.744,17,519.1,918.2,1206,"AMD Ryzen 5 5600GT with Radeon Graphics","Null Device",False
2026-10-05T17:39:33.0338010Z,fog,fog-m1024-t8-bv20-r3,fog.sources,sources,80000,1024,8,8,20,10,4,5,8,1536.25,1363.5,2953.2,3549.04,3698,"AMD Ryzen 5 5600GT with Radeon Graphics","Null Device",False
2026-10-05T17:39:33.0435350Z,fog,fog-m1024-t8-bv20-r3,fog.sources.raw,sources,80000,1024,8,8,20,10,4,5,8,10023.125,10030,10030,10030,10030,"AMD Ryzen 5 5600GT with Radeon Graphics","Null Device",False
2026-10-05T17:39:33.0440460Z,fog,fog-m1024-t8-bv20-r3,fog.sources.saved,share,80000,1024,8,8,20,10,4,5,8,0.847,0.864,0.93,0.951,0.956,"AMD Ryzen 5 5600GT with Radeon Graphics","Null Device",False
2026-10-05T17:39:33.0445390Z,fog,fog-m1024-t8-bv20-r3,fog.team,ms,80000,1024,8,8,20,10,4,5,1200,1.252,1.181,1.76,1.962,2.259,"AMD Ryzen 5 5600GT with Radeon Graphics","Null Device",False
2026-10-05T17:39:33.0457280Z,fog,fog-m1024-t8-bv20-r3,fog.slice,ms,80000,1024,8,8,20,10,4,5,600,2.505,2.391,3.4,3.837,4.257,"AMD Ryzen 5 5600GT with Radeon Graphics","Null Device",False
2026-10-05T17:39:33.0464190Z,fog,fog-m1024-t8-bv20-r3,fog.slice.busy,ms,80000,1024,8,8,20,10,4,5,600,2.505,2.391,3.4,3.837,4.257,"AMD Ryzen 5 5600GT with Radeon Graphics","Null Device",False
2026-10-05T17:39:33.0470670Z,fog,fog-m1024-t8-bv20-r3,fog.changed,cells,80000,1024,8,8,20,10,4,5,1200,56.472,11,223.05,274.04,592,"AMD Ryzen 5 5600GT with Radeon Graphics","Null Device",False
2026-10-05T17:39:52.5545810Z,fog,fog-m1024-t2-v6-r3,fog.sources,sources,80000,1024,2,6,10,10,4,5,2,6145.5,6145.5,6987.45,7062.29,7081,"AMD Ryzen 5 5600GT with Radeon Graphics","Null Device",False
2026-10-05T17:39:52.5639790Z,fog,fog-m1024-t2-v6-r3,fog.sources.raw,sources,80000,1024,2,6,10,10,4,5,2,40092,40092,40114.5,40116.5,40117,"AMD Ryzen 5 5600GT with Radeon Graphics","Null Device",False
2026-10-05T17:39:52.5644670Z,fog,fog-m1024-t2-v6-r3,fog.sources.saved,share,80000,1024,2,6,10,10,4,5,2,0.847,0.847,0.868,0.87,0.87,"AMD Ryzen 5 5600GT with Radeon Graphics","Null Device",False
2026-10-05T17:39:52.5649200Z,fog,fog-m1024-t2-v6-r3,fog.team,ms,80000,1024,2,6,10,10,4,5,300,2.399,2.304,3.177,3.456,4.225,"AMD Ryzen 5 5600GT with Radeon Graphics","Null Device",False
2026-10-05T17:39:52.5657090Z,fog,fog-m1024-t2-v6-r3,fog.slice,ms,80000,1024,2,6,10,10,4,5,600,1.2,0.885,3.045,3.366,4.226,"AMD Ryzen 5 5600GT with Radeon Graphics","Null Device",False
2026-10-05T17:39:52.5663530Z,fog,fog-m1024-t2-v6-r3,fog.slice.busy,ms,80000,1024,2,6,10,10,4,5,300,2.401,2.305,3.178,3.458,4.226,"AMD Ryzen 5 5600GT with Radeon Graphics","Null Device",False
2026-10-05T17:39:52.5669070Z,fog,fog-m1024-t2-v6-r3,fog.changed,cells,80000,1024,2,6,10,10,4,5,300,149.25,152.5,350.05,402.03,442,"AMD Ryzen 5 5600GT with Radeon Graphics","Null Device",False
2026-10-05T17:40:12.1877200Z,fog,fog-m1024-t2-v8-r3,fog.sources,sources,80000,1024,2,8,10,10,4,5,2,6145.5,6145.5,6987.45,7062.29,7081,"AMD Ryzen 5 5600GT with Radeon Graphics","Null Device",False
2026-10-05T17:40:12.1971560Z,fog,fog-m1024-t2-v8-r3,fog.sources.raw,sources,80000,1024,2,8,10,10,4,5,2,40092,40092,40114.5,40116.5,40117,"AMD Ryzen 5 5600GT with Radeon Graphics","Null Device",False
2026-10-05T17:40:12.1976410Z,fog,fog-m1024-t2-v8-r3,fog.sources.saved,share,80000,1024,2,8,10,10,4,5,2,0.847,0.847,0.868,0.87,0.87,"AMD Ryzen 5 5600GT with Radeon Graphics","Null Device",False
2026-10-05T17:40:12.1980970Z,fog,fog-m1024-t2-v8-r3,fog.team,ms,80000,1024,2,8,10,10,4,5,300,2.924,2.768,4.015,4.267,4.654,"AMD Ryzen 5 5600GT with Radeon Graphics","Null Device",False
2026-10-05T17:40:12.1988410Z,fog,fog-m1024-t2-v8-r3,fog.slice,ms,80000,1024,2,8,10,10,4,5,600,1.463,1.08,3.708,4.196,4.656,"AMD Ryzen 5 5600GT with Radeon Graphics","Null Device",False
2026-10-05T17:40:12.1994880Z,fog,fog-m1024-t2-v8-r3,fog.slice.busy,ms,80000,1024,2,8,10,10,4,5,300,2.926,2.769,4.016,4.268,4.656,"AMD Ryzen 5 5600GT with Radeon Graphics","Null Device",False
2026-10-05T17:40:12.2000150Z,fog,fog-m1024-t2-v8-r3,fog.changed,cells,80000,1024,2,8,10,10,4,5,300,168.62,182.5,398.1,456.33,493,"AMD Ryzen 5 5600GT with Radeon Graphics","Null Device",False
2026-10-05T17:40:32.3987240Z,fog,fog-m1024-t2-v12-r3,fog.sources,sources,80000,1024,2,12,10,10,4,5,2,6145.5,6145.5,6987.45,7062.29,7081,"AMD Ryzen 5 5600GT with Radeon Graphics","Null Device",False
2026-10-05T17:40:32.4092350Z,fog,fog-m1024-t2-v12-r3,fog.sources.raw,sources,80000,1024,2,12,10,10,4,5,2,40092,40092,40114.5,40116.5,40117,"AMD Ryzen 5 5600GT with Radeon Graphics","Null Device",False
2026-10-05T17:40:32.4097680Z,fog,fog-m1024-t2-v12-r3,fog.sources.saved,share,80000,1024,2,12,10,10,4,5,2,0.847,0.847,0.868,0.87,0.87,"AMD Ryzen 5 5600GT with Radeon Graphics","Null Device",False
2026-10-05T17:40:32.4102580Z,fog,fog-m1024-t2-v12-r3,fog.team,ms,80000,1024,2,12,10,10,4,5,300,4.167,3.838,6.397,6.843,7.008,"AMD Ryzen 5 5600GT with Radeon Graphics","Null Device",False
2026-10-05T17:40:32.4110760Z,fog,fog-m1024-t2-v12-r3,fog.slice,ms,80000,1024,2,12,10,10,4,5,600,2.084,1.488,5.776,6.631,7.009,"AMD Ryzen 5 5600GT with Radeon Graphics","Null Device",False
2026-10-05T17:40:32.4117880Z,fog,fog-m1024-t2-v12-r3,fog.slice.busy,ms,80000,1024,2,12,10,10,4,5,300,4.169,3.839,6.399,6.844,7.009,"AMD Ryzen 5 5600GT with Radeon Graphics","Null Device",False
2026-10-05T17:40:32.4123750Z,fog,fog-m1024-t2-v12-r3,fog.changed,cells,80000,1024,2,12,10,10,4,5,300,205.497,192,522,559.32,616,"AMD Ryzen 5 5600GT with Radeon Graphics","Null Device",False
2026-10-05T17:40:52.9141060Z,fog,fog-m1024-t2-v16-r3,fog.sources,sources,80000,1024,2,16,10,10,4,5,2,6145.5,6145.5,6987.45,7062.29,7081,"AMD Ryzen 5 5600GT with Radeon Graphics","Null Device",False
2026-10-05T17:40:52.9236480Z,fog,fog-m1024-t2-v16-r3,fog.sources.raw,sources,80000,1024,2,16,10,10,4,5,2,40092,40092,40114.5,40116.5,40117,"AMD Ryzen 5 5600GT with Radeon Graphics","Null Device",False
2026-10-05T17:40:52.9241300Z,fog,fog-m1024-t2-v16-r3,fog.sources.saved,share,80000,1024,2,16,10,10,4,5,2,0.847,0.847,0.868,0.87,0.87,"AMD Ryzen 5 5600GT with Radeon Graphics","Null Device",False
2026-10-05T17:40:52.9245860Z,fog,fog-m1024-t2-v16-r3,fog.team,ms,80000,1024,2,16,10,10,4,5,300,5.328,4.916,7.761,9.043,9.534,"AMD Ryzen 5 5600GT with Radeon Graphics","Null Device",False
2026-10-05T17:40:52.9253410Z,fog,fog-m1024-t2-v16-r3,fog.slice,ms,80000,1024,2,16,10,10,4,5,600,2.665,1.806,7.394,8.558,9.536,"AMD Ryzen 5 5600GT with Radeon Graphics","Null Device",False
2026-10-05T17:40:52.9259750Z,fog,fog-m1024-t2-v16-r3,fog.slice.busy,ms,80000,1024,2,16,10,10,4,5,300,5.33,4.918,7.762,9.045,9.536,"AMD Ryzen 5 5600GT with Radeon Graphics","Null Device",False
2026-10-05T17:40:52.9265060Z,fog,fog-m1024-t2-v16-r3,fog.changed,cells,80000,1024,2,16,10,10,4,5,300,244.327,228.5,642.2,715.23,788,"AMD Ryzen 5 5600GT with Radeon Graphics","Null Device",False
2026-10-05T17:41:13.9702060Z,fog,fog-m1024-t2-v24-r3,fog.sources,sources,80000,1024,2,24,10,10,4,5,2,6145.5,6145.5,6987.45,7062.29,7081,"AMD Ryzen 5 5600GT with Radeon Graphics","Null Device",False
2026-10-05T17:41:13.9837210Z,fog,fog-m1024-t2-v24-r3,fog.sources.raw,sources,80000,1024,2,24,10,10,4,5,2,40092,40092,40114.5,40116.5,40117,"AMD Ryzen 5 5600GT with Radeon Graphics","Null Device",False
2026-10-05T17:41:13.9844750Z,fog,fog-m1024-t2-v24-r3,fog.sources.saved,share,80000,1024,2,24,10,10,4,5,2,0.847,0.847,0.868,0.87,0.87,"AMD Ryzen 5 5600GT with Radeon Graphics","Null Device",False
2026-10-05T17:41:13.9851650Z,fog,fog-m1024-t2-v24-r3,fog.team,ms,80000,1024,2,24,10,10,4,5,300,7.193,6.592,10.745,11.467,12.269,"AMD Ryzen 5 5600GT with Radeon Graphics","Null Device",False
2026-10-05T17:41:13.9859340Z,fog,fog-m1024-t2-v24-r3,fog.slice,ms,80000,1024,2,24,10,10,4,5,600,3.597,2.471,10.151,11.283,12.271,"AMD Ryzen 5 5600GT with Radeon Graphics","Null Device",False
2026-10-05T17:41:13.9865950Z,fog,fog-m1024-t2-v24-r3,fog.slice.busy,ms,80000,1024,2,24,10,10,4,5,300,7.194,6.593,10.746,11.468,12.271,"AMD Ryzen 5 5600GT with Radeon Graphics","Null Device",False
2026-10-05T17:41:13.9871150Z,fog,fog-m1024-t2-v24-r3,fog.changed,cells,80000,1024,2,24,10,10,4,5,300,342.45,265.5,959.4,1159.14,1259,"AMD Ryzen 5 5600GT with Radeon Graphics","Null Device",False
2026-10-05T17:41:35.5196080Z,fog,fog-m1024-t2-v32-r3,fog.sources,sources,80000,1024,2,32,10,10,4,5,2,6145.5,6145.5,6987.45,7062.29,7081,"AMD Ryzen 5 5600GT with Radeon Graphics","Null Device",False
2026-10-05T17:41:35.5294810Z,fog,fog-m1024-t2-v32-r3,fog.sources.raw,sources,80000,1024,2,32,10,10,4,5,2,40092,40092,40114.5,40116.5,40117,"AMD Ryzen 5 5600GT with Radeon Graphics","Null Device",False
2026-10-05T17:41:35.5300170Z,fog,fog-m1024-t2-v32-r3,fog.sources.saved,share,80000,1024,2,32,10,10,4,5,2,0.847,0.847,0.868,0.87,0.87,"AMD Ryzen 5 5600GT with Radeon Graphics","Null Device",False
2026-10-05T17:41:35.5305060Z,fog,fog-m1024-t2-v32-r3,fog.team,ms,80000,1024,2,32,10,10,4,5,300,8.566,7.725,13.278,14.095,14.857,"AMD Ryzen 5 5600GT with Radeon Graphics","Null Device",False
2026-10-05T17:41:35.5314920Z,fog,fog-m1024-t2-v32-r3,fog.slice,ms,80000,1024,2,32,10,10,4,5,600,4.283,3.01,12.028,13.745,14.858,"AMD Ryzen 5 5600GT with Radeon Graphics","Null Device",False
2026-10-05T17:41:35.5321610Z,fog,fog-m1024-t2-v32-r3,fog.slice.busy,ms,80000,1024,2,32,10,10,4,5,300,8.567,7.726,13.28,14.096,14.858,"AMD Ryzen 5 5600GT with Radeon Graphics","Null Device",False
2026-10-05T17:41:35.5327500Z,fog,fog-m1024-t2-v32-r3,fog.changed,cells,80000,1024,2,32,10,10,4,5,300,413.653,279.5,1253.4,1477.02,1625,"AMD Ryzen 5 5600GT with Radeon Graphics","Null Device",False
2026-10-05T17:41:55.1875560Z,fog,fog-m1024-t2-bv20-r3,fog.sources,sources,80000,1024,2,8,20,10,4,5,2,6145.5,6145.5,6987.45,7062.29,7081,"AMD Ryzen 5 5600GT with Radeon Graphics","Null Device",False
2026-10-05T17:41:55.1969200Z,fog,fog-m1024-t2-bv20-r3,fog.sources.raw,sources,80000,1024,2,8,20,10,4,5,2,40092,40092,40114.5,40116.5,40117,"AMD Ryzen 5 5600GT with Radeon Graphics","Null Device",False
2026-10-05T17:41:55.1974050Z,fog,fog-m1024-t2-bv20-r3,fog.sources.saved,share,80000,1024,2,8,20,10,4,5,2,0.847,0.847,0.868,0.87,0.87,"AMD Ryzen 5 5600GT with Radeon Graphics","Null Device",False
2026-10-05T17:41:55.1978480Z,fog,fog-m1024-t2-bv20-r3,fog.team,ms,80000,1024,2,8,20,10,4,5,300,3.05,2.897,4.142,4.602,5.237,"AMD Ryzen 5 5600GT with Radeon Graphics","Null Device",False
2026-10-05T17:41:55.1985930Z,fog,fog-m1024-t2-bv20-r3,fog.slice,ms,80000,1024,2,8,20,10,4,5,600,1.526,1.078,3.934,4.547,5.238,"AMD Ryzen 5 5600GT with Radeon Graphics","Null Device",False
2026-10-05T17:41:55.1992360Z,fog,fog-m1024-t2-bv20-r3,fog.slice.busy,ms,80000,1024,2,8,20,10,4,5,300,3.052,2.899,4.143,4.603,5.238,"AMD Ryzen 5 5600GT with Radeon Graphics","Null Device",False
2026-10-05T17:41:55.1997760Z,fog,fog-m1024-t2-bv20-r3,fog.changed,cells,80000,1024,2,8,20,10,4,5,300,162.543,155.5,384.1,455.22,493,"AMD Ryzen 5 5600GT with Radeon Graphics","Null Device",False
